<harm>
	<context name="default">


		<prop exp="mult_sel_i" loc="a"/>
		<prop exp="div_sel_i" loc="a"/>


		<prop exp="valid_o_DU" loc="c, dt"/>


		<!--<template dtLimits="2D,2W,4A,0E,U" exp="G({..#1&..}|-> X(camallia_u::EncDec && X[23]camallia_u::Dvld))" /> 
		<template dtLimits="2D,2W,4A,0E,U" exp="G({..#1&..}|-> X(!camallia_u::EncDec && X[23]camallia_u::Dvld))" /> -->

		<template exp="G(!P0 ##1 P1 ##36 true |-> P2)" />
		<template exp="G(!P0 ##1 P1 |-> P2)" />

		<template check="1" exp="G(!div_sel_i ##1 div_sel_i ##36 true |-> valid_o_DU)" />
		<template check="1" exp="G(!mult_sel_i ##1 mult_sel_i |-> valid_o_DU)" />

		

		<!-- <sort name="ATCT-AFCT" exp="atct - afct"/>
		<sort name="ATCT-AFCT" exp="atct / (atct + afct)"/>-->
		<sort name="1/(1+afct)" exp="1 / (1 + afct)"/>
		<sort name="ATCT-AFCT" exp="atct - afct"/>
	</context>
</harm>



