<harm>
	<context name="default">

		<prop exp="rst_n" loc="a, dt"/>
		<prop exp="operand_a_i" loc="a, dt"/>
		<prop exp="operand_b_i" loc="a, dt"/>
		<numeric clustering="K,10Max,0.01WCSS,==" exp="operator_i" loc="a, dt"/>


		<prop exp="result_o" loc="c"/>
		<prop exp="comparison_result_o" loc="c"/>
		<prop exp="is_equal_result_o" loc="c"/>

		



		<!--<template dtLimits="2D,2W,4A,0E,U" exp="G({..#1&..}|-> X(camallia_u::EncDec && X[23]camallia_u::Dvld))" /> 
		<template dtLimits="2D,2W,4A,0E,U" exp="G({..#1&..}|-> X(!camallia_u::EncDec && X[23]camallia_u::Dvld))" /> -->

		<template exp="G(P2 |-> P3)" />
		<template exp="G(P4 |-> P5 && P6)" />
		<template exp="G(P7 && P8 |-> P9)" />
		<template exp="G(P10 && P11 && P12 |-> P13)" />
		<template dtLimits="3D,3W,4A,0E,U" exp="G(..&&.. |-> P1)" />
		<template dtLimits="3D,3W,4A,0E,U" exp="G(..#1&.. |-> P2)" />
		<template dtLimits="3A,-0.1E,U" exp="G({..##1..}|-> X(P0))" /> 

		 
		<sort name="1/(1+afct)" exp="1/(1+afct)"/>
		<sort name="ATCT-AFCT" exp="atct-afct"/>


	</context>
</harm>



