bool presetn,bool psel,bool penable,bool pwrite,int paddr,int pwdata,int prdata,bool pready,bool pslverr
0,0,0,0,0,0,0,0,0
0,0,0,0,0,0,0,0,0
1,0,0,0,0,0,0,0,0
1,1,0,1,0,0,0,0,0
1,1,1,1,0,0,0,0,0
1,1,1,1,0,0,0,1,0
1,0,0,1,0,0,0,1,0
1,1,0,0,0,0,0,0,0
1,1,1,0,0,0,0,0,0
1,1,1,0,0,0,0,1,0
1,0,0,0,0,0,0,1,0
1,1,0,1,0,255,0,0,0
1,1,1,1,0,255,0,0,0
1,1,1,1,0,255,0,1,0
1,0,0,1,0,255,0,1,0
1,1,0,0,0,255,0,0,0
1,1,1,0,0,255,0,0,0
1,1,1,0,0,255,255,1,0
1,0,0,0,0,255,255,1,0
1,1,0,1,1,1,255,0,0
1,1,1,1,1,1,255,0,0
1,1,1,1,1,1,255,1,0
1,0,0,1,1,1,255,1,0
1,1,0,0,1,1,255,0,0
1,1,1,0,1,1,255,0,0
1,1,1,0,1,1,1,1,0
1,0,0,0,1,1,1,1,0
1,1,0,1,2,170,1,0,0
1,1,1,1,2,170,1,0,0
1,1,1,1,2,170,1,1,0
1,0,0,1,2,170,1,1,0
1,1,0,0,2,170,1,0,0
1,1,1,0,2,170,1,0,0
1,1,1,0,2,170,170,1,0
1,0,0,0,2,170,170,1,0
1,1,0,1,3,85,170,0,0
1,1,1,1,3,85,170,0,0
1,1,1,1,3,85,170,0,0
1,1,1,1,3,85,170,0,0
1,1,1,1,3,85,170,1,0
1,0,0,1,3,85,170,0,0
1,1,0,0,3,85,170,0,0
1,1,1,0,3,85,170,0,0
1,1,1,0,3,85,170,0,0
1,1,1,0,3,85,170,0,0
1,1,1,0,3,85,85,1,0
1,0,0,0,3,85,85,0,0
1,0,0,0,0,0,85,0,0
1,0,0,0,0,0,85,0,0
1,1,0,1,4,7,85,0,0
1,1,1,1,4,7,85,0,0
1,1,1,1,4,7,85,1,1
1,0,0,1,4,7,85,1,1
1,1,0,0,5,0,85,0,0
1,1,1,0,5,0,85,0,0
1,1,1,0,5,0,85,1,1
1,0,0,0,5,0,85,1,1
1,1,0,1,7,200,85,0,0
1,1,1,1,7,200,85,0,0
1,1,1,1,7,200,85,1,1
1,0,0,1,7,200,85,1,1
1,0,0,0,0,0,85,0,0
1,1,0,1,1,11,85,0,0
1,1,1,1,1,11,85,0,0
1,1,1,1,1,11,85,1,0
1,0,0,1,1,11,85,1,0
1,1,0,1,2,22,85,0,0
1,1,1,1,2,22,85,0,0
1,1,1,1,2,22,85,1,0
1,0,0,1,2,22,85,1,0
1,1,0,0,1,11,85,0,0
1,1,1,0,1,11,85,0,0
1,1,1,0,1,11,11,1,0
1,0,0,0,1,11,11,1,0
1,1,0,0,2,22,11,0,0
1,1,1,0,2,22,11,0,0
1,1,1,0,2,22,22,1,0
1,0,0,0,2,22,22,1,0
1,0,0,0,0,0,22,0,0
1,0,0,0,0,0,22,0,0
1,0,0,0,0,0,22,0,0
1,1,0,1,3,186,22,0,0
1,1,1,1,3,186,22,0,0
1,1,1,1,3,186,22,0,0
1,1,1,1,3,186,22,0,0
1,1,1,1,3,186,22,1,0
1,0,0,1,3,186,22,0,0
1,1,0,1,0,201,22,0,0
1,1,1,1,0,201,22,0,0
1,1,1,1,0,201,22,1,0
1,0,0,1,0,201,22,1,0
1,1,0,1,3,178,22,0,0
1,1,1,1,3,178,22,0,0
1,1,1,1,3,178,22,0,0
1,1,1,1,3,178,22,0,0
1,1,1,1,3,178,22,1,0
1,0,0,1,3,178,22,0,0
1,1,0,1,0,164,22,0,0
1,1,1,1,0,164,22,0,0
1,1,1,1,0,164,22,1,0
1,0,0,1,0,164,22,1,0
1,0,0,0,0,0,22,0,0
1,0,0,0,0,0,22,0,0
1,0,0,0,0,0,22,0,0
1,1,0,0,0,164,22,0,0
1,1,1,0,0,164,22,0,0
1,1,1,0,0,164,164,1,0
1,0,0,0,0,164,164,1,0
1,1,0,0,3,178,164,0,0
1,1,1,0,3,178,164,0,0
1,1,1,0,3,178,164,0,0
1,1,1,0,3,178,164,0,0
1,1,1,0,3,178,178,1,0
1,0,0,0,3,178,178,0,0
1,1,0,1,3,156,178,0,0
1,1,1,1,3,156,178,0,0
1,1,1,1,3,156,178,0,0
1,1,1,1,3,156,178,0,0
1,1,1,1,3,156,178,1,0
1,0,0,1,3,156,178,0,0
1,0,0,0,0,0,178,0,0
1,0,0,0,0,0,178,0,0
1,0,0,0,0,0,178,0,0
0,0,0,0,0,0,178,0,0
0,0,0,0,0,0,0,0,0
1,0,0,0,0,0,0,0,0
1,0,0,0,0,0,0,0,0
1,0,0,0,0,0,0,0,0
1,0,0,0,0,0,0,0,0
1,0,0,0,0,0,0,0,0
1,1,0,1,3,195,0,0,0
1,1,1,1,3,195,0,0,0
1,1,1,1,3,195,0,0,0
1,1,1,1,3,195,0,0,0
1,1,1,1,3,195,0,1,0
1,0,0,1,3,195,0,0,0
1,1,0,1,0,231,0,0,0
1,1,1,1,0,231,0,0,0
1,1,1,1,0,231,0,1,0
1,0,0,1,0,231,0,1,0
1,1,0,0,1,0,0,0,0
1,1,1,0,1,0,0,0,0
1,1,1,0,1,0,0,1,0
1,0,0,0,1,0,0,1,0
1,0,0,0,0,0,0,0,0
1,0,0,0,0,0,0,0,0
1,0,0,0,0,0,0,0,0
1,0,0,0,0,0,0,0,0
1,0,0,0,0,0,0,0,0
1,1,0,1,3,153,0,0,0
1,1,1,1,3,153,0,0,0
1,1,1,1,3,153,0,0,0
1,1,1,1,3,153,0,0,0
1,1,1,1,3,153,0,1,0
1,0,0,1,3,153,0,0,0
1,1,0,0,3,153,0,0,0
1,1,1,0,3,153,0,0,0
1,1,1,0,3,153,0,0,0
1,1,1,0,3,153,0,0,0
1,1,1,0,3,153,153,1,0
1,0,0,0,3,153,153,0,0
0,0,0,0,0,0,153,0,0
0,0,0,0,0,0,0,0,0
1,0,0,0,0,0,0,0,0
1,0,0,0,0,0,0,0,0
1,0,0,0,0,0,0,0,0
1,0,0,0,0,0,0,0,0
1,0,0,0,0,0,0,0,0
0,0,0,0,0,0,0,0,0
1,0,0,0,0,0,0,0,0
1,0,0,0,0,0,0,0,0
1,0,0,0,0,0,0,0,0
1,0,0,0,0,0,0,0,0
1,0,0,0,0,0,0,0,0
1,0,0,0,0,0,0,0,0
0,0,0,0,0,0,0,0,0
1,0,0,0,0,0,0,0,0
1,0,0,0,0,0,0,0,0
1,0,0,0,0,0,0,0,0
1,0,0,0,0,0,0,0,0
1,0,0,0,0,0,0,0,0
1,0,0,0,0,0,0,0,0
1,1,0,0,3,0,0,0,0
1,1,1,0,3,0,0,0,0
1,1,1,0,3,0,0,0,0
1,1,1,0,3,0,0,0,0
1,1,1,0,3,0,0,1,0
1,0,0,0,3,0,0,0,0
1,0,0,0,0,0,0,0,0
1,0,0,0,0,0,0,0,0
1,0,0,0,0,0,0,0,0
1,0,0,0,0,0,0,0,0
1,0,0,0,0,0,0,0,0
1,1,0,1,3,167,0,0,0
1,1,1,1,3,167,0,0,0
1,1,1,1,3,167,0,0,0
1,1,1,1,3,167,0,0,0
1,1,1,1,3,167,0,1,0
1,0,0,1,3,167,0,0,0
1,1,0,1,3,110,0,0,0
1,1,1,1,3,110,0,0,0
1,1,1,1,3,110,0,0,0
1,1,1,1,3,110,0,0,0
1,1,1,1,3,110,0,1,0
1,0,0,1,3,110,0,0,0
1,0,0,0,0,0,0,0,0
1,0,0,0,0,0,0,0,0
1,0,0,0,0,0,0,0,0
0,0,0,0,0,0,0,0,0
1,0,0,0,0,0,0,0,0
1,0,0,0,0,0,0,0,0
1,0,0,0,0,0,0,0,0
1,1,0,1,3,45,0,0,0
1,1,1,1,3,45,0,0,0
1,1,1,1,3,45,0,0,0
1,1,1,1,3,45,0,0,0
1,1,1,1,3,45,0,1,0
1,0,0,1,3,45,0,0,0
1,1,0,1,3,52,0,0,0
1,1,1,1,3,52,0,0,0
1,1,1,1,3,52,0,0,0
1,1,1,1,3,52,0,0,0
1,1,1,1,3,52,0,1,0
1,0,0,1,3,52,0,0,0
1,0,0,0,0,0,0,0,0
1,0,0,0,0,0,0,0,0
1,0,0,0,0,0,0,0,0
1,0,0,0,0,0,0,0,0
1,1,0,0,0,0,0,0,0
1,1,1,0,0,0,0,0,0
1,1,1,0,0,0,0,1,0
1,0,0,0,0,0,0,1,0
1,1,0,1,3,63,0,0,0
1,1,1,1,3,63,0,0,0
1,1,1,1,3,63,0,0,0
1,1,1,1,3,63,0,0,0
1,1,1,1,3,63,0,1,0
1,0,0,1,3,63,0,0,0
1,1,0,1,3,235,0,0,0
1,1,1,1,3,235,0,0,0
1,1,1,1,3,235,0,0,0
1,1,1,1,3,235,0,0,0
1,1,1,1,3,235,0,1,0
1,0,0,1,3,235,0,0,0
0,0,0,0,0,0,0,0,0
0,0,0,0,0,0,0,0,0
1,0,0,0,0,0,0,0,0
1,0,0,0,0,0,0,0,0
1,0,0,0,0,0,0,0,0
1,1,0,0,1,0,0,0,0
1,1,1,0,1,0,0,0,0
1,1,1,0,1,0,0,1,0
1,0,0,0,1,0,0,1,0
1,1,0,0,1,0,0,0,0
1,1,1,0,1,0,0,0,0
1,1,1,0,1,0,0,1,0
1,0,0,0,1,0,0,1,0
1,1,0,0,3,0,0,0,0
1,1,1,0,3,0,0,0,0
1,1,1,0,3,0,0,0,0
1,1,1,0,3,0,0,0,0
1,1,1,0,3,0,0,1,0
1,0,0,0,3,0,0,0,0
1,1,0,1,3,15,0,0,0
1,1,1,1,3,15,0,0,0
1,1,1,1,3,15,0,0,0
1,1,1,1,3,15,0,0,0
1,1,1,1,3,15,0,1,0
1,0,0,1,3,15,0,0,0
1,1,0,0,3,15,0,0,0
1,1,1,0,3,15,0,0,0
1,1,1,0,3,15,0,0,0
1,1,1,0,3,15,0,0,0
1,1,1,0,3,15,15,1,0
1,0,0,0,3,15,15,0,0
1,0,0,0,0,0,15,0,0
1,0,0,0,0,0,15,0,0
1,0,0,0,0,0,15,0,0
1,0,0,0,0,0,15,0,0
1,1,0,0,7,45,15,0,0
1,1,1,0,7,45,15,0,0
1,1,1,0,7,45,15,1,1
1,0,0,0,7,45,15,1,1
1,1,0,1,2,152,15,0,0
1,1,1,1,2,152,15,0,0
1,1,1,1,2,152,15,1,0
1,0,0,1,2,152,15,1,0
1,0,0,0,0,0,15,0,0
1,0,0,0,0,0,15,0,0
1,0,0,0,0,0,15,0,0
1,1,0,1,3,13,15,0,0
1,1,1,1,3,13,15,0,0
1,1,1,1,3,13,15,0,0
1,1,1,1,3,13,15,0,0
1,1,1,1,3,13,15,1,0
1,0,0,1,3,13,15,0,0
1,0,0,0,0,0,15,0,0
1,0,0,0,0,0,15,0,0
1,1,0,1,2,240,15,0,0
1,1,1,1,2,240,15,0,0
1,1,1,1,2,240,15,1,0
1,0,0,1,2,240,15,1,0
1,1,0,1,3,5,15,0,0
1,1,1,1,3,5,15,0,0
1,1,1,1,3,5,15,0,0
1,1,1,1,3,5,15,0,0
1,1,1,1,3,5,15,1,0
1,0,0,1,3,5,15,0,0
1,1,0,0,3,5,15,0,0
1,1,1,0,3,5,15,0,0
1,1,1,0,3,5,15,0,0
1,1,1,0,3,5,15,0,0
1,1,1,0,3,5,5,1,0
1,0,0,0,3,5,5,0,0
1,1,0,0,3,5,5,0,0
1,1,1,0,3,5,5,0,0
1,1,1,0,3,5,5,0,0
1,1,1,0,3,5,5,0,0
1,1,1,0,3,5,5,1,0
1,0,0,0,3,5,5,0,0
1,0,0,0,0,0,5,0,0
1,0,0,0,0,0,5,0,0
1,0,0,0,0,0,5,0,0
1,0,0,0,0,0,5,0,0
1,1,0,1,0,183,5,0,0
1,1,1,1,0,183,5,0,0
1,1,1,1,0,183,5,1,0
1,0,0,1,0,183,5,1,0
1,0,0,0,0,0,5,0,0
1,0,0,0,0,0,5,0,0
1,0,0,0,0,0,5,0,0
1,1,0,1,3,85,5,0,0
1,1,1,1,3,85,5,0,0
1,1,1,1,3,85,5,0,0
1,1,1,1,3,85,5,0,0
1,1,1,1,3,85,5,1,0
1,0,0,1,3,85,5,0,0
1,1,0,0,0,183,5,0,0
1,1,1,0,0,183,5,0,0
1,1,1,0,0,183,183,1,0
1,0,0,0,0,183,183,1,0
1,1,0,0,2,240,183,0,0
1,1,1,0,2,240,183,0,0
1,1,1,0,2,240,240,1,0
1,0,0,0,2,240,240,1,0
1,1,0,1,1,61,240,0,0
1,1,1,1,1,61,240,0,0
1,1,1,1,1,61,240,1,0
1,0,0,1,1,61,240,1,0
1,1,0,0,2,240,240,0,0
1,1,1,0,2,240,240,0,0
1,1,1,0,2,240,240,1,0
1,0,0,0,2,240,240,1,0
1,1,0,1,3,11,240,0,0
1,1,1,1,3,11,240,0,0
1,1,1,1,3,11,240,0,0
1,1,1,1,3,11,240,0,0
1,1,1,1,3,11,240,1,0
1,0,0,1,3,11,240,0,0
1,0,0,0,0,0,240,0,0
1,0,0,0,0,0,240,0,0
1,0,0,0,0,0,240,0,0
1,0,0,0,0,0,240,0,0
1,1,0,1,2,190,240,0,0
1,1,1,1,2,190,240,0,0
1,1,1,1,2,190,240,1,0
1,0,0,1,2,190,240,1,0
1,0,0,0,0,0,240,0,0
1,1,0,1,3,169,240,0,0
1,1,1,1,3,169,240,0,0
1,1,1,1,3,169,240,0,0
1,1,1,1,3,169,240,0,0
1,1,1,1,3,169,240,1,0
1,0,0,1,3,169,240,0,0
1,0,0,0,0,0,240,0,0
1,0,0,0,0,0,240,0,0
1,0,0,0,0,0,240,0,0
1,0,0,0,0,0,240,0,0
1,1,0,0,3,169,240,0,0
1,1,1,0,3,169,240,0,0
1,1,1,0,3,169,240,0,0
1,1,1,0,3,169,240,0,0
1,1,1,0,3,169,169,1,0
1,0,0,0,3,169,169,0,0
1,1,0,1,3,47,169,0,0
1,1,1,1,3,47,169,0,0
1,1,1,1,3,47,169,0,0
1,1,1,1,3,47,169,0,0
1,1,1,1,3,47,169,1,0
1,0,0,1,3,47,169,0,0
1,0,0,0,0,0,169,0,0
1,1,0,1,3,167,169,0,0
1,1,1,1,3,167,169,0,0
1,1,1,1,3,167,169,0,0
1,1,1,1,3,167,169,0,0
1,1,1,1,3,167,169,1,0
1,0,0,1,3,167,169,0,0
1,0,0,0,0,0,169,0,0
1,0,0,0,0,0,169,0,0
1,0,0,0,0,0,169,0,0
1,0,0,0,0,0,169,0,0
1,1,0,1,3,148,169,0,0
1,1,1,1,3,148,169,0,0
1,1,1,1,3,148,169,0,0
1,1,1,1,3,148,169,0,0
1,1,1,1,3,148,169,1,0
1,0,0,1,3,148,169,0,0
1,0,0,0,0,0,169,0,0
1,0,0,0,0,0,169,0,0
1,0,0,0,0,0,169,0,0
1,0,0,0,0,0,169,0,0
1,0,0,0,0,0,169,0,0
1,0,0,0,0,0,169,0,0
1,1,0,0,0,183,169,0,0
1,1,1,0,0,183,169,0,0
1,1,1,0,0,183,183,1,0
1,0,0,0,0,183,183,1,0
1,1,0,1,0,46,183,0,0
1,1,1,1,0,46,183,0,0
1,1,1,1,0,46,183,1,0
1,0,0,1,0,46,183,1,0
1,1,0,0,1,61,183,0,0
1,1,1,0,1,61,183,0,0
1,1,1,0,1,61,61,1,0
1,0,0,0,1,61,61,1,0
1,0,0,0,0,0,61,0,0
1,0,0,0,0,0,61,0,0
1,0,0,0,0,0,61,0,0
1,0,0,0,0,0,61,0,0
1,0,0,0,0,0,61,0,0
1,0,0,0,0,0,61,0,0
1,1,0,0,3,148,61,0,0
1,1,1,0,3,148,61,0,0
1,1,1,0,3,148,61,0,0
1,1,1,0,3,148,61,0,0
1,1,1,0,3,148,148,1,0
1,0,0,0,3,148,148,0,0
1,1,0,0,3,148,148,0,0
1,1,1,0,3,148,148,0,0
1,1,1,0,3,148,148,0,0
1,1,1,0,3,148,148,0,0
1,1,1,0,3,148,148,1,0
1,0,0,0,3,148,148,0,0
1,1,0,1,2,171,148,0,0
1,1,1,1,2,171,148,0,0
1,1,1,1,2,171,148,1,0
1,0,0,1,2,171,148,1,0
1,1,0,0,0,46,148,0,0
1,1,1,0,0,46,148,0,0
1,1,1,0,0,46,46,1,0
1,0,0,0,0,46,46,1,0
1,1,0,1,3,248,46,0,0
1,1,1,1,3,248,46,0,0
1,1,1,1,3,248,46,0,0
1,1,1,1,3,248,46,0,0
1,1,1,1,3,248,46,1,0
1,0,0,1,3,248,46,0,0
1,1,0,1,0,236,46,0,0
1,1,1,1,0,236,46,0,0
1,1,1,1,0,236,46,1,0
1,0,0,1,0,236,46,1,0
1,0,0,0,0,0,46,0,0
1,1,0,1,3,29,46,0,0
1,1,1,1,3,29,46,0,0
1,1,1,1,3,29,46,0,0
1,1,1,1,3,29,46,0,0
1,1,1,1,3,29,46,1,0
1,0,0,1,3,29,46,0,0
1,1,0,1,1,133,46,0,0
1,1,1,1,1,133,46,0,0
1,1,1,1,1,133,46,1,0
1,0,0,1,1,133,46,1,0
1,1,0,1,3,133,46,0,0
1,1,1,1,3,133,46,0,0
1,1,1,1,3,133,46,0,0
1,1,1,1,3,133,46,0,0
1,1,1,1,3,133,46,1,0
1,0,0,1,3,133,46,0,0
1,1,0,0,1,133,46,0,0
1,1,1,0,1,133,46,0,0
1,1,1,0,1,133,133,1,0
1,0,0,0,1,133,133,1,0
1,0,0,0,0,0,133,0,0
1,0,0,0,0,0,133,0,0
1,0,0,0,0,0,133,0,0
1,0,0,0,0,0,133,0,0
1,1,0,1,3,20,133,0,0
1,1,1,1,3,20,133,0,0
1,1,1,1,3,20,133,0,0
1,1,1,1,3,20,133,0,0
1,1,1,1,3,20,133,1,0
1,0,0,1,3,20,133,0,0
1,1,0,0,0,236,133,0,0
1,1,1,0,0,236,133,0,0
1,1,1,0,0,236,236,1,0
1,0,0,0,0,236,236,1,0
1,1,0,1,1,199,236,0,0
1,1,1,1,1,199,236,0,0
1,1,1,1,1,199,236,1,0
1,0,0,1,1,199,236,1,0
1,1,0,1,3,194,236,0,0
1,1,1,1,3,194,236,0,0
1,1,1,1,3,194,236,0,0
1,1,1,1,3,194,236,0,0
1,1,1,1,3,194,236,1,0
1,0,0,1,3,194,236,0,0
1,0,0,0,0,0,236,0,0
1,0,0,0,0,0,236,0,0
1,1,0,0,2,171,236,0,0
1,1,1,0,2,171,236,0,0
1,1,1,0,2,171,171,1,0
1,0,0,0,2,171,171,1,0
1,0,0,0,0,0,171,0,0
1,0,0,0,0,0,171,0,0
1,0,0,0,0,0,171,0,0
1,0,0,0,0,0,171,0,0
1,0,0,0,0,0,171,0,0
1,0,0,0,0,0,171,0,0
1,0,0,0,0,0,171,0,0
1,1,0,1,2,134,171,0,0
1,1,1,1,2,134,171,0,0
1,1,1,1,2,134,171,1,0
1,0,0,1,2,134,171,1,0
1,0,0,0,0,0,171,0,0
1,0,0,0,0,0,171,0,0
1,1,0,0,0,236,171,0,0
1,1,1,0,0,236,171,0,0
1,1,1,0,0,236,236,1,0
1,0,0,0,0,236,236,1,0
1,1,0,0,0,236,236,0,0
1,1,1,0,0,236,236,0,0
1,1,1,0,0,236,236,1,0
1,0,0,0,0,236,236,1,0
1,0,0,0,0,0,236,0,0
1,0,0,0,0,0,236,0,0
1,0,0,0,0,0,236,0,0
1,0,0,0,0,0,236,0,0
1,0,0,0,0,0,236,0,0
1,0,0,0,0,0,236,0,0
1,0,0,0,0,0,236,0,0
1,1,0,0,2,134,236,0,0
1,1,1,0,2,134,236,0,0
1,1,1,0,2,134,134,1,0
1,0,0,0,2,134,134,1,0
1,1,0,1,3,82,134,0,0
1,1,1,1,3,82,134,0,0
1,1,1,1,3,82,134,0,0
1,1,1,1,3,82,134,0,0
1,1,1,1,3,82,134,1,0
1,0,0,1,3,82,134,0,0
1,0,0,0,0,0,134,0,0
1,0,0,0,0,0,134,0,0
1,0,0,0,0,0,134,0,0
1,1,0,1,3,222,134,0,0
1,1,1,1,3,222,134,0,0
1,1,1,1,3,222,134,0,0
1,1,1,1,3,222,134,0,0
1,1,1,1,3,222,134,1,0
1,0,0,1,3,222,134,0,0
1,1,0,0,3,222,134,0,0
1,1,1,0,3,222,134,0,0
1,1,1,0,3,222,134,0,0
1,1,1,0,3,222,134,0,0
1,1,1,0,3,222,222,1,0
1,0,0,0,3,222,222,0,0
1,0,0,0,0,0,222,0,0
1,0,0,0,0,0,222,0,0
1,0,0,0,0,0,222,0,0
1,0,0,0,0,0,222,0,0
1,1,0,1,3,246,222,0,0
1,1,1,1,3,246,222,0,0
1,1,1,1,3,246,222,0,0
1,1,1,1,3,246,222,0,0
1,1,1,1,3,246,222,1,0
1,0,0,1,3,246,222,0,0
0,0,0,0,0,0,222,0,0
0,0,0,0,0,0,0,0,0
1,0,0,0,0,0,0,0,0
1,0,0,0,0,0,0,0,0
1,1,0,1,0,165,0,0,0
1,1,1,1,0,165,0,0,0
1,1,1,1,0,165,0,1,0
1,0,0,1,0,165,0,1,0
1,1,0,1,3,194,0,0,0
1,1,1,1,3,194,0,0,0
1,1,1,1,3,194,0,0,0
1,1,1,1,3,194,0,0,0
1,1,1,1,3,194,0,1,0
1,0,0,1,3,194,0,0,0
1,1,0,0,2,0,0,0,0
1,1,1,0,2,0,0,0,0
1,1,1,0,2,0,0,1,0
1,0,0,0,2,0,0,1,0
1,1,0,1,3,54,0,0,0
1,1,1,1,3,54,0,0,0
1,1,1,1,3,54,0,0,0
1,1,1,1,3,54,0,0,0
1,1,1,1,3,54,0,1,0
1,0,0,1,3,54,0,0,0
1,1,0,1,0,187,0,0,0
1,1,1,1,0,187,0,0,0
1,1,1,1,0,187,0,1,0
1,0,0,1,0,187,0,1,0
1,1,0,0,2,0,0,0,0
1,1,1,0,2,0,0,0,0
1,1,1,0,2,0,0,1,0
1,0,0,0,2,0,0,1,0
1,1,0,1,1,36,0,0,0
1,1,1,1,1,36,0,0,0
1,1,1,1,1,36,0,1,0
1,0,0,1,1,36,0,1,0
1,0,0,0,0,0,0,0,0
1,1,0,1,3,229,0,0,0
1,1,1,1,3,229,0,0,0
1,1,1,1,3,229,0,0,0
1,1,1,1,3,229,0,0,0
1,1,1,1,3,229,0,1,0
1,0,0,1,3,229,0,0,0
1,1,0,1,1,182,0,0,0
1,1,1,1,1,182,0,0,0
1,1,1,1,1,182,0,1,0
1,0,0,1,1,182,0,1,0
1,0,0,0,0,0,0,0,0
1,0,0,0,0,0,0,0,0
1,0,0,0,0,0,0,0,0
1,0,0,0,0,0,0,0,0
1,0,0,0,0,0,0,0,0
1,1,0,1,0,175,0,0,0
1,1,1,1,0,175,0,0,0
1,1,1,1,0,175,0,1,0
1,0,0,1,0,175,0,1,0
1,0,0,0,0,0,0,0,0
1,0,0,0,0,0,0,0,0
1,0,0,0,0,0,0,0,0
1,0,0,0,0,0,0,0,0
1,1,0,1,3,77,0,0,0
1,1,1,1,3,77,0,0,0
1,1,1,1,3,77,0,0,0
1,1,1,1,3,77,0,0,0
1,1,1,1,3,77,0,1,0
1,0,0,1,3,77,0,0,0
0,0,0,0,0,0,0,0,0
0,0,0,0,0,0,0,0,0
1,0,0,0,0,0,0,0,0
1,0,0,0,0,0,0,0,0
1,0,0,0,0,0,0,0,0
1,0,0,0,0,0,0,0,0
1,1,0,0,3,0,0,0,0
1,1,1,0,3,0,0,0,0
1,1,1,0,3,0,0,0,0
1,1,1,0,3,0,0,0,0
1,1,1,0,3,0,0,1,0
1,0,0,0,3,0,0,0,0
1,1,0,1,3,78,0,0,0
1,1,1,1,3,78,0,0,0
1,1,1,1,3,78,0,0,0
1,1,1,1,3,78,0,0,0
1,1,1,1,3,78,0,1,0
1,0,0,1,3,78,0,0,0
1,0,0,0,0,0,0,0,0
1,0,0,0,0,0,0,0,0
1,0,0,0,0,0,0,0,0
1,1,0,1,3,246,0,0,0
1,1,1,1,3,246,0,0,0
1,1,1,1,3,246,0,0,0
1,1,1,1,3,246,0,0,0
1,1,1,1,3,246,0,1,0
1,0,0,1,3,246,0,0,0
1,0,0,0,0,0,0,0,0
1,0,0,0,0,0,0,0,0
1,0,0,0,0,0,0,0,0
1,0,0,0,0,0,0,0,0
1,0,0,0,0,0,0,0,0
1,0,0,0,0,0,0,0,0
1,0,0,0,0,0,0,0,0
1,1,0,1,3,151,0,0,0
1,1,1,1,3,151,0,0,0
1,1,1,1,3,151,0,0,0
1,1,1,1,3,151,0,0,0
1,1,1,1,3,151,0,1,0
1,0,0,1,3,151,0,0,0
1,1,0,0,3,151,0,0,0
1,1,1,0,3,151,0,0,0
1,1,1,0,3,151,0,0,0
1,1,1,0,3,151,0,0,0
1,1,1,0,3,151,151,1,0
1,0,0,0,3,151,151,0,0
1,0,0,0,0,0,151,0,0
1,0,0,0,0,0,151,0,0
1,0,0,0,0,0,151,0,0
1,1,0,1,1,19,151,0,0
1,1,1,1,1,19,151,0,0
1,1,1,1,1,19,151,1,0
1,0,0,1,1,19,151,1,0
1,1,0,1,3,228,151,0,0
1,1,1,1,3,228,151,0,0
1,1,1,1,3,228,151,0,0
1,1,1,1,3,228,151,0,0
1,1,1,1,3,228,151,1,0
1,0,0,1,3,228,151,0,0
1,1,0,1,0,69,151,0,0
1,1,1,1,0,69,151,0,0
1,1,1,1,0,69,151,1,0
1,0,0,1,0,69,151,1,0
1,1,0,1,0,100,151,0,0
1,1,1,1,0,100,151,0,0
1,1,1,1,0,100,151,1,0
1,0,0,1,0,100,151,1,0
1,1,0,1,2,186,151,0,0
1,1,1,1,2,186,151,0,0
1,1,1,1,2,186,151,1,0
1,0,0,1,2,186,151,1,0
1,1,0,1,3,141,151,0,0
1,1,1,1,3,141,151,0,0
1,1,1,1,3,141,151,0,0
1,1,1,1,3,141,151,0,0
1,1,1,1,3,141,151,1,0
1,0,0,1,3,141,151,0,0
1,1,0,0,3,141,151,0,0
1,1,1,0,3,141,151,0,0
1,1,1,0,3,141,151,0,0
1,1,1,0,3,141,151,0,0
1,1,1,0,3,141,141,1,0
1,0,0,0,3,141,141,0,0
1,0,0,0,0,0,141,0,0
1,0,0,0,0,0,141,0,0
1,1,0,0,3,141,141,0,0
1,1,1,0,3,141,141,0,0
1,1,1,0,3,141,141,0,0
1,1,1,0,3,141,141,0,0
1,1,1,0,3,141,141,1,0
1,0,0,0,3,141,141,0,0
1,1,0,1,0,226,141,0,0
1,1,1,1,0,226,141,0,0
1,1,1,1,0,226,141,1,0
1,0,0,1,0,226,141,1,0
1,1,0,1,3,75,141,0,0
1,1,1,1,3,75,141,0,0
1,1,1,1,3,75,141,0,0
1,1,1,1,3,75,141,0,0
1,1,1,1,3,75,141,1,0
1,0,0,1,3,75,141,0,0
1,1,0,0,1,19,141,0,0
1,1,1,0,1,19,141,0,0
1,1,1,0,1,19,19,1,0
1,0,0,0,1,19,19,1,0
1,1,0,0,3,75,19,0,0
1,1,1,0,3,75,19,0,0
1,1,1,0,3,75,19,0,0
1,1,1,0,3,75,19,0,0
1,1,1,0,3,75,75,1,0
1,0,0,0,3,75,75,0,0
1,1,0,0,3,75,75,0,0
1,1,1,0,3,75,75,0,0
1,1,1,0,3,75,75,0,0
1,1,1,0,3,75,75,0,0
1,1,1,0,3,75,75,1,0
1,0,0,0,3,75,75,0,0
1,1,0,0,6,51,75,0,0
1,1,1,0,6,51,75,0,0
1,1,1,0,6,51,75,1,1
1,0,0,0,6,51,75,1,1
1,0,0,0,0,0,75,0,0
1,0,0,0,0,0,75,0,0
1,0,0,0,0,0,75,0,0
1,0,0,0,0,0,75,0,0
1,1,0,0,0,226,75,0,0
1,1,1,0,0,226,75,0,0
1,1,1,0,0,226,226,1,0
1,0,0,0,0,226,226,1,0
1,1,0,1,3,103,226,0,0
1,1,1,1,3,103,226,0,0
1,1,1,1,3,103,226,0,0
1,1,1,1,3,103,226,0,0
1,1,1,1,3,103,226,1,0
1,0,0,1,3,103,226,0,0
1,1,0,0,3,103,226,0,0
1,1,1,0,3,103,226,0,0
1,1,1,0,3,103,226,0,0
1,1,1,0,3,103,226,0,0
1,1,1,0,3,103,103,1,0
1,0,0,0,3,103,103,0,0
1,1,0,0,3,103,103,0,0
1,1,1,0,3,103,103,0,0
1,1,1,0,3,103,103,0,0
1,1,1,0,3,103,103,0,0
1,1,1,0,3,103,103,1,0
1,0,0,0,3,103,103,0,0
1,0,0,0,0,0,103,0,0
1,1,0,0,3,103,103,0,0
1,1,1,0,3,103,103,0,0
1,1,1,0,3,103,103,0,0
1,1,1,0,3,103,103,0,0
1,1,1,0,3,103,103,1,0
1,0,0,0,3,103,103,0,0
1,0,0,0,0,0,103,0,0
1,0,0,0,0,0,103,0,0
1,0,0,0,0,0,103,0,0
1,0,0,0,0,0,103,0,0
1,0,0,0,0,0,103,0,0
1,0,0,0,0,0,103,0,0
1,0,0,0,0,0,103,0,0
1,1,0,0,3,103,103,0,0
1,1,1,0,3,103,103,0,0
1,1,1,0,3,103,103,0,0
1,1,1,0,3,103,103,0,0
1,1,1,0,3,103,103,1,0
1,0,0,0,3,103,103,0,0
1,1,0,1,2,252,103,0,0
1,1,1,1,2,252,103,0,0
1,1,1,1,2,252,103,1,0
1,0,0,1,2,252,103,1,0
1,1,0,0,3,103,103,0,0
1,1,1,0,3,103,103,0,0
1,1,1,0,3,103,103,0,0
1,1,1,0,3,103,103,0,0
1,1,1,0,3,103,103,1,0
1,0,0,0,3,103,103,0,0
1,1,0,1,3,128,103,0,0
1,1,1,1,3,128,103,0,0
1,1,1,1,3,128,103,0,0
1,1,1,1,3,128,103,0,0
1,1,1,1,3,128,103,1,0
1,0,0,1,3,128,103,0,0
1,1,0,1,0,206,103,0,0
1,1,1,1,0,206,103,0,0
1,1,1,1,0,206,103,1,0
1,0,0,1,0,206,103,1,0
1,1,0,0,3,128,103,0,0
1,1,1,0,3,128,103,0,0
1,1,1,0,3,128,103,0,0
1,1,1,0,3,128,103,0,0
1,1,1,0,3,128,128,1,0
1,0,0,0,3,128,128,0,0
1,0,0,0,0,0,128,0,0
1,0,0,0,0,0,128,0,0
1,1,0,1,0,185,128,0,0
1,1,1,1,0,185,128,0,0
1,1,1,1,0,185,128,1,0
1,0,0,1,0,185,128,1,0
1,0,0,0,0,0,128,0,0
1,0,0,0,0,0,128,0,0
1,0,0,0,0,0,128,0,0
1,0,0,0,0,0,128,0,0
1,1,0,1,0,134,128,0,0
1,1,1,1,0,134,128,0,0
1,1,1,1,0,134,128,1,0
1,0,0,1,0,134,128,1,0
1,0,0,0,0,0,128,0,0
1,0,0,0,0,0,128,0,0
1,0,0,0,0,0,128,0,0
1,1,0,1,1,36,128,0,0
1,1,1,1,1,36,128,0,0
1,1,1,1,1,36,128,1,0
1,0,0,1,1,36,128,1,0
1,1,0,1,0,174,128,0,0
1,1,1,1,0,174,128,0,0
1,1,1,1,0,174,128,1,0
1,0,0,1,0,174,128,1,0
1,1,0,1,0,91,128,0,0
1,1,1,1,0,91,128,0,0
1,1,1,1,0,91,128,1,0
1,0,0,1,0,91,128,1,0
1,0,0,0,0,0,128,0,0
1,0,0,0,0,0,128,0,0
1,0,0,0,0,0,128,0,0
1,0,0,0,0,0,128,0,0
1,1,0,1,3,218,128,0,0
1,1,1,1,3,218,128,0,0
1,1,1,1,3,218,128,0,0
1,1,1,1,3,218,128,0,0
1,1,1,1,3,218,128,1,0
1,0,0,1,3,218,128,0,0
1,0,0,0,0,0,128,0,0
1,0,0,0,0,0,128,0,0
1,0,0,0,0,0,128,0,0
1,0,0,0,0,0,128,0,0
1,0,0,0,0,0,128,0,0
1,0,0,0,0,0,128,0,0
1,0,0,0,0,0,128,0,0
1,0,0,0,0,0,128,0,0
1,1,0,1,3,241,128,0,0
1,1,1,1,3,241,128,0,0
1,1,1,1,3,241,128,0,0
1,1,1,1,3,241,128,0,0
1,1,1,1,3,241,128,1,0
1,0,0,1,3,241,128,0,0
1,1,0,1,3,120,128,0,0
1,1,1,1,3,120,128,0,0
1,1,1,1,3,120,128,0,0
1,1,1,1,3,120,128,0,0
1,1,1,1,3,120,128,1,0
1,0,0,1,3,120,128,0,0
1,0,0,0,0,0,128,0,0
1,0,0,0,0,0,128,0,0
0,0,0,0,0,0,128,0,0
0,0,0,0,0,0,0,0,0
1,0,0,0,0,0,0,0,0
1,0,0,0,0,0,0,0,0
1,1,0,1,0,191,0,0,0
1,1,1,1,0,191,0,0,0
1,1,1,1,0,191,0,1,0
1,0,0,1,0,191,0,1,0
0,0,0,0,0,0,0,0,0
1,0,0,0,0,0,0,0,0
1,0,0,0,0,0,0,0,0
1,0,0,0,0,0,0,0,0
1,1,0,1,1,64,0,0,0
1,1,1,1,1,64,0,0,0
1,1,1,1,1,64,0,1,0
1,0,0,1,1,64,0,1,0
1,1,0,1,2,133,0,0,0
1,1,1,1,2,133,0,0,0
1,1,1,1,2,133,0,1,0
1,0,0,1,2,133,0,1,0
1,1,0,0,0,0,0,0,0
1,1,1,0,0,0,0,0,0
1,1,1,0,0,0,0,1,0
1,0,0,0,0,0,0,1,0
1,1,0,1,6,80,0,0,0
1,1,1,1,6,80,0,0,0
1,1,1,1,6,80,0,1,1
1,0,0,1,6,80,0,1,1
1,0,0,0,0,0,0,0,0
1,0,0,0,0,0,0,0,0
1,0,0,0,0,0,0,0,0
1,0,0,0,0,0,0,0,0
1,0,0,0,0,0,0,0,0
1,0,0,0,0,0,0,0,0
1,1,0,0,3,0,0,0,0
1,1,1,0,3,0,0,0,0
1,1,1,0,3,0,0,0,0
1,1,1,0,3,0,0,0,0
1,1,1,0,3,0,0,1,0
1,0,0,0,3,0,0,0,0
1,1,0,0,3,0,0,0,0
1,1,1,0,3,0,0,0,0
1,1,1,0,3,0,0,0,0
1,1,1,0,3,0,0,0,0
1,1,1,0,3,0,0,1,0
1,0,0,0,3,0,0,0,0
1,1,0,0,3,0,0,0,0
1,1,1,0,3,0,0,0,0
1,1,1,0,3,0,0,0,0
1,1,1,0,3,0,0,0,0
1,1,1,0,3,0,0,1,0
1,0,0,0,3,0,0,0,0
1,0,0,0,0,0,0,0,0
1,1,0,0,1,64,0,0,0
1,1,1,0,1,64,0,0,0
1,1,1,0,1,64,64,1,0
1,0,0,0,1,64,64,1,0
1,1,0,1,3,47,64,0,0
1,1,1,1,3,47,64,0,0
1,1,1,1,3,47,64,0,0
1,1,1,1,3,47,64,0,0
1,1,1,1,3,47,64,1,0
1,0,0,1,3,47,64,0,0
1,1,0,1,3,33,64,0,0
1,1,1,1,3,33,64,0,0
1,1,1,1,3,33,64,0,0
1,1,1,1,3,33,64,0,0
1,1,1,1,3,33,64,1,0
1,0,0,1,3,33,64,0,0
1,0,0,0,0,0,64,0,0
1,0,0,0,0,0,64,0,0
1,0,0,0,0,0,64,0,0
1,0,0,0,0,0,64,0,0
1,1,0,1,3,89,64,0,0
1,1,1,1,3,89,64,0,0
1,1,1,1,3,89,64,0,0
1,1,1,1,3,89,64,0,0
1,1,1,1,3,89,64,1,0
1,0,0,1,3,89,64,0,0
1,0,0,0,0,0,64,0,0
1,1,0,1,1,58,64,0,0
1,1,1,1,1,58,64,0,0
1,1,1,1,1,58,64,1,0
1,0,0,1,1,58,64,1,0
1,1,0,1,3,194,64,0,0
1,1,1,1,3,194,64,0,0
1,1,1,1,3,194,64,0,0
1,1,1,1,3,194,64,0,0
1,1,1,1,3,194,64,1,0
1,0,0,1,3,194,64,0,0
1,0,0,0,0,0,64,0,0
1,0,0,0,0,0,64,0,0
1,0,0,0,0,0,64,0,0
1,0,0,0,0,0,64,0,0
1,1,0,1,2,30,64,0,0
1,1,1,1,2,30,64,0,0
1,1,1,1,2,30,64,1,0
1,0,0,1,2,30,64,1,0
1,1,0,0,3,194,64,0,0
1,1,1,0,3,194,64,0,0
1,1,1,0,3,194,64,0,0
1,1,1,0,3,194,64,0,0
1,1,1,0,3,194,194,1,0
1,0,0,0,3,194,194,0,0
1,1,0,1,0,19,194,0,0
1,1,1,1,0,19,194,0,0
1,1,1,1,0,19,194,1,0
1,0,0,1,0,19,194,1,0
1,1,0,1,1,111,194,0,0
1,1,1,1,1,111,194,0,0
1,1,1,1,1,111,194,1,0
1,0,0,1,1,111,194,1,0
1,1,0,0,5,170,194,0,0
1,1,1,0,5,170,194,0,0
1,1,1,0,5,170,194,1,1
1,0,0,0,5,170,194,1,1
1,0,0,0,0,0,194,0,0
1,1,0,0,2,30,194,0,0
1,1,1,0,2,30,194,0,0
1,1,1,0,2,30,30,1,0
1,0,0,0,2,30,30,1,0
1,1,0,0,3,194,30,0,0
1,1,1,0,3,194,30,0,0
1,1,1,0,3,194,30,0,0
1,1,1,0,3,194,30,0,0
1,1,1,0,3,194,194,1,0
1,0,0,0,3,194,194,0,0
1,1,0,0,3,194,194,0,0
1,1,1,0,3,194,194,0,0
1,1,1,0,3,194,194,0,0
1,1,1,0,3,194,194,0,0
1,1,1,0,3,194,194,1,0
1,0,0,0,3,194,194,0,0
1,1,0,0,2,30,194,0,0
1,1,1,0,2,30,194,0,0
1,1,1,0,2,30,30,1,0
1,0,0,0,2,30,30,1,0
1,0,0,0,0,0,30,0,0
1,0,0,0,0,0,30,0,0
1,0,0,0,0,0,30,0,0
1,0,0,0,0,0,30,0,0
1,0,0,0,0,0,30,0,0
1,1,0,0,1,111,30,0,0
1,1,1,0,1,111,30,0,0
1,1,1,0,1,111,111,1,0
1,0,0,0,1,111,111,1,0
1,1,0,1,3,132,111,0,0
1,1,1,1,3,132,111,0,0
1,1,1,1,3,132,111,0,0
1,1,1,1,3,132,111,0,0
1,1,1,1,3,132,111,1,0
1,0,0,1,3,132,111,0,0
0,0,0,0,0,0,111,0,0
1,0,0,0,0,0,0,0,0
1,0,0,0,0,0,0,0,0
1,1,0,0,2,0,0,0,0
1,1,1,0,2,0,0,0,0
1,1,1,0,2,0,0,1,0
1,0,0,0,2,0,0,1,0
1,1,0,1,3,132,0,0,0
1,1,1,1,3,132,0,0,0
1,1,1,1,3,132,0,0,0
1,1,1,1,3,132,0,0,0
1,1,1,1,3,132,0,1,0
1,0,0,1,3,132,0,0,0
1,0,0,0,0,0,0,0,0
1,1,0,0,2,0,0,0,0
1,1,1,0,2,0,0,0,0
1,1,1,0,2,0,0,1,0
1,0,0,0,2,0,0,1,0
1,1,0,1,1,149,0,0,0
1,1,1,1,1,149,0,0,0
1,1,1,1,1,149,0,1,0
1,0,0,1,1,149,0,1,0
1,0,0,0,0,0,0,0,0
1,0,0,0,0,0,0,0,0
1,0,0,0,0,0,0,0,0
1,0,0,0,0,0,0,0,0
1,0,0,0,0,0,0,0,0
1,0,0,0,0,0,0,0,0
1,0,0,0,0,0,0,0,0
1,0,0,0,0,0,0,0,0
1,0,0,0,0,0,0,0,0
1,0,0,0,0,0,0,0,0
1,0,0,0,0,0,0,0,0
1,0,0,0,0,0,0,0,0
1,1,0,1,1,87,0,0,0
1,1,1,1,1,87,0,0,0
1,1,1,1,1,87,0,1,0
1,0,0,1,1,87,0,1,0
1,0,0,0,0,0,0,0,0
0,0,0,0,0,0,0,0,0
0,0,0,0,0,0,0,0,0
1,0,0,0,0,0,0,0,0
1,0,0,0,0,0,0,0,0
1,0,0,0,0,0,0,0,0
1,0,0,0,0,0,0,0,0
1,1,0,1,2,156,0,0,0
1,1,1,1,2,156,0,0,0
1,1,1,1,2,156,0,1,0
1,0,0,1,2,156,0,1,0
1,0,0,0,0,0,0,0,0
1,0,0,0,0,0,0,0,0
1,1,0,0,5,52,0,0,0
1,1,1,0,5,52,0,0,0
1,1,1,0,5,52,0,1,1
1,0,0,0,5,52,0,1,1
1,1,0,1,1,5,0,0,0
1,1,1,1,1,5,0,0,0
1,1,1,1,1,5,0,1,0
1,0,0,1,1,5,0,1,0
1,1,0,0,3,0,0,0,0
1,1,1,0,3,0,0,0,0
1,1,1,0,3,0,0,0,0
1,1,1,0,3,0,0,0,0
1,1,1,0,3,0,0,1,0
1,0,0,0,3,0,0,0,0
1,1,0,0,0,0,0,0,0
1,1,1,0,0,0,0,0,0
1,1,1,0,0,0,0,1,0
1,0,0,0,0,0,0,1,0
1,1,0,1,3,39,0,0,0
1,1,1,1,3,39,0,0,0
1,1,1,1,3,39,0,0,0
1,1,1,1,3,39,0,0,0
1,1,1,1,3,39,0,1,0
1,0,0,1,3,39,0,0,0
1,1,0,1,2,191,0,0,0
1,1,1,1,2,191,0,0,0
1,1,1,1,2,191,0,1,0
1,0,0,1,2,191,0,1,0
1,1,0,1,3,145,0,0,0
1,1,1,1,3,145,0,0,0
1,1,1,1,3,145,0,0,0
1,1,1,1,3,145,0,0,0
1,1,1,1,3,145,0,1,0
1,0,0,1,3,145,0,0,0
0,0,0,0,0,0,0,0,0
0,0,0,0,0,0,0,0,0
1,0,0,0,0,0,0,0,0
1,0,0,0,0,0,0,0,0
1,0,0,0,0,0,0,0,0
1,0,0,0,0,0,0,0,0
1,0,0,0,0,0,0,0,0
1,0,0,0,0,0,0,0,0
1,1,0,0,3,0,0,0,0
1,1,1,0,3,0,0,0,0
1,1,1,0,3,0,0,0,0
1,1,1,0,3,0,0,0,0
1,1,1,0,3,0,0,1,0
1,0,0,0,3,0,0,0,0
0,0,0,0,0,0,0,0,0
0,0,0,0,0,0,0,0,0
1,0,0,0,0,0,0,0,0
1,0,0,0,0,0,0,0,0
1,0,0,0,0,0,0,0,0
1,1,0,1,3,75,0,0,0
1,1,1,1,3,75,0,0,0
1,1,1,1,3,75,0,0,0
1,1,1,1,3,75,0,0,0
1,1,1,1,3,75,0,1,0
1,0,0,1,3,75,0,0,0
1,1,0,1,0,0,0,0,0
1,1,1,1,0,0,0,0,0
1,1,1,1,0,0,0,1,0
1,0,0,1,0,0,0,1,0
1,0,0,0,0,0,0,0,0
1,0,0,0,0,0,0,0,0
1,0,0,0,0,0,0,0,0
1,0,0,0,0,0,0,0,0
1,0,0,0,0,0,0,0,0
1,0,0,0,0,0,0,0,0
1,1,0,0,1,0,0,0,0
1,1,1,0,1,0,0,0,0
1,1,1,0,1,0,0,1,0
1,0,0,0,1,0,0,1,0
1,1,0,1,0,151,0,0,0
1,1,1,1,0,151,0,0,0
1,1,1,1,0,151,0,1,0
1,0,0,1,0,151,0,1,0
1,1,0,0,3,75,0,0,0
1,1,1,0,3,75,0,0,0
1,1,1,0,3,75,0,0,0
1,1,1,0,3,75,0,0,0
1,1,1,0,3,75,75,1,0
1,0,0,0,3,75,75,0,0
0,0,0,0,0,0,75,0,0
1,0,0,0,0,0,0,0,0
1,0,0,0,0,0,0,0,0
1,0,0,0,0,0,0,0,0
1,0,0,0,0,0,0,0,0
1,0,0,0,0,0,0,0,0
1,0,0,0,0,0,0,0,0
1,0,0,0,0,0,0,0,0
1,1,0,0,2,0,0,0,0
1,1,1,0,2,0,0,0,0
1,1,1,0,2,0,0,1,0
1,0,0,0,2,0,0,1,0
1,1,0,1,0,155,0,0,0
1,1,1,1,0,155,0,0,0
1,1,1,1,0,155,0,1,0
1,0,0,1,0,155,0,1,0
1,1,0,0,3,0,0,0,0
1,1,1,0,3,0,0,0,0
1,1,1,0,3,0,0,0,0
