int rst_n,int valid_in,int data_in,int valid_out,int data_out
0,0,0,0,0
0,0,0,0,0
0,0,0,0,0
1,0,0,0,0
1,1,0,0,0
1,1,0,0,0
1,1,0,0,0
1,1,0,1,0
1,0,0,0,0
0,0,0,0,0
0,0,0,0,0
0,0,0,0,0
0,0,0,0,0
0,0,0,0,0
0,0,0,0,0
0,0,0,0,0
0,0,0,0,0
0,0,0,0,0
0,0,0,0,0
0,0,0,0,0
0,0,0,0,0
0,0,0,0,0
0,0,0,0,0
0,0,0,0,0
0,0,0,0,0
0,0,0,0,0
0,0,0,0,0
0,0,0,0,0
0,0,0,0,0
0,0,0,0,0
0,0,0,0,0
0,0,0,0,0
0,0,0,0,0
0,0,0,0,0
0,0,0,0,0
0,0,0,0,0
0,0,0,0,0
0,0,0,0,0
0,0,0,0,0
0,0,0,0,0
0,0,0,0,0
0,0,0,0,0
0,0,0,0,0
0,0,0,0,0
0,0,0,0,0
0,0,0,0,0
0,0,0,0,0
0,0,0,0,0
0,0,0,0,0
1,0,0,0,0
1,1,1,0,0
1,1,1,0,1
1,1,1,0,2
1,1,1,1,3
1,0,1,0,1
0,0,1,0,0
0,0,1,0,0
0,0,1,0,0
0,0,1,0,0
0,0,1,0,0
0,0,1,0,0
0,0,1,0,0
0,0,1,0,0
0,0,1,0,0
0,0,1,0,0
0,0,1,0,0
0,0,1,0,0
0,0,1,0,0
0,0,1,0,0
0,0,1,0,0
0,0,1,0,0
0,0,1,0,0
0,0,1,0,0
0,0,1,0,0
0,0,1,0,0
0,0,1,0,0
0,0,1,0,0
0,0,1,0,0
0,0,1,0,0
0,0,1,0,0
0,0,1,0,0
0,0,1,0,0
0,0,1,0,0
0,0,1,0,0
0,0,1,0,0
0,0,1,0,0
0,0,1,0,0
0,0,1,0,0
0,0,1,0,0
0,0,1,0,0
0,0,1,0,0
0,0,1,0,0
0,0,1,0,0
0,0,1,0,0
0,0,1,0,0
0,0,1,0,0
0,0,1,0,0
0,0,1,0,0
0,0,1,0,0
0,0,1,0,0
1,0,1,0,0
1,1,255,0,1
1,1,255,0,256
1,1,255,0,511
1,1,255,1,766
1,0,255,0,255
0,0,255,0,0
0,0,255,0,0
0,0,255,0,0
0,0,255,0,0
0,0,255,0,0
0,0,255,0,0
0,0,255,0,0
0,0,255,0,0
0,0,255,0,0
0,0,255,0,0
0,0,255,0,0
0,0,255,0,0
0,0,255,0,0
0,0,255,0,0
0,0,255,0,0
0,0,255,0,0
0,0,255,0,0
0,0,255,0,0
0,0,255,0,0
0,0,255,0,0
0,0,255,0,0
0,0,255,0,0
0,0,255,0,0
0,0,255,0,0
0,0,255,0,0
0,0,255,0,0
0,0,255,0,0
0,0,255,0,0
0,0,255,0,0
0,0,255,0,0
0,0,255,0,0
0,0,255,0,0
0,0,255,0,0
0,0,255,0,0
0,0,255,0,0
0,0,255,0,0
0,0,255,0,0
0,0,255,0,0
0,0,255,0,0
0,0,255,0,0
0,0,255,0,0
0,0,255,0,0
0,0,255,0,0
0,0,255,0,0
0,0,255,0,0
0,0,255,0,0
0,0,255,0,0
0,0,255,0,0
0,0,255,0,0
0,0,255,0,0
1,0,255,0,0
1,1,7,0,255
1,1,7,0,262
1,1,7,0,269
1,1,7,1,276
1,0,7,0,7
0,0,7,0,0
0,0,7,0,0
0,0,7,0,0
0,0,7,0,0
0,0,7,0,0
0,0,7,0,0
0,0,7,0,0
0,0,7,0,0
0,0,7,0,0
0,0,7,0,0
0,0,7,0,0
0,0,7,0,0
0,0,7,0,0
0,0,7,0,0
0,0,7,0,0
0,0,7,0,0
0,0,7,0,0
0,0,7,0,0
0,0,7,0,0
0,0,7,0,0
0,0,7,0,0
0,0,7,0,0
0,0,7,0,0
0,0,7,0,0
0,0,7,0,0
0,0,7,0,0
0,0,7,0,0
0,0,7,0,0
0,0,7,0,0
0,0,7,0,0
0,0,7,0,0
0,0,7,0,0
0,0,7,0,0
0,0,7,0,0
0,0,7,0,0
0,0,7,0,0
0,0,7,0,0
0,0,7,0,0
0,0,7,0,0
0,0,7,0,0
1,0,7,0,0
1,1,182,0,7
1,1,182,0,189
1,1,182,0,371
1,1,182,1,553
1,1,182,0,182
1,1,182,0,364
1,0,182,0,546
0,0,182,0,0
0,0,182,0,0
0,0,182,0,0
0,0,182,0,0
0,0,182,0,0
0,0,182,0,0
0,0,182,0,0
0,0,182,0,0
0,0,182,0,0
0,0,182,0,0
0,0,182,0,0
0,0,182,0,0
0,0,182,0,0
0,0,182,0,0
0,0,182,0,0
0,0,182,0,0
0,0,182,0,0
0,0,182,0,0
0,0,182,0,0
0,0,182,0,0
0,0,182,0,0
0,0,182,0,0
0,0,182,0,0
0,0,182,0,0
0,0,182,0,0
0,0,182,0,0
0,0,182,0,0
0,0,182,0,0
0,0,182,0,0
0,0,182,0,0
0,0,182,0,0
0,0,182,0,0
0,0,182,0,0
0,0,182,0,0
0,0,182,0,0
0,0,182,0,0
0,0,182,0,0
0,0,182,0,0
0,0,182,0,0
0,0,182,0,0
0,0,182,0,0
0,0,182,0,0
0,0,182,0,0
0,0,182,0,0
0,0,182,0,0
0,0,182,0,0
0,0,182,0,0
0,0,182,0,0
0,0,182,0,0
0,0,182,0,0
0,0,182,0,0
0,0,182,0,0
0,0,182,0,0
0,0,182,0,0
0,0,182,0,0
0,0,182,0,0
0,0,182,0,0
0,0,182,0,0
0,0,182,0,0
0,0,182,0,0
0,0,182,0,0
0,0,182,0,0
0,0,182,0,0
0,0,182,0,0
0,0,182,0,0
0,0,182,0,0
0,0,182,0,0
0,0,182,0,0
0,0,182,0,0
0,0,182,0,0
0,0,182,0,0
0,0,182,0,0
1,0,182,0,0
1,1,126,0,182
1,1,126,0,308
1,1,126,0,434
1,1,126,1,560
1,1,126,0,126
1,1,126,0,252
1,1,126,0,378
1,0,126,1,504
0,0,126,0,0
0,0,126,0,0
0,0,126,0,0
0,0,126,0,0
0,0,126,0,0
0,0,126,0,0
0,0,126,0,0
0,0,126,0,0
0,0,126,0,0
0,0,126,0,0
0,0,126,0,0
0,0,126,0,0
0,0,126,0,0
0,0,126,0,0
0,0,126,0,0
0,0,126,0,0
0,0,126,0,0
0,0,126,0,0
0,0,126,0,0
0,0,126,0,0
0,0,126,0,0
0,0,126,0,0
0,0,126,0,0
0,0,126,0,0
0,0,126,0,0
0,0,126,0,0
0,0,126,0,0
0,0,126,0,0
0,0,126,0,0
0,0,126,0,0
0,0,126,0,0
0,0,126,0,0
0,0,126,0,0
0,0,126,0,0
0,0,126,0,0
0,0,126,0,0
0,0,126,0,0
0,0,126,0,0
0,0,126,0,0
0,0,126,0,0
0,0,126,0,0
0,0,126,0,0
0,0,126,0,0
0,0,126,0,0
0,0,126,0,0
0,0,126,0,0
0,0,126,0,0
0,0,126,0,0
0,0,126,0,0
0,0,126,0,0
0,0,126,0,0
0,0,126,0,0
0,0,126,0,0
0,0,126,0,0
0,0,126,0,0
0,0,126,0,0
0,0,126,0,0
0,0,126,0,0
0,0,126,0,0
0,0,126,0,0
0,0,126,0,0
0,0,126,0,0
0,0,126,0,0
0,0,126,0,0
0,0,126,0,0
0,0,126,0,0
0,0,126,0,0
0,0,126,0,0
0,0,126,0,0
0,0,126,0,0
1,0,126,0,0
1,1,183,0,126
1,1,183,0,309
1,1,183,0,492
1,1,183,1,675
1,1,183,0,183
1,1,183,0,366
1,0,183,0,549
0,0,183,0,0
0,0,183,0,0
0,0,183,0,0
0,0,183,0,0
0,0,183,0,0
0,0,183,0,0
0,0,183,0,0
0,0,183,0,0
0,0,183,0,0
0,0,183,0,0
0,0,183,0,0
0,0,183,0,0
0,0,183,0,0
0,0,183,0,0
0,0,183,0,0
0,0,183,0,0
0,0,183,0,0
0,0,183,0,0
0,0,183,0,0
0,0,183,0,0
0,0,183,0,0
0,0,183,0,0
0,0,183,0,0
0,0,183,0,0
0,0,183,0,0
0,0,183,0,0
0,0,183,0,0
0,0,183,0,0
0,0,183,0,0
0,0,183,0,0
0,0,183,0,0
0,0,183,0,0
0,0,183,0,0
0,0,183,0,0
0,0,183,0,0
0,0,183,0,0
0,0,183,0,0
0,0,183,0,0
0,0,183,0,0
0,0,183,0,0
0,0,183,0,0
0,0,183,0,0
0,0,183,0,0
0,0,183,0,0
0,0,183,0,0
0,0,183,0,0
0,0,183,0,0
0,0,183,0,0
0,0,183,0,0
0,0,183,0,0
0,0,183,0,0
0,0,183,0,0
0,0,183,0,0
0,0,183,0,0
0,0,183,0,0
0,0,183,0,0
0,0,183,0,0
0,0,183,0,0
0,0,183,0,0
0,0,183,0,0
0,0,183,0,0
0,0,183,0,0
0,0,183,0,0
0,0,183,0,0
0,0,183,0,0
0,0,183,0,0
1,0,183,0,0
1,1,240,0,183
1,1,240,0,423
1,1,240,0,663
1,1,240,1,903
1,1,240,0,240
1,0,240,0,480
0,0,240,0,0
0,0,240,0,0
0,0,240,0,0
0,0,240,0,0
0,0,240,0,0
0,0,240,0,0
0,0,240,0,0
0,0,240,0,0
0,0,240,0,0
0,0,240,0,0
0,0,240,0,0
0,0,240,0,0
0,0,240,0,0
0,0,240,0,0
0,0,240,0,0
0,0,240,0,0
0,0,240,0,0
0,0,240,0,0
0,0,240,0,0
0,0,240,0,0
0,0,240,0,0
0,0,240,0,0
0,0,240,0,0
0,0,240,0,0
0,0,240,0,0
0,0,240,0,0
0,0,240,0,0
0,0,240,0,0
0,0,240,0,0
0,0,240,0,0
0,0,240,0,0
0,0,240,0,0
0,0,240,0,0
0,0,240,0,0
0,0,240,0,0
0,0,240,0,0
0,0,240,0,0
0,0,240,0,0
0,0,240,0,0
0,0,240,0,0
0,0,240,0,0
0,0,240,0,0
0,0,240,0,0
0,0,240,0,0
0,0,240,0,0
0,0,240,0,0
0,0,240,0,0
0,0,240,0,0
0,0,240,0,0
0,0,240,0,0
0,0,240,0,0
0,0,240,0,0
0,0,240,0,0
0,0,240,0,0
0,0,240,0,0
0,0,240,0,0
0,0,240,0,0
0,0,240,0,0
0,0,240,0,0
0,0,240,0,0
0,0,240,0,0
0,0,240,0,0
0,0,240,0,0
1,0,240,0,0
1,1,177,0,240
1,1,177,0,417
1,1,177,0,594
1,1,177,1,771
1,1,177,0,177
1,1,177,0,354
1,1,177,0,531
1,0,177,1,708
0,0,177,0,0
0,0,177,0,0
0,0,177,0,0
0,0,177,0,0
0,0,177,0,0
0,0,177,0,0
0,0,177,0,0
0,0,177,0,0
0,0,177,0,0
0,0,177,0,0
0,0,177,0,0
0,0,177,0,0
0,0,177,0,0
0,0,177,0,0
0,0,177,0,0
0,0,177,0,0
0,0,177,0,0
0,0,177,0,0
0,0,177,0,0
0,0,177,0,0
0,0,177,0,0
0,0,177,0,0
0,0,177,0,0
0,0,177,0,0
0,0,177,0,0
0,0,177,0,0
0,0,177,0,0
0,0,177,0,0
0,0,177,0,0
0,0,177,0,0
0,0,177,0,0
0,0,177,0,0
0,0,177,0,0
0,0,177,0,0
0,0,177,0,0
0,0,177,0,0
0,0,177,0,0
0,0,177,0,0
0,0,177,0,0
0,0,177,0,0
0,0,177,0,0
0,0,177,0,0
0,0,177,0,0
1,0,177,0,0
1,1,23,0,177
1,1,23,0,200
1,1,23,0,223
1,1,23,1,246
1,0,23,0,23
0,0,23,0,0
0,0,23,0,0
0,0,23,0,0
0,0,23,0,0
0,0,23,0,0
0,0,23,0,0
0,0,23,0,0
0,0,23,0,0
0,0,23,0,0
0,0,23,0,0
0,0,23,0,0
0,0,23,0,0
0,0,23,0,0
0,0,23,0,0
0,0,23,0,0
0,0,23,0,0
0,0,23,0,0
0,0,23,0,0
0,0,23,0,0
0,0,23,0,0
0,0,23,0,0
0,0,23,0,0
0,0,23,0,0
0,0,23,0,0
0,0,23,0,0
0,0,23,0,0
0,0,23,0,0
0,0,23,0,0
0,0,23,0,0
0,0,23,0,0
0,0,23,0,0
0,0,23,0,0
0,0,23,0,0
0,0,23,0,0
0,0,23,0,0
0,0,23,0,0
0,0,23,0,0
0,0,23,0,0
0,0,23,0,0
0,0,23,0,0
0,0,23,0,0
0,0,23,0,0
0,0,23,0,0
0,0,23,0,0
0,0,23,0,0
0,0,23,0,0
0,0,23,0,0
0,0,23,0,0
0,0,23,0,0
0,0,23,0,0
0,0,23,0,0
0,0,23,0,0
0,0,23,0,0
0,0,23,0,0
0,0,23,0,0
0,0,23,0,0
0,0,23,0,0
0,0,23,0,0
0,0,23,0,0
0,0,23,0,0
0,0,23,0,0
0,0,23,0,0
0,0,23,0,0
0,0,23,0,0
0,0,23,0,0
0,0,23,0,0
0,0,23,0,0
1,0,23,0,0
1,1,52,0,23
1,1,52,0,75
1,1,52,0,127
1,1,52,1,179
1,1,52,0,52
1,0,52,0,104
0,0,52,0,0
0,0,52,0,0
0,0,52,0,0
0,0,52,0,0
0,0,52,0,0
0,0,52,0,0
0,0,52,0,0
0,0,52,0,0
0,0,52,0,0
0,0,52,0,0
0,0,52,0,0
0,0,52,0,0
0,0,52,0,0
0,0,52,0,0
0,0,52,0,0
0,0,52,0,0
0,0,52,0,0
0,0,52,0,0
0,0,52,0,0
0,0,52,0,0
0,0,52,0,0
0,0,52,0,0
0,0,52,0,0
0,0,52,0,0
0,0,52,0,0
0,0,52,0,0
0,0,52,0,0
0,0,52,0,0
0,0,52,0,0
0,0,52,0,0
0,0,52,0,0
0,0,52,0,0
0,0,52,0,0
0,0,52,0,0
0,0,52,0,0
0,0,52,0,0
0,0,52,0,0
0,0,52,0,0
0,0,52,0,0
0,0,52,0,0
0,0,52,0,0
0,0,52,0,0
0,0,52,0,0
0,0,52,0,0
0,0,52,0,0
0,0,52,0,0
0,0,52,0,0
0,0,52,0,0
0,0,52,0,0
0,0,52,0,0
0,0,52,0,0
0,0,52,0,0
0,0,52,0,0
0,0,52,0,0
0,0,52,0,0
0,0,52,0,0
0,0,52,0,0
0,0,52,0,0
0,0,52,0,0
0,0,52,0,0
0,0,52,0,0
0,0,52,0,0
0,0,52,0,0
0,0,52,0,0
0,0,52,0,0
0,0,52,0,0
0,0,52,0,0
0,0,52,0,0
0,0,52,0,0
0,0,52,0,0
1,0,52,0,0
1,1,158,0,52
1,1,158,0,210
1,1,158,0,368
1,1,158,1,526
1,1,158,0,158
1,0,158,0,316
0,0,158,0,0
0,0,158,0,0
0,0,158,0,0
0,0,158,0,0
0,0,158,0,0
0,0,158,0,0
0,0,158,0,0
0,0,158,0,0
0,0,158,0,0
0,0,158,0,0
0,0,158,0,0
0,0,158,0,0
0,0,158,0,0
0,0,158,0,0
0,0,158,0,0
0,0,158,0,0
0,0,158,0,0
0,0,158,0,0
0,0,158,0,0
0,0,158,0,0
0,0,158,0,0
0,0,158,0,0
0,0,158,0,0
0,0,158,0,0
0,0,158,0,0
0,0,158,0,0
0,0,158,0,0
0,0,158,0,0
0,0,158,0,0
0,0,158,0,0
0,0,158,0,0
0,0,158,0,0
0,0,158,0,0
0,0,158,0,0
0,0,158,0,0
0,0,158,0,0
0,0,158,0,0
0,0,158,0,0
0,0,158,0,0
0,0,158,0,0
0,0,158,0,0
0,0,158,0,0
0,0,158,0,0
0,0,158,0,0
0,0,158,0,0
0,0,158,0,0
0,0,158,0,0
0,0,158,0,0
0,0,158,0,0
0,0,158,0,0
0,0,158,0,0
0,0,158,0,0
0,0,158,0,0
1,0,158,0,0
1,1,181,0,158
1,1,181,0,339
1,1,181,0,520
1,1,181,1,701
1,1,181,0,181
1,1,181,0,362
1,1,181,0,543
1,0,181,1,724
0,0,181,0,0
0,0,181,0,0
0,0,181,0,0
0,0,181,0,0
0,0,181,0,0
0,0,181,0,0
0,0,181,0,0
0,0,181,0,0
0,0,181,0,0
0,0,181,0,0
0,0,181,0,0
0,0,181,0,0
0,0,181,0,0
0,0,181,0,0
0,0,181,0,0
0,0,181,0,0
0,0,181,0,0
0,0,181,0,0
0,0,181,0,0
0,0,181,0,0
0,0,181,0,0
0,0,181,0,0
0,0,181,0,0
0,0,181,0,0
0,0,181,0,0
0,0,181,0,0
0,0,181,0,0
0,0,181,0,0
0,0,181,0,0
0,0,181,0,0
0,0,181,0,0
0,0,181,0,0
0,0,181,0,0
0,0,181,0,0
0,0,181,0,0
0,0,181,0,0
0,0,181,0,0
0,0,181,0,0
0,0,181,0,0
0,0,181,0,0
0,0,181,0,0
0,0,181,0,0
0,0,181,0,0
0,0,181,0,0
0,0,181,0,0
0,0,181,0,0
1,0,181,0,0
1,1,53,0,181
1,1,53,0,234
1,1,53,0,287
1,1,53,1,340
1,0,53,0,53
0,0,53,0,0
0,0,53,0,0
0,0,53,0,0
0,0,53,0,0
0,0,53,0,0
0,0,53,0,0
0,0,53,0,0
0,0,53,0,0
0,0,53,0,0
0,0,53,0,0
0,0,53,0,0
0,0,53,0,0
0,0,53,0,0
0,0,53,0,0
0,0,53,0,0
0,0,53,0,0
0,0,53,0,0
0,0,53,0,0
0,0,53,0,0
0,0,53,0,0
0,0,53,0,0
0,0,53,0,0
0,0,53,0,0
0,0,53,0,0
0,0,53,0,0
0,0,53,0,0
0,0,53,0,0
0,0,53,0,0
0,0,53,0,0
0,0,53,0,0
0,0,53,0,0
0,0,53,0,0
0,0,53,0,0
0,0,53,0,0
0,0,53,0,0
0,0,53,0,0
0,0,53,0,0
0,0,53,0,0
0,0,53,0,0
0,0,53,0,0
0,0,53,0,0
0,0,53,0,0
0,0,53,0,0
0,0,53,0,0
0,0,53,0,0
0,0,53,0,0
0,0,53,0,0
0,0,53,0,0
0,0,53,0,0
0,0,53,0,0
0,0,53,0,0
0,0,53,0,0
0,0,53,0,0
0,0,53,0,0
0,0,53,0,0
0,0,53,0,0
0,0,53,0,0
0,0,53,0,0
0,0,53,0,0
0,0,53,0,0
0,0,53,0,0
0,0,53,0,0
0,0,53,0,0
0,0,53,0,0
0,0,53,0,0
0,0,53,0,0
0,0,53,0,0
0,0,53,0,0
0,0,53,0,0
1,0,53,0,0
1,1,21,0,53
1,1,21,0,74
1,1,21,0,95
1,1,21,1,116
1,1,21,0,21
1,1,21,0,42
1,1,21,0,63
1,0,21,1,84
0,0,21,0,0
0,0,21,0,0
0,0,21,0,0
0,0,21,0,0
0,0,21,0,0
0,0,21,0,0
0,0,21,0,0
0,0,21,0,0
0,0,21,0,0
0,0,21,0,0
0,0,21,0,0
0,0,21,0,0
0,0,21,0,0
0,0,21,0,0
0,0,21,0,0
0,0,21,0,0
0,0,21,0,0
0,0,21,0,0
0,0,21,0,0
0,0,21,0,0
0,0,21,0,0
0,0,21,0,0
0,0,21,0,0
0,0,21,0,0
0,0,21,0,0
0,0,21,0,0
0,0,21,0,0
0,0,21,0,0
0,0,21,0,0
0,0,21,0,0
0,0,21,0,0
0,0,21,0,0
0,0,21,0,0
0,0,21,0,0
0,0,21,0,0
0,0,21,0,0
0,0,21,0,0
0,0,21,0,0
0,0,21,0,0
0,0,21,0,0
0,0,21,0,0
0,0,21,0,0
0,0,21,0,0
0,0,21,0,0
0,0,21,0,0
0,0,21,0,0
0,0,21,0,0
0,0,21,0,0
0,0,21,0,0
0,0,21,0,0
0,0,21,0,0
0,0,21,0,0
0,0,21,0,0
0,0,21,0,0
0,0,21,0,0
0,0,21,0,0
0,0,21,0,0
0,0,21,0,0
0,0,21,0,0
1,0,21,0,0
1,1,140,0,21
1,1,140,0,161
1,1,140,0,301
1,1,140,1,441
1,1,140,0,140
1,1,140,0,280
1,1,140,0,420
1,0,140,1,560
0,0,140,0,0
0,0,140,0,0
0,0,140,0,0
0,0,140,0,0
0,0,140,0,0
0,0,140,0,0
0,0,140,0,0
0,0,140,0,0
0,0,140,0,0
0,0,140,0,0
0,0,140,0,0
0,0,140,0,0
0,0,140,0,0
0,0,140,0,0
0,0,140,0,0
0,0,140,0,0
0,0,140,0,0
0,0,140,0,0
0,0,140,0,0
0,0,140,0,0
0,0,140,0,0
0,0,140,0,0
0,0,140,0,0
0,0,140,0,0
0,0,140,0,0
0,0,140,0,0
0,0,140,0,0
0,0,140,0,0
0,0,140,0,0
0,0,140,0,0
0,0,140,0,0
0,0,140,0,0
0,0,140,0,0
0,0,140,0,0
0,0,140,0,0
0,0,140,0,0
0,0,140,0,0
0,0,140,0,0
0,0,140,0,0
0,0,140,0,0
0,0,140,0,0
0,0,140,0,0
0,0,140,0,0
0,0,140,0,0
0,0,140,0,0
0,0,140,0,0
0,0,140,0,0
0,0,140,0,0
0,0,140,0,0
0,0,140,0,0
0,0,140,0,0
0,0,140,0,0
0,0,140,0,0
0,0,140,0,0
0,0,140,0,0
0,0,140,0,0
0,0,140,0,0
0,0,140,0,0
0,0,140,0,0
0,0,140,0,0
0,0,140,0,0
0,0,140,0,0
0,0,140,0,0
0,0,140,0,0
0,0,140,0,0
0,0,140,0,0
0,0,140,0,0
1,0,140,0,0
1,1,200,0,140
1,1,200,0,340
1,1,200,0,540
1,1,200,1,740
1,1,200,0,200
1,1,200,0,400
1,0,200,0,600
0,0,200,0,0
0,0,200,0,0
0,0,200,0,0
0,0,200,0,0
0,0,200,0,0
0,0,200,0,0
0,0,200,0,0
0,0,200,0,0
0,0,200,0,0
0,0,200,0,0
0,0,200,0,0
0,0,200,0,0
0,0,200,0,0
0,0,200,0,0
0,0,200,0,0
0,0,200,0,0
0,0,200,0,0
0,0,200,0,0
0,0,200,0,0
0,0,200,0,0
0,0,200,0,0
0,0,200,0,0
0,0,200,0,0
0,0,200,0,0
0,0,200,0,0
0,0,200,0,0
0,0,200,0,0
0,0,200,0,0
0,0,200,0,0
0,0,200,0,0
0,0,200,0,0
0,0,200,0,0
0,0,200,0,0
0,0,200,0,0
0,0,200,0,0
0,0,200,0,0
0,0,200,0,0
0,0,200,0,0
0,0,200,0,0
0,0,200,0,0
0,0,200,0,0
0,0,200,0,0
0,0,200,0,0
0,0,200,0,0
0,0,200,0,0
0,0,200,0,0
0,0,200,0,0
0,0,200,0,0
0,0,200,0,0
0,0,200,0,0
0,0,200,0,0
0,0,200,0,0
0,0,200,0,0
0,0,200,0,0
0,0,200,0,0
0,0,200,0,0
0,0,200,0,0
0,0,200,0,0
0,0,200,0,0
0,0,200,0,0
0,0,200,0,0
1,0,200,0,0
1,1,108,0,200
1,1,108,0,308
1,1,108,0,416
1,1,108,1,524
1,1,108,0,108
1,1,108,0,216
1,0,108,0,324
0,0,108,0,0
0,0,108,0,0
0,0,108,0,0
0,0,108,0,0
0,0,108,0,0
0,0,108,0,0
0,0,108,0,0
0,0,108,0,0
0,0,108,0,0
0,0,108,0,0
0,0,108,0,0
0,0,108,0,0
0,0,108,0,0
0,0,108,0,0
0,0,108,0,0
0,0,108,0,0
0,0,108,0,0
0,0,108,0,0
0,0,108,0,0
0,0,108,0,0
0,0,108,0,0
0,0,108,0,0
0,0,108,0,0
0,0,108,0,0
0,0,108,0,0
0,0,108,0,0
0,0,108,0,0
0,0,108,0,0
0,0,108,0,0
0,0,108,0,0
0,0,108,0,0
0,0,108,0,0
0,0,108,0,0
0,0,108,0,0
0,0,108,0,0
0,0,108,0,0
0,0,108,0,0
0,0,108,0,0
0,0,108,0,0
0,0,108,0,0
0,0,108,0,0
0,0,108,0,0
0,0,108,0,0
0,0,108,0,0
0,0,108,0,0
0,0,108,0,0
0,0,108,0,0
0,0,108,0,0
0,0,108,0,0
0,0,108,0,0
0,0,108,0,0
0,0,108,0,0
0,0,108,0,0
0,0,108,0,0
0,0,108,0,0
0,0,108,0,0
0,0,108,0,0
0,0,108,0,0
0,0,108,0,0
0,0,108,0,0
0,0,108,0,0
0,0,108,0,0
0,0,108,0,0
0,0,108,0,0
0,0,108,0,0
0,0,108,0,0
0,0,108,0,0
0,0,108,0,0
0,0,108,0,0
0,0,108,0,0
0,0,108,0,0
0,0,108,0,0
0,0,108,0,0
0,0,108,0,0
1,0,108,0,0
1,1,255,0,108
1,1,255,0,363
1,1,255,0,618
1,1,255,1,873
1,0,255,0,255
0,0,255,0,0
0,0,255,0,0
0,0,255,0,0
0,0,255,0,0
0,0,255,0,0
0,0,255,0,0
0,0,255,0,0
0,0,255,0,0
0,0,255,0,0
0,0,255,0,0
0,0,255,0,0
0,0,255,0,0
0,0,255,0,0
0,0,255,0,0
0,0,255,0,0
0,0,255,0,0
0,0,255,0,0
0,0,255,0,0
0,0,255,0,0
0,0,255,0,0
0,0,255,0,0
0,0,255,0,0
0,0,255,0,0
0,0,255,0,0
0,0,255,0,0
0,0,255,0,0
0,0,255,0,0
0,0,255,0,0
0,0,255,0,0
0,0,255,0,0
0,0,255,0,0
0,0,255,0,0
0,0,255,0,0
0,0,255,0,0
0,0,255,0,0
0,0,255,0,0
0,0,255,0,0
0,0,255,0,0
0,0,255,0,0
0,0,255,0,0
0,0,255,0,0
0,0,255,0,0
0,0,255,0,0
0,0,255,0,0
0,0,255,0,0
0,0,255,0,0
0,0,255,0,0
0,0,255,0,0
0,0,255,0,0
0,0,255,0,0
0,0,255,0,0
0,0,255,0,0
0,0,255,0,0
1,0,255,0,0
1,1,17,0,255
1,1,17,0,272
1,1,17,0,289
1,1,17,1,306
1,1,17,0,17
1,1,17,0,34
1,0,17,0,51
0,0,17,0,0
0,0,17,0,0
0,0,17,0,0
0,0,17,0,0
0,0,17,0,0
0,0,17,0,0
0,0,17,0,0
0,0,17,0,0
0,0,17,0,0
0,0,17,0,0
0,0,17,0,0
0,0,17,0,0
0,0,17,0,0
0,0,17,0,0
0,0,17,0,0
0,0,17,0,0
0,0,17,0,0
0,0,17,0,0
0,0,17,0,0
0,0,17,0,0
0,0,17,0,0
0,0,17,0,0
0,0,17,0,0
0,0,17,0,0
0,0,17,0,0
0,0,17,0,0
0,0,17,0,0
0,0,17,0,0
0,0,17,0,0
0,0,17,0,0
0,0,17,0,0
0,0,17,0,0
0,0,17,0,0
0,0,17,0,0
0,0,17,0,0
0,0,17,0,0
0,0,17,0,0
0,0,17,0,0
0,0,17,0,0
0,0,17,0,0
0,0,17,0,0
0,0,17,0,0
0,0,17,0,0
0,0,17,0,0
0,0,17,0,0
0,0,17,0,0
0,0,17,0,0
0,0,17,0,0
0,0,17,0,0
0,0,17,0,0
0,0,17,0,0
0,0,17,0,0
0,0,17,0,0
0,0,17,0,0
0,0,17,0,0
1,0,17,0,0
1,1,67,0,17
1,1,67,0,84
1,1,67,0,151
1,1,67,1,218
1,1,67,0,67
1,1,67,0,134
1,0,67,0,201
0,0,67,0,0
0,0,67,0,0
0,0,67,0,0
0,0,67,0,0
0,0,67,0,0
0,0,67,0,0
0,0,67,0,0
0,0,67,0,0
0,0,67,0,0
0,0,67,0,0
0,0,67,0,0
0,0,67,0,0
0,0,67,0,0
0,0,67,0,0
0,0,67,0,0
0,0,67,0,0
0,0,67,0,0
0,0,67,0,0
0,0,67,0,0
0,0,67,0,0
0,0,67,0,0
0,0,67,0,0
0,0,67,0,0
0,0,67,0,0
0,0,67,0,0
0,0,67,0,0
0,0,67,0,0
0,0,67,0,0
0,0,67,0,0
0,0,67,0,0
0,0,67,0,0
0,0,67,0,0
0,0,67,0,0
0,0,67,0,0
0,0,67,0,0
0,0,67,0,0
0,0,67,0,0
0,0,67,0,0
0,0,67,0,0
0,0,67,0,0
0,0,67,0,0
0,0,67,0,0
0,0,67,0,0
1,0,67,0,0
1,1,177,0,67
1,1,177,0,244
1,1,177,0,421
1,1,177,1,598
1,0,177,0,177
0,0,177,0,0
0,0,177,0,0
0,0,177,0,0
0,0,177,0,0
0,0,177,0,0
0,0,177,0,0
0,0,177,0,0
0,0,177,0,0
0,0,177,0,0
0,0,177,0,0
0,0,177,0,0
0,0,177,0,0
0,0,177,0,0
0,0,177,0,0
0,0,177,0,0
0,0,177,0,0
0,0,177,0,0
0,0,177,0,0
0,0,177,0,0
0,0,177,0,0
0,0,177,0,0
0,0,177,0,0
0,0,177,0,0
0,0,177,0,0
0,0,177,0,0
0,0,177,0,0
0,0,177,0,0
0,0,177,0,0
0,0,177,0,0
0,0,177,0,0
0,0,177,0,0
0,0,177,0,0
0,0,177,0,0
0,0,177,0,0
0,0,177,0,0
0,0,177,0,0
0,0,177,0,0
0,0,177,0,0
0,0,177,0,0
0,0,177,0,0
0,0,177,0,0
1,0,177,0,0
1,1,107,0,177
1,1,107,0,284
1,1,107,0,391
1,1,107,1,498
1,1,107,0,107
1,0,107,0,214
0,0,107,0,0
0,0,107,0,0
0,0,107,0,0
0,0,107,0,0
0,0,107,0,0
0,0,107,0,0
0,0,107,0,0
0,0,107,0,0
0,0,107,0,0
0,0,107,0,0
0,0,107,0,0
0,0,107,0,0
0,0,107,0,0
0,0,107,0,0
0,0,107,0,0
0,0,107,0,0
0,0,107,0,0
0,0,107,0,0
0,0,107,0,0
0,0,107,0,0
0,0,107,0,0
0,0,107,0,0
0,0,107,0,0
0,0,107,0,0
0,0,107,0,0
0,0,107,0,0
0,0,107,0,0
0,0,107,0,0
0,0,107,0,0
0,0,107,0,0
0,0,107,0,0
0,0,107,0,0
0,0,107,0,0
0,0,107,0,0
0,0,107,0,0
0,0,107,0,0
0,0,107,0,0
0,0,107,0,0
0,0,107,0,0
0,0,107,0,0
0,0,107,0,0
0,0,107,0,0
0,0,107,0,0
0,0,107,0,0
0,0,107,0,0
0,0,107,0,0
0,0,107,0,0
0,0,107,0,0
0,0,107,0,0
0,0,107,0,0
0,0,107,0,0
0,0,107,0,0
0,0,107,0,0
0,0,107,0,0
0,0,107,0,0
0,0,107,0,0
0,0,107,0,0
0,0,107,0,0
0,0,107,0,0
0,0,107,0,0
0,0,107,0,0
0,0,107,0,0
0,0,107,0,0
0,0,107,0,0
0,0,107,0,0
0,0,107,0,0
0,0,107,0,0
0,0,107,0,0
0,0,107,0,0
0,0,107,0,0
0,0,107,0,0
1,0,107,0,0
1,1,210,0,107
1,1,210,0,317
1,1,210,0,527
1,1,210,1,737
1,0,210,0,210
0,0,210,0,0
0,0,210,0,0
0,0,210,0,0
0,0,210,0,0
0,0,210,0,0
0,0,210,0,0
0,0,210,0,0
0,0,210,0,0
0,0,210,0,0
0,0,210,0,0
0,0,210,0,0
0,0,210,0,0
0,0,210,0,0
0,0,210,0,0
0,0,210,0,0
0,0,210,0,0
0,0,210,0,0
0,0,210,0,0
0,0,210,0,0
0,0,210,0,0
0,0,210,0,0
0,0,210,0,0
0,0,210,0,0
0,0,210,0,0
0,0,210,0,0
0,0,210,0,0
0,0,210,0,0
0,0,210,0,0
0,0,210,0,0
0,0,210,0,0
0,0,210,0,0
0,0,210,0,0
0,0,210,0,0
0,0,210,0,0
0,0,210,0,0
0,0,210,0,0
0,0,210,0,0
0,0,210,0,0
0,0,210,0,0
0,0,210,0,0
0,0,210,0,0
0,0,210,0,0
0,0,210,0,0
0,0,210,0,0
0,0,210,0,0
0,0,210,0,0
0,0,210,0,0
0,0,210,0,0
0,0,210,0,0
0,0,210,0,0
0,0,210,0,0
0,0,210,0,0
0,0,210,0,0
0,0,210,0,0
0,0,210,0,0
0,0,210,0,0
0,0,210,0,0
0,0,210,0,0
0,0,210,0,0
0,0,210,0,0
0,0,210,0,0
1,0,210,0,0
1,1,195,0,210
1,1,195,0,405
1,1,195,0,600
1,1,195,1,795
1,1,195,0,195
1,1,195,0,390
1,1,195,0,585
1,0,195,1,780
0,0,195,0,0
0,0,195,0,0
0,0,195,0,0
0,0,195,0,0
0,0,195,0,0
0,0,195,0,0
0,0,195,0,0
0,0,195,0,0
0,0,195,0,0
0,0,195,0,0
0,0,195,0,0
0,0,195,0,0
0,0,195,0,0
0,0,195,0,0
0,0,195,0,0
0,0,195,0,0
0,0,195,0,0
0,0,195,0,0
0,0,195,0,0
0,0,195,0,0
0,0,195,0,0
0,0,195,0,0
0,0,195,0,0
0,0,195,0,0
0,0,195,0,0
0,0,195,0,0
0,0,195,0,0
0,0,195,0,0
0,0,195,0,0
0,0,195,0,0
0,0,195,0,0
0,0,195,0,0
0,0,195,0,0
0,0,195,0,0
0,0,195,0,0
0,0,195,0,0
0,0,195,0,0
0,0,195,0,0
0,0,195,0,0
0,0,195,0,0
0,0,195,0,0
0,0,195,0,0
0,0,195,0,0
0,0,195,0,0
0,0,195,0,0
0,0,195,0,0
0,0,195,0,0
0,0,195,0,0
0,0,195,0,0
0,0,195,0,0
0,0,195,0,0
0,0,195,0,0
0,0,195,0,0
0,0,195,0,0
0,0,195,0,0
0,0,195,0,0
0,0,195,0,0
0,0,195,0,0
0,0,195,0,0
0,0,195,0,0
0,0,195,0,0
0,0,195,0,0
0,0,195,0,0
0,0,195,0,0
0,0,195,0,0
0,0,195,0,0
0,0,195,0,0
0,0,195,0,0
0,0,195,0,0
0,0,195,0,0
0,0,195,0,0
0,0,195,0,0
0,0,195,0,0
0,0,195,0,0
0,0,195,0,0
0,0,195,0,0
0,0,195,0,0
1,0,195,0,0
1,1,225,0,195
1,1,225,0,420
1,1,225,0,645
1,1,225,1,870
1,1,225,0,225
1,0,225,0,450
0,0,225,0,0
0,0,225,0,0
0,0,225,0,0
0,0,225,0,0
0,0,225,0,0
0,0,225,0,0
0,0,225,0,0
0,0,225,0,0
0,0,225,0,0
0,0,225,0,0
0,0,225,0,0
0,0,225,0,0
0,0,225,0,0
0,0,225,0,0
0,0,225,0,0
0,0,225,0,0
0,0,225,0,0
0,0,225,0,0
0,0,225,0,0
0,0,225,0,0
0,0,225,0,0
0,0,225,0,0
0,0,225,0,0
0,0,225,0,0
0,0,225,0,0
0,0,225,0,0
0,0,225,0,0
0,0,225,0,0
0,0,225,0,0
0,0,225,0,0
0,0,225,0,0
0,0,225,0,0
0,0,225,0,0
0,0,225,0,0
0,0,225,0,0
0,0,225,0,0
0,0,225,0,0
0,0,225,0,0
0,0,225,0,0
0,0,225,0,0
0,0,225,0,0
0,0,225,0,0
0,0,225,0,0
0,0,225,0,0
1,0,225,0,0
1,1,244,0,225
1,1,244,0,469
1,1,244,0,713
1,1,244,1,957
1,1,244,0,244
1,1,244,0,488
1,1,244,0,732
1,0,244,1,976
0,0,244,0,0
0,0,244,0,0
0,0,244,0,0
0,0,244,0,0
0,0,244,0,0
0,0,244,0,0
0,0,244,0,0
0,0,244,0,0
0,0,244,0,0
0,0,244,0,0
0,0,244,0,0
0,0,244,0,0
0,0,244,0,0
0,0,244,0,0
0,0,244,0,0
0,0,244,0,0
0,0,244,0,0
0,0,244,0,0
0,0,244,0,0
0,0,244,0,0
0,0,244,0,0
0,0,244,0,0
0,0,244,0,0
0,0,244,0,0
0,0,244,0,0
0,0,244,0,0
0,0,244,0,0
0,0,244,0,0
0,0,244,0,0
0,0,244,0,0
0,0,244,0,0
0,0,244,0,0
0,0,244,0,0
0,0,244,0,0
0,0,244,0,0
0,0,244,0,0
0,0,244,0,0
0,0,244,0,0
0,0,244,0,0
0,0,244,0,0
0,0,244,0,0
0,0,244,0,0
0,0,244,0,0
0,0,244,0,0
0,0,244,0,0
0,0,244,0,0
0,0,244,0,0
0,0,244,0,0
0,0,244,0,0
0,0,244,0,0
0,0,244,0,0
0,0,244,0,0
0,0,244,0,0
0,0,244,0,0
0,0,244,0,0
1,0,244,0,0
1,1,38,0,244
1,1,38,0,282
1,1,38,0,320
1,1,38,1,358
1,1,38,0,38
1,0,38,0,76
0,0,38,0,0
0,0,38,0,0
0,0,38,0,0
0,0,38,0,0
0,0,38,0,0
0,0,38,0,0
0,0,38,0,0
0,0,38,0,0
0,0,38,0,0
0,0,38,0,0
0,0,38,0,0
0,0,38,0,0
0,0,38,0,0
0,0,38,0,0
0,0,38,0,0
0,0,38,0,0
0,0,38,0,0
0,0,38,0,0
0,0,38,0,0
0,0,38,0,0
0,0,38,0,0
0,0,38,0,0
0,0,38,0,0
0,0,38,0,0
0,0,38,0,0
0,0,38,0,0
0,0,38,0,0
0,0,38,0,0
0,0,38,0,0
0,0,38,0,0
0,0,38,0,0
0,0,38,0,0
0,0,38,0,0
0,0,38,0,0
0,0,38,0,0
0,0,38,0,0
0,0,38,0,0
0,0,38,0,0
0,0,38,0,0
0,0,38,0,0
0,0,38,0,0
0,0,38,0,0
0,0,38,0,0
0,0,38,0,0
0,0,38,0,0
0,0,38,0,0
0,0,38,0,0
0,0,38,0,0
0,0,38,0,0
0,0,38,0,0
0,0,38,0,0
0,0,38,0,0
1,0,38,0,0
1,1,218,0,38
1,1,218,0,256
1,1,218,0,474
1,1,218,1,692
1,0,218,0,218
0,0,218,0,0
0,0,218,0,0
0,0,218,0,0
0,0,218,0,0
0,0,218,0,0
0,0,218,0,0
0,0,218,0,0
0,0,218,0,0
0,0,218,0,0
0,0,218,0,0
0,0,218,0,0
0,0,218,0,0
0,0,218,0,0
0,0,218,0,0
0,0,218,0,0
0,0,218,0,0
0,0,218,0,0
0,0,218,0,0
0,0,218,0,0
0,0,218,0,0
0,0,218,0,0
0,0,218,0,0
0,0,218,0,0
0,0,218,0,0
0,0,218,0,0
0,0,218,0,0
0,0,218,0,0
0,0,218,0,0
0,0,218,0,0
0,0,218,0,0
0,0,218,0,0
0,0,218,0,0
0,0,218,0,0
0,0,218,0,0
0,0,218,0,0
0,0,218,0,0
0,0,218,0,0
0,0,218,0,0
0,0,218,0,0
0,0,218,0,0
0,0,218,0,0
0,0,218,0,0
0,0,218,0,0
0,0,218,0,0
0,0,218,0,0
0,0,218,0,0
1,0,218,0,0
1,1,5,0,218
1,1,5,0,223
1,1,5,0,228
1,1,5,1,233
1,1,5,0,5
1,1,5,0,10
1,1,5,0,15
1,0,5,1,20
0,0,5,0,0
0,0,5,0,0
0,0,5,0,0
0,0,5,0,0
0,0,5,0,0
0,0,5,0,0
0,0,5,0,0
0,0,5,0,0
0,0,5,0,0
0,0,5,0,0
0,0,5,0,0
0,0,5,0,0
0,0,5,0,0
0,0,5,0,0
0,0,5,0,0
0,0,5,0,0
0,0,5,0,0
0,0,5,0,0
0,0,5,0,0
0,0,5,0,0
0,0,5,0,0
0,0,5,0,0
0,0,5,0,0
0,0,5,0,0
0,0,5,0,0
0,0,5,0,0
0,0,5,0,0
0,0,5,0,0
0,0,5,0,0
0,0,5,0,0
0,0,5,0,0
0,0,5,0,0
0,0,5,0,0
0,0,5,0,0
0,0,5,0,0
0,0,5,0,0
0,0,5,0,0
0,0,5,0,0
0,0,5,0,0
0,0,5,0,0
0,0,5,0,0
0,0,5,0,0
0,0,5,0,0
0,0,5,0,0
0,0,5,0,0
0,0,5,0,0
0,0,5,0,0
0,0,5,0,0
0,0,5,0,0
0,0,5,0,0
0,0,5,0,0
0,0,5,0,0
0,0,5,0,0
0,0,5,0,0
0,0,5,0,0
0,0,5,0,0
0,0,5,0,0
0,0,5,0,0
0,0,5,0,0
0,0,5,0,0
0,0,5,0,0
0,0,5,0,0
0,0,5,0,0
0,0,5,0,0
1,0,5,0,0
1,1,114,0,5
1,1,114,0,119
1,1,114,0,233
1,1,114,1,347
1,1,114,0,114
1,1,114,0,228
1,0,114,0,342
0,0,114,0,0
0,0,114,0,0
0,0,114,0,0
0,0,114,0,0
0,0,114,0,0
0,0,114,0,0
0,0,114,0,0
0,0,114,0,0
0,0,114,0,0
0,0,114,0,0
0,0,114,0,0
0,0,114,0,0
0,0,114,0,0
0,0,114,0,0
0,0,114,0,0
0,0,114,0,0
0,0,114,0,0
0,0,114,0,0
0,0,114,0,0
0,0,114,0,0
0,0,114,0,0
0,0,114,0,0
0,0,114,0,0
0,0,114,0,0
0,0,114,0,0
0,0,114,0,0
0,0,114,0,0
0,0,114,0,0
0,0,114,0,0
0,0,114,0,0
0,0,114,0,0
0,0,114,0,0
0,0,114,0,0
0,0,114,0,0
0,0,114,0,0
0,0,114,0,0
0,0,114,0,0
0,0,114,0,0
0,0,114,0,0
0,0,114,0,0
0,0,114,0,0
0,0,114,0,0
0,0,114,0,0
0,0,114,0,0
0,0,114,0,0
0,0,114,0,0
0,0,114,0,0
1,0,114,0,0
1,1,54,0,114
1,1,54,0,168
1,1,54,0,222
1,1,54,1,276
1,1,54,0,54
1,0,54,0,108
0,0,54,0,0
0,0,54,0,0
0,0,54,0,0
0,0,54,0,0
0,0,54,0,0
0,0,54,0,0
0,0,54,0,0
0,0,54,0,0
0,0,54,0,0
0,0,54,0,0
0,0,54,0,0
0,0,54,0,0
0,0,54,0,0
0,0,54,0,0
0,0,54,0,0
0,0,54,0,0
0,0,54,0,0
0,0,54,0,0
0,0,54,0,0
0,0,54,0,0
0,0,54,0,0
0,0,54,0,0
0,0,54,0,0
0,0,54,0,0
0,0,54,0,0
0,0,54,0,0
0,0,54,0,0
0,0,54,0,0
0,0,54,0,0
0,0,54,0,0
0,0,54,0,0
0,0,54,0,0
0,0,54,0,0
0,0,54,0,0
0,0,54,0,0
0,0,54,0,0
0,0,54,0,0
0,0,54,0,0
0,0,54,0,0
0,0,54,0,0
0,0,54,0,0
0,0,54,0,0
1,0,54,0,0
1,1,136,0,54
1,1,136,0,190
1,1,136,0,326
1,1,136,1,462
1,1,136,0,136
1,1,136,0,272
1,0,136,0,408
0,0,136,0,0
0,0,136,0,0
0,0,136,0,0
0,0,136,0,0
0,0,136,0,0
0,0,136,0,0
0,0,136,0,0
0,0,136,0,0
0,0,136,0,0
0,0,136,0,0
0,0,136,0,0
0,0,136,0,0
0,0,136,0,0
0,0,136,0,0
0,0,136,0,0
0,0,136,0,0
0,0,136,0,0
0,0,136,0,0
0,0,136,0,0
0,0,136,0,0
0,0,136,0,0
0,0,136,0,0
0,0,136,0,0
0,0,136,0,0
0,0,136,0,0
0,0,136,0,0
0,0,136,0,0
0,0,136,0,0
0,0,136,0,0
0,0,136,0,0
0,0,136,0,0
0,0,136,0,0
0,0,136,0,0
0,0,136,0,0
0,0,136,0,0
0,0,136,0,0
0,0,136,0,0
0,0,136,0,0
0,0,136,0,0
0,0,136,0,0
1,0,136,0,0
1,1,82,0,136
1,1,82,0,218
1,1,82,0,300
1,1,82,1,382
1,1,82,0,82
1,1,82,0,164
1,1,82,0,246
1,0,82,1,328
0,0,82,0,0
0,0,82,0,0
0,0,82,0,0
0,0,82,0,0
0,0,82,0,0
0,0,82,0,0
0,0,82,0,0
0,0,82,0,0
0,0,82,0,0
0,0,82,0,0
0,0,82,0,0
0,0,82,0,0
0,0,82,0,0
0,0,82,0,0
0,0,82,0,0
0,0,82,0,0
0,0,82,0,0
0,0,82,0,0
0,0,82,0,0
0,0,82,0,0
0,0,82,0,0
0,0,82,0,0
0,0,82,0,0
0,0,82,0,0
0,0,82,0,0
0,0,82,0,0
0,0,82,0,0
0,0,82,0,0
0,0,82,0,0
0,0,82,0,0
0,0,82,0,0
0,0,82,0,0
0,0,82,0,0
0,0,82,0,0
0,0,82,0,0
0,0,82,0,0
0,0,82,0,0
0,0,82,0,0
0,0,82,0,0
0,0,82,0,0
0,0,82,0,0
0,0,82,0,0
0,0,82,0,0
0,0,82,0,0
0,0,82,0,0
0,0,82,0,0
0,0,82,0,0
0,0,82,0,0
0,0,82,0,0
0,0,82,0,0
0,0,82,0,0
0,0,82,0,0
0,0,82,0,0
0,0,82,0,0
0,0,82,0,0
0,0,82,0,0
0,0,82,0,0
0,0,82,0,0
0,0,82,0,0
0,0,82,0,0
1,0,82,0,0
1,1,202,0,82
1,1,202,0,284
1,1,202,0,486
1,1,202,1,688
1,1,202,0,202
1,1,202,0,404
1,1,202,0,606
1,0,202,1,808
0,0,202,0,0
0,0,202,0,0
0,0,202,0,0
0,0,202,0,0
0,0,202,0,0
0,0,202,0,0
0,0,202,0,0
0,0,202,0,0
0,0,202,0,0
0,0,202,0,0
0,0,202,0,0
0,0,202,0,0
0,0,202,0,0
0,0,202,0,0
0,0,202,0,0
0,0,202,0,0
0,0,202,0,0
0,0,202,0,0
0,0,202,0,0
0,0,202,0,0
0,0,202,0,0
0,0,202,0,0
0,0,202,0,0
0,0,202,0,0
0,0,202,0,0
0,0,202,0,0
0,0,202,0,0
0,0,202,0,0
0,0,202,0,0
0,0,202,0,0
0,0,202,0,0
0,0,202,0,0
0,0,202,0,0
0,0,202,0,0
0,0,202,0,0
0,0,202,0,0
0,0,202,0,0
0,0,202,0,0
0,0,202,0,0
0,0,202,0,0
0,0,202,0,0
0,0,202,0,0
0,0,202,0,0
0,0,202,0,0
0,0,202,0,0
0,0,202,0,0
0,0,202,0,0
0,0,202,0,0
0,0,202,0,0
0,0,202,0,0
0,0,202,0,0
0,0,202,0,0
0,0,202,0,0
0,0,202,0,0
1,0,202,0,0
1,1,230,0,202
1,1,230,0,432
1,1,230,0,662
1,1,230,1,892
1,0,230,0,230
0,0,230,0,0
0,0,230,0,0
0,0,230,0,0
0,0,230,0,0
0,0,230,0,0
0,0,230,0,0
0,0,230,0,0
0,0,230,0,0
0,0,230,0,0
0,0,230,0,0
0,0,230,0,0
0,0,230,0,0
0,0,230,0,0
0,0,230,0,0
0,0,230,0,0
0,0,230,0,0
0,0,230,0,0
0,0,230,0,0
0,0,230,0,0
0,0,230,0,0
0,0,230,0,0
0,0,230,0,0
0,0,230,0,0
0,0,230,0,0
0,0,230,0,0
0,0,230,0,0
0,0,230,0,0
0,0,230,0,0
0,0,230,0,0
0,0,230,0,0
0,0,230,0,0
0,0,230,0,0
0,0,230,0,0
0,0,230,0,0
0,0,230,0,0
0,0,230,0,0
0,0,230,0,0
0,0,230,0,0
0,0,230,0,0
0,0,230,0,0
1,0,230,0,0
1,1,108,0,230
1,1,108,0,338
1,1,108,0,446
1,1,108,1,554
1,1,108,0,108
1,1,108,0,216
1,0,108,0,324
0,0,108,0,0
0,0,108,0,0
0,0,108,0,0
0,0,108,0,0
0,0,108,0,0
0,0,108,0,0
0,0,108,0,0
0,0,108,0,0
0,0,108,0,0
0,0,108,0,0
0,0,108,0,0
0,0,108,0,0
0,0,108,0,0
0,0,108,0,0
0,0,108,0,0
0,0,108,0,0
0,0,108,0,0
0,0,108,0,0
0,0,108,0,0
0,0,108,0,0
0,0,108,0,0
0,0,108,0,0
0,0,108,0,0
0,0,108,0,0
0,0,108,0,0
0,0,108,0,0
0,0,108,0,0
0,0,108,0,0
0,0,108,0,0
0,0,108,0,0
0,0,108,0,0
0,0,108,0,0
0,0,108,0,0
0,0,108,0,0
0,0,108,0,0
0,0,108,0,0
0,0,108,0,0
0,0,108,0,0
0,0,108,0,0
0,0,108,0,0
1,0,108,0,0
1,1,242,0,108
1,1,242,0,350
1,1,242,0,592
1,1,242,1,834
1,0,242,0,242
0,0,242,0,0
0,0,242,0,0
0,0,242,0,0
0,0,242,0,0
0,0,242,0,0
0,0,242,0,0
0,0,242,0,0
0,0,242,0,0
0,0,242,0,0
0,0,242,0,0
0,0,242,0,0
0,0,242,0,0
0,0,242,0,0
0,0,242,0,0
0,0,242,0,0
0,0,242,0,0
0,0,242,0,0
0,0,242,0,0
0,0,242,0,0
0,0,242,0,0
0,0,242,0,0
0,0,242,0,0
0,0,242,0,0
0,0,242,0,0
0,0,242,0,0
0,0,242,0,0
0,0,242,0,0
0,0,242,0,0
0,0,242,0,0
0,0,242,0,0
0,0,242,0,0
0,0,242,0,0
0,0,242,0,0
0,0,242,0,0
0,0,242,0,0
0,0,242,0,0
0,0,242,0,0
0,0,242,0,0
0,0,242,0,0
0,0,242,0,0
0,0,242,0,0
0,0,242,0,0
0,0,242,0,0
0,0,242,0,0
0,0,242,0,0
0,0,242,0,0
0,0,242,0,0
0,0,242,0,0
0,0,242,0,0
0,0,242,0,0
0,0,242,0,0
0,0,242,0,0
0,0,242,0,0
0,0,242,0,0
0,0,242,0,0
0,0,242,0,0
0,0,242,0,0
0,0,242,0,0
0,0,242,0,0
0,0,242,0,0
0,0,242,0,0
0,0,242,0,0
0,0,242,0,0
0,0,242,0,0
0,0,242,0,0
0,0,242,0,0
0,0,242,0,0
0,0,242,0,0
0,0,242,0,0
0,0,242,0,0
0,0,242,0,0
0,0,242,0,0
0,0,242,0,0
0,0,242,0,0
0,0,242,0,0
0,0,242,0,0
1,0,242,0,0
1,1,130,0,242
1,1,130,0,372
1,1,130,0,502
1,1,130,1,632
1,1,130,0,130
1,1,130,0,260
1,0,130,0,390
0,0,130,0,0
0,0,130,0,0
0,0,130,0,0
0,0,130,0,0
0,0,130,0,0
0,0,130,0,0
0,0,130,0,0
0,0,130,0,0
0,0,130,0,0
0,0,130,0,0
0,0,130,0,0
0,0,130,0,0
0,0,130,0,0
0,0,130,0,0
0,0,130,0,0
0,0,130,0,0
0,0,130,0,0
0,0,130,0,0
0,0,130,0,0
0,0,130,0,0
0,0,130,0,0
0,0,130,0,0
0,0,130,0,0
0,0,130,0,0
0,0,130,0,0
0,0,130,0,0
0,0,130,0,0
0,0,130,0,0
0,0,130,0,0
0,0,130,0,0
0,0,130,0,0
0,0,130,0,0
0,0,130,0,0
0,0,130,0,0
0,0,130,0,0
0,0,130,0,0
0,0,130,0,0
0,0,130,0,0
0,0,130,0,0
0,0,130,0,0
0,0,130,0,0
0,0,130,0,0
0,0,130,0,0
0,0,130,0,0
0,0,130,0,0
0,0,130,0,0
0,0,130,0,0
0,0,130,0,0
0,0,130,0,0
0,0,130,0,0
0,0,130,0,0
0,0,130,0,0
0,0,130,0,0
0,0,130,0,0
0,0,130,0,0
0,0,130,0,0
1,0,130,0,0
1,1,118,0,130
1,1,118,0,248
1,1,118,0,366
1,1,118,1,484
1,1,118,0,118
1,1,118,0,236
1,0,118,0,354
0,0,118,0,0
0,0,118,0,0
0,0,118,0,0
0,0,118,0,0
0,0,118,0,0
0,0,118,0,0
0,0,118,0,0
0,0,118,0,0
0,0,118,0,0
0,0,118,0,0
0,0,118,0,0
0,0,118,0,0
0,0,118,0,0
0,0,118,0,0
0,0,118,0,0
0,0,118,0,0
0,0,118,0,0
0,0,118,0,0
0,0,118,0,0
0,0,118,0,0
0,0,118,0,0
0,0,118,0,0
0,0,118,0,0
0,0,118,0,0
0,0,118,0,0
0,0,118,0,0
0,0,118,0,0
0,0,118,0,0
0,0,118,0,0
0,0,118,0,0
0,0,118,0,0
0,0,118,0,0
0,0,118,0,0
0,0,118,0,0
0,0,118,0,0
0,0,118,0,0
0,0,118,0,0
0,0,118,0,0
0,0,118,0,0
0,0,118,0,0
0,0,118,0,0
0,0,118,0,0
0,0,118,0,0
0,0,118,0,0
0,0,118,0,0
0,0,118,0,0
0,0,118,0,0
0,0,118,0,0
0,0,118,0,0
0,0,118,0,0
0,0,118,0,0
0,0,118,0,0
0,0,118,0,0
1,0,118,0,0
1,1,185,0,118
1,1,185,0,303
1,1,185,0,488
1,1,185,1,673
1,1,185,0,185
1,1,185,0,370
1,0,185,0,555
0,0,185,0,0
0,0,185,0,0
0,0,185,0,0
0,0,185,0,0
0,0,185,0,0
0,0,185,0,0
0,0,185,0,0
0,0,185,0,0
0,0,185,0,0
0,0,185,0,0
0,0,185,0,0
0,0,185,0,0
0,0,185,0,0
0,0,185,0,0
0,0,185,0,0
0,0,185,0,0
0,0,185,0,0
0,0,185,0,0
0,0,185,0,0
0,0,185,0,0
0,0,185,0,0
0,0,185,0,0
0,0,185,0,0
0,0,185,0,0
0,0,185,0,0
0,0,185,0,0
0,0,185,0,0
0,0,185,0,0
0,0,185,0,0
0,0,185,0,0
0,0,185,0,0
0,0,185,0,0
0,0,185,0,0
0,0,185,0,0
0,0,185,0,0
0,0,185,0,0
0,0,185,0,0
0,0,185,0,0
0,0,185,0,0
0,0,185,0,0
0,0,185,0,0
0,0,185,0,0
0,0,185,0,0
0,0,185,0,0
0,0,185,0,0
0,0,185,0,0
0,0,185,0,0
0,0,185,0,0
0,0,185,0,0
0,0,185,0,0
0,0,185,0,0
0,0,185,0,0
0,0,185,0,0
0,0,185,0,0
0,0,185,0,0
1,0,185,0,0
1,1,132,0,185
1,1,132,0,317
1,1,132,0,449
1,1,132,1,581
1,1,132,0,132
1,1,132,0,264
1,0,132,0,396
0,0,132,0,0
0,0,132,0,0
0,0,132,0,0
0,0,132,0,0
0,0,132,0,0
0,0,132,0,0
0,0,132,0,0
0,0,132,0,0
0,0,132,0,0
0,0,132,0,0
0,0,132,0,0
0,0,132,0,0
0,0,132,0,0
0,0,132,0,0
0,0,132,0,0
0,0,132,0,0
0,0,132,0,0
0,0,132,0,0
0,0,132,0,0
0,0,132,0,0
0,0,132,0,0
0,0,132,0,0
0,0,132,0,0
0,0,132,0,0
0,0,132,0,0
0,0,132,0,0
0,0,132,0,0
0,0,132,0,0
0,0,132,0,0
0,0,132,0,0
0,0,132,0,0
0,0,132,0,0
0,0,132,0,0
0,0,132,0,0
0,0,132,0,0
0,0,132,0,0
0,0,132,0,0
0,0,132,0,0
0,0,132,0,0
0,0,132,0,0
0,0,132,0,0
0,0,132,0,0
0,0,132,0,0
0,0,132,0,0
0,0,132,0,0
0,0,132,0,0
0,0,132,0,0
0,0,132,0,0
0,0,132,0,0
0,0,132,0,0
0,0,132,0,0
0,0,132,0,0
0,0,132,0,0
0,0,132,0,0
0,0,132,0,0
0,0,132,0,0
0,0,132,0,0
0,0,132,0,0
0,0,132,0,0
0,0,132,0,0
0,0,132,0,0
0,0,132,0,0
0,0,132,0,0
0,0,132,0,0
0,0,132,0,0
0,0,132,0,0
0,0,132,0,0
0,0,132,0,0
0,0,132,0,0
0,0,132,0,0
0,0,132,0,0
0,0,132,0,0
0,0,132,0,0
0,0,132,0,0
0,0,132,0,0
0,0,132,0,0
1,0,132,0,0
1,1,22,0,132
1,1,22,0,154
1,1,22,0,176
1,1,22,1,198
1,0,22,0,22
0,0,22,0,0
0,0,22,0,0
0,0,22,0,0
0,0,22,0,0
0,0,22,0,0
0,0,22,0,0
0,0,22,0,0
0,0,22,0,0
0,0,22,0,0
0,0,22,0,0
0,0,22,0,0
0,0,22,0,0
0,0,22,0,0
0,0,22,0,0
0,0,22,0,0
0,0,22,0,0
0,0,22,0,0
0,0,22,0,0
0,0,22,0,0
0,0,22,0,0
0,0,22,0,0
0,0,22,0,0
0,0,22,0,0
0,0,22,0,0
0,0,22,0,0
0,0,22,0,0
0,0,22,0,0
0,0,22,0,0
0,0,22,0,0
0,0,22,0,0
0,0,22,0,0
0,0,22,0,0
0,0,22,0,0
0,0,22,0,0
0,0,22,0,0
0,0,22,0,0
0,0,22,0,0
0,0,22,0,0
0,0,22,0,0
0,0,22,0,0
0,0,22,0,0
0,0,22,0,0
0,0,22,0,0
1,0,22,0,0
1,1,231,0,22
1,1,231,0,253
1,1,231,0,484
1,1,231,1,715
1,0,231,0,231
0,0,231,0,0
0,0,231,0,0
0,0,231,0,0
0,0,231,0,0
0,0,231,0,0
0,0,231,0,0
0,0,231,0,0
0,0,231,0,0
0,0,231,0,0
0,0,231,0,0
0,0,231,0,0
0,0,231,0,0
0,0,231,0,0
0,0,231,0,0
0,0,231,0,0
0,0,231,0,0
0,0,231,0,0
0,0,231,0,0
0,0,231,0,0
0,0,231,0,0
0,0,231,0,0
0,0,231,0,0
0,0,231,0,0
0,0,231,0,0
0,0,231,0,0
0,0,231,0,0
0,0,231,0,0
0,0,231,0,0
0,0,231,0,0
0,0,231,0,0
0,0,231,0,0
0,0,231,0,0
0,0,231,0,0
0,0,231,0,0
0,0,231,0,0
0,0,231,0,0
0,0,231,0,0
0,0,231,0,0
0,0,231,0,0
0,0,231,0,0
0,0,231,0,0
0,0,231,0,0
0,0,231,0,0
0,0,231,0,0
0,0,231,0,0
0,0,231,0,0
0,0,231,0,0
0,0,231,0,0
0,0,231,0,0
0,0,231,0,0
0,0,231,0,0
0,0,231,0,0
0,0,231,0,0
0,0,231,0,0
0,0,231,0,0
0,0,231,0,0
0,0,231,0,0
0,0,231,0,0
0,0,231,0,0
0,0,231,0,0
0,0,231,0,0
0,0,231,0,0
0,0,231,0,0
0,0,231,0,0
0,0,231,0,0
0,0,231,0,0
0,0,231,0,0
1,0,231,0,0
1,1,233,0,231
1,1,233,0,464
1,1,233,0,697
1,1,233,1,930
1,1,233,0,233
1,1,233,0,466
1,1,233,0,699
1,0,233,1,932
0,0,233,0,0
0,0,233,0,0
0,0,233,0,0
0,0,233,0,0
0,0,233,0,0
0,0,233,0,0
0,0,233,0,0
0,0,233,0,0
0,0,233,0,0
0,0,233,0,0
0,0,233,0,0
0,0,233,0,0
0,0,233,0,0
0,0,233,0,0
0,0,233,0,0
0,0,233,0,0
0,0,233,0,0
0,0,233,0,0
0,0,233,0,0
0,0,233,0,0
0,0,233,0,0
0,0,233,0,0
0,0,233,0,0
0,0,233,0,0
0,0,233,0,0
0,0,233,0,0
0,0,233,0,0
0,0,233,0,0
0,0,233,0,0
0,0,233,0,0
0,0,233,0,0
0,0,233,0,0
0,0,233,0,0
0,0,233,0,0
0,0,233,0,0
0,0,233,0,0
0,0,233,0,0
0,0,233,0,0
0,0,233,0,0
0,0,233,0,0
0,0,233,0,0
0,0,233,0,0
0,0,233,0,0
0,0,233,0,0
0,0,233,0,0
0,0,233,0,0
0,0,233,0,0
0,0,233,0,0
0,0,233,0,0
0,0,233,0,0
0,0,233,0,0
0,0,233,0,0
0,0,233,0,0
0,0,233,0,0
0,0,233,0,0
0,0,233,0,0
1,0,233,0,0
1,1,99,0,233
1,1,99,0,332
1,1,99,0,431
1,1,99,1,530
1,1,99,0,99
1,1,99,0,198
1,0,99,0,297
0,0,99,0,0
0,0,99,0,0
0,0,99,0,0
0,0,99,0,0
0,0,99,0,0
0,0,99,0,0
0,0,99,0,0
0,0,99,0,0
0,0,99,0,0
0,0,99,0,0
0,0,99,0,0
0,0,99,0,0
0,0,99,0,0
0,0,99,0,0
0,0,99,0,0
0,0,99,0,0
0,0,99,0,0
0,0,99,0,0
0,0,99,0,0
0,0,99,0,0
0,0,99,0,0
0,0,99,0,0
0,0,99,0,0
0,0,99,0,0
0,0,99,0,0
0,0,99,0,0
0,0,99,0,0
0,0,99,0,0
0,0,99,0,0
0,0,99,0,0
0,0,99,0,0
0,0,99,0,0
0,0,99,0,0
0,0,99,0,0
0,0,99,0,0
0,0,99,0,0
0,0,99,0,0
0,0,99,0,0
0,0,99,0,0
0,0,99,0,0
0,0,99,0,0
0,0,99,0,0
0,0,99,0,0
0,0,99,0,0
0,0,99,0,0
0,0,99,0,0
1,0,99,0,0
1,1,13,0,99
1,1,13,0,112
1,1,13,0,125
1,1,13,1,138
1,1,13,0,13
1,1,13,0,26
1,1,13,0,39
1,0,13,1,52
0,0,13,0,0
0,0,13,0,0
0,0,13,0,0
0,0,13,0,0
0,0,13,0,0
0,0,13,0,0
0,0,13,0,0
0,0,13,0,0
0,0,13,0,0
0,0,13,0,0
0,0,13,0,0
0,0,13,0,0
0,0,13,0,0
0,0,13,0,0
0,0,13,0,0
0,0,13,0,0
0,0,13,0,0
0,0,13,0,0
0,0,13,0,0
0,0,13,0,0
0,0,13,0,0
0,0,13,0,0
0,0,13,0,0
0,0,13,0,0
0,0,13,0,0
0,0,13,0,0
0,0,13,0,0
0,0,13,0,0
0,0,13,0,0
0,0,13,0,0
0,0,13,0,0
0,0,13,0,0
0,0,13,0,0
0,0,13,0,0
0,0,13,0,0
0,0,13,0,0
0,0,13,0,0
0,0,13,0,0
0,0,13,0,0
0,0,13,0,0
0,0,13,0,0
0,0,13,0,0
0,0,13,0,0
0,0,13,0,0
0,0,13,0,0
0,0,13,0,0
0,0,13,0,0
0,0,13,0,0
0,0,13,0,0
0,0,13,0,0
0,0,13,0,0
0,0,13,0,0
0,0,13,0,0
0,0,13,0,0
0,0,13,0,0
0,0,13,0,0
0,0,13,0,0
0,0,13,0,0
0,0,13,0,0
0,0,13,0,0
0,0,13,0,0
0,0,13,0,0
0,0,13,0,0
0,0,13,0,0
0,0,13,0,0
0,0,13,0,0
0,0,13,0,0
0,0,13,0,0
0,0,13,0,0
1,0,13,0,0
1,1,30,0,13
1,1,30,0,43
1,1,30,0,73
1,1,30,1,103
1,1,30,0,30
1,0,30,0,60
