<harm>
 	<context name="default">
<template exp="G(true |-> ( operator_i && rst_n==0 ))" />
<template exp="G(true |-> ( rst_n && operator_i==0 ))" />
<template exp="G(true |-> ( rst_n && operator_i==1 ))" />
<template exp="G(true |-> ( rst_n && operator_i==3 ))" />
<template exp="G(true |-> ( operator_i && rst_n==29 ))" />
<template exp="G(true |-> ( rst_n && operator_i==4 ))" />
<template exp="G(true |-> ( operator_i && rst_n==1 ))" />
<template exp="G(true |-> ( operator_i && rst_n==3 ))" />
<template exp="G(true |-> ( rst_n && operator_i==29 ))" />
<template exp="G(true |-> ( operator_i && rst_n==4 ))" />
</context>
</harm>