int add_cnt,int count,int data_in,int data_out,int data_out_reg,int end_cnt,int ready_add,int rst_n,int valid_in,int valid_out
1,0,0,0,0,0,1,0,0,0
1,0,0,0,0,0,1,0,0,0
1,0,0,0,0,0,1,1,1,0
1,1,21,0,0,0,1,1,1,0
1,2,24,21,21,0,1,1,1,0
1,3,64,45,45,1,1,1,1,0
1,0,57,109,109,0,1,1,1,1
1,1,111,57,57,0,1,1,1,0
1,2,98,168,168,0,1,1,1,0
1,3,98,266,266,1,1,1,1,0
1,0,60,364,364,0,1,1,1,1
1,1,121,60,60,0,1,1,1,0
1,2,88,181,181,0,1,1,1,0
1,3,52,269,269,1,1,1,1,0
1,0,3,321,321,0,1,1,1,1
1,1,80,3,3,0,1,1,1,0
1,2,24,83,83,0,1,1,1,0
1,3,83,107,107,1,1,1,1,0
1,0,0,190,190,0,1,1,1,1
1,1,101,0,0,0,1,1,1,0
1,2,24,101,101,0,1,1,1,0
1,3,26,125,125,1,1,1,1,0
1,0,87,151,151,0,1,1,1,1
1,1,41,87,87,0,1,1,1,0
1,2,68,128,128,0,1,1,1,0
1,3,86,196,196,1,1,1,1,0
1,0,123,282,282,0,1,1,1,1
1,1,1,123,123,0,1,1,1,0
1,2,88,124,124,0,1,1,1,0
1,3,60,212,212,1,1,1,1,0
1,0,121,272,272,0,1,1,1,1
1,1,62,121,121,0,1,1,1,0
1,2,111,183,183,0,1,1,1,0
1,3,69,294,294,1,1,1,1,0
1,0,53,363,363,0,1,1,1,1
1,1,55,53,53,0,1,1,1,0
1,2,46,108,108,0,1,1,1,0
1,3,6,154,154,1,1,1,1,0
1,0,89,160,160,0,1,1,1,1
1,1,36,89,89,0,1,1,1,0
1,2,97,125,125,0,1,1,1,0
1,3,49,222,222,1,1,1,1,0
1,0,66,271,271,0,1,1,1,1
1,1,121,66,66,0,1,1,1,0
1,2,89,187,187,0,1,1,1,0
1,3,87,276,276,1,1,1,1,0
1,0,101,363,363,0,1,1,1,1
1,1,92,101,101,0,1,1,1,0
1,2,55,193,193,0,1,1,1,0
1,3,103,248,248,1,1,1,1,0
1,0,28,351,351,0,1,1,1,1
1,1,72,28,28,0,1,1,1,0
1,2,45,100,100,0,1,1,1,0
1,3,100,145,145,1,1,1,1,0
1,0,16,245,245,0,1,1,1,1
1,1,22,16,16,0,1,1,1,0
1,2,73,38,38,0,1,1,1,0
1,3,115,111,111,1,1,1,1,0
1,0,84,226,226,0,1,1,1,1
1,1,86,84,84,0,1,1,1,0
1,2,34,170,170,0,1,1,1,0
1,3,85,204,204,1,1,1,1,0
1,0,84,289,289,0,1,1,1,1
1,1,25,84,84,0,1,1,1,0
1,2,103,109,109,0,1,1,1,0
1,3,116,212,212,1,1,1,1,0
1,0,32,328,328,0,1,1,1,1
1,1,10,32,32,0,1,1,1,0
1,2,36,42,42,0,1,1,1,0
1,3,125,78,78,1,1,1,1,0
1,0,119,203,203,0,1,1,1,1
1,1,71,119,119,0,1,1,1,0
1,2,126,190,190,0,1,1,1,0
1,3,30,316,316,1,1,1,1,0
1,0,116,346,346,0,1,1,1,1
1,1,114,116,116,0,1,1,1,0
1,2,126,230,230,0,1,1,1,0
1,3,25,356,356,1,1,1,1,0
1,0,31,381,381,0,1,1,1,1
1,1,4,31,31,0,1,1,1,0
1,2,42,35,35,0,1,1,1,0
1,3,57,77,77,1,1,1,1,0
1,0,89,134,134,0,1,1,1,1
1,1,125,89,89,0,1,1,1,0
1,2,127,214,214,0,1,1,1,0
1,3,99,341,341,1,1,1,1,0
1,0,38,440,440,0,1,1,1,1
1,1,11,38,38,0,1,1,1,0
1,2,75,49,49,0,1,1,1,0
1,3,36,124,124,1,1,1,1,0
1,0,84,160,160,0,1,1,1,1
1,1,32,84,84,0,1,1,1,0
1,2,90,116,116,0,1,1,1,0
1,3,118,206,206,1,1,1,1,0
1,0,4,324,324,0,1,1,1,1
1,1,68,4,4,0,1,1,1,0
1,2,73,72,72,0,1,1,1,0
1,3,31,145,145,1,1,1,1,0
1,0,73,176,176,0,1,1,1,1
1,1,75,73,73,0,1,1,1,0
1,2,84,148,148,0,1,1,1,0
1,3,64,232,232,1,1,1,1,0
1,0,62,296,296,0,1,1,1,1
1,1,70,62,62,0,1,1,1,0
1,2,13,132,132,0,1,1,1,0
1,3,125,145,145,1,1,1,1,0
1,0,123,270,270,0,1,1,1,1
1,1,62,123,123,0,1,1,1,0
1,2,30,185,185,0,1,1,1,0
1,3,54,215,215,1,1,1,1,0
1,0,2,269,269,0,1,1,1,1
1,1,52,2,2,0,1,1,1,0
1,2,95,54,54,0,1,1,1,0
1,3,110,149,149,1,1,1,1,0
1,0,102,259,259,0,1,1,1,1
1,1,33,102,102,0,1,1,1,0
1,2,8,135,135,0,1,1,1,0
1,3,53,143,143,1,1,1,1,0
1,0,75,196,196,0,1,1,1,1
1,1,75,75,75,0,1,1,1,0
1,2,54,150,150,0,1,1,1,0
1,3,27,204,204,1,1,1,1,0
1,0,51,231,231,0,1,1,1,1
1,1,108,51,51,0,1,1,1,0
1,2,49,159,159,0,1,1,1,0
1,3,28,208,208,1,1,1,1,0
1,0,21,236,236,0,1,1,1,1
1,1,76,21,21,0,1,1,1,0
1,2,83,97,97,0,1,1,1,0
1,3,22,180,180,1,1,1,1,0
1,0,97,202,202,0,1,1,1,1
1,1,20,97,97,0,1,1,1,0
1,2,26,117,117,0,1,1,1,0
1,3,74,143,143,1,1,1,1,0
1,0,85,217,217,0,1,1,1,1
1,1,30,85,85,0,1,1,1,0
1,2,58,115,115,0,1,1,1,0
1,3,119,173,173,1,1,1,1,0
1,0,76,292,292,0,1,1,1,1
1,1,24,76,76,0,1,1,1,0
1,2,67,100,100,0,1,1,1,0
1,3,40,167,167,1,1,1,1,0
1,0,78,207,207,0,1,1,1,1
1,1,110,78,78,0,1,1,1,0
1,2,81,188,188,0,1,1,1,0
1,3,52,269,269,1,1,1,1,0
1,0,9,321,321,0,1,1,1,1
1,1,37,9,9,0,1,1,1,0
1,2,18,46,46,0,1,1,1,0
1,3,22,64,64,1,1,1,1,0
1,0,34,86,86,0,1,1,1,1
1,1,17,34,34,0,1,1,1,0
1,2,76,51,51,0,1,1,1,0
1,3,36,127,127,1,1,1,1,0
1,0,18,163,163,0,1,1,1,1
1,1,6,18,18,0,1,1,1,0
1,2,15,24,24,0,1,1,1,0
1,3,21,39,39,1,1,1,1,0
1,0,102,60,60,0,1,1,1,1
1,1,94,102,102,0,1,1,1,0
1,2,55,196,196,0,1,1,1,0
1,3,32,251,251,1,1,1,1,0
1,0,91,283,283,0,1,1,1,1
1,1,56,91,91,0,1,1,1,0
1,2,33,147,147,0,1,1,1,0
1,3,5,180,180,1,1,1,1,0
1,0,56,185,185,0,1,1,1,1
1,1,98,56,56,0,1,1,1,0
1,2,23,154,154,0,1,1,1,0
1,3,46,177,177,1,1,1,1,0
1,0,4,223,223,0,1,1,1,1
1,1,81,4,4,0,1,1,1,0
1,2,118,85,85,0,1,1,1,0
1,3,110,203,203,1,1,1,1,0
1,0,66,313,313,0,1,1,1,1
1,1,63,66,66,0,1,1,1,0
1,2,21,129,129,0,1,1,1,0
1,3,112,150,150,1,1,1,1,0
1,0,39,262,262,0,1,1,1,1
1,1,36,39,39,0,1,1,1,0
1,2,73,75,75,0,1,1,1,0
1,3,57,148,148,1,1,1,1,0
1,0,46,205,205,0,1,1,1,1
1,1,78,46,46,0,1,1,1,0
1,2,35,124,124,0,1,1,1,0
1,3,71,159,159,1,1,1,1,0
1,0,69,230,230,0,1,1,1,1
1,1,79,69,69,0,1,1,1,0
1,2,52,148,148,0,1,1,1,0
1,3,23,200,200,1,1,1,1,0
1,0,29,223,223,0,1,1,1,1
1,1,101,29,29,0,1,1,1,0
1,2,27,130,130,0,1,1,1,0
1,3,58,157,157,1,1,1,1,0
1,0,63,215,215,0,1,1,1,1
1,1,107,63,63,0,1,1,1,0
1,2,34,170,170,0,1,1,1,0
1,3,94,204,204,1,1,1,1,0
1,0,60,298,298,0,1,1,1,1
1,1,14,60,60,0,1,1,1,0
1,2,85,74,74,0,1,1,1,0
1,3,49,159,159,1,1,1,1,0
1,0,17,208,208,0,1,1,1,1
1,1,111,17,17,0,1,1,1,0
1,2,28,128,128,0,1,1,1,0
1,3,27,156,156,1,1,1,1,0
1,0,44,183,183,0,1,1,1,1
1,1,64,44,44,0,1,1,1,0
1,2,3,108,108,0,1,1,1,0
1,3,80,111,111,1,1,1,1,0
1,0,123,191,191,0,1,1,1,1
1,1,31,123,123,0,1,1,1,0
1,2,3,154,154,0,1,1,1,0
1,3,73,157,157,1,1,1,1,0
1,0,52,230,230,0,1,1,1,1
1,1,127,52,52,0,1,1,1,0
1,2,9,179,179,0,1,1,1,0
1,3,15,188,188,1,1,1,1,0
1,0,122,203,203,0,1,1,1,1
1,1,86,122,122,0,1,1,1,0
1,2,80,208,208,0,1,1,1,0
1,3,16,288,288,1,1,1,1,0
1,0,48,304,304,0,1,1,1,1
1,1,82,48,48,0,1,1,1,0
1,2,28,130,130,0,1,1,1,0
1,3,76,158,158,1,1,1,1,0
1,0,51,234,234,0,1,1,1,1
1,1,72,51,51,0,1,1,1,0
1,2,121,123,123,0,1,1,1,0
1,3,69,244,244,1,1,1,1,0
1,0,126,313,313,0,1,1,1,1
1,1,51,126,126,0,1,1,1,0
1,2,33,177,177,0,1,1,1,0
1,3,42,210,210,1,1,1,1,0
1,0,112,252,252,0,1,1,1,1
1,1,75,112,112,0,1,1,1,0
1,2,1,187,187,0,1,1,1,0
1,3,85,188,188,1,1,1,1,0
1,0,76,273,273,0,1,1,1,1
1,1,51,76,76,0,1,1,1,0
1,2,65,127,127,0,1,1,1,0
1,3,75,192,192,1,1,1,1,0
1,0,28,267,267,0,1,1,1,1
1,1,65,28,28,0,1,1,1,0
1,2,58,93,93,0,1,1,1,0
1,3,37,151,151,1,1,1,1,0
1,0,92,188,188,0,1,1,1,1
1,1,30,92,92,0,1,1,1,0
1,2,109,122,122,0,1,1,1,0
1,3,5,231,231,1,1,1,1,0
1,0,81,236,236,0,1,1,1,1
1,1,103,81,81,0,1,1,1,0
1,2,75,184,184,0,1,1,1,0
1,3,70,259,259,1,1,1,1,0
1,0,111,329,329,0,1,1,1,1
1,1,28,111,111,0,1,1,1,0
1,2,106,139,139,0,1,1,1,0
1,3,31,245,245,1,1,1,1,0
1,0,18,276,276,0,1,1,1,1
1,1,52,18,18,0,1,1,1,0
1,2,81,70,70,0,1,1,1,0
1,3,79,151,151,1,1,1,1,0
1,0,98,230,230,0,1,1,1,1
1,1,123,98,98,0,1,1,1,0
1,2,51,221,221,0,1,1,1,0
1,3,66,272,272,1,1,1,1,0
1,0,108,338,338,0,1,1,1,1
1,1,96,108,108,0,1,1,1,0
1,2,64,204,204,0,1,1,1,0
1,3,23,268,268,1,1,1,1,0
1,0,70,291,291,0,1,1,1,1
1,1,69,70,70,0,1,1,1,0
1,2,17,139,139,0,1,1,1,0
1,3,102,156,156,1,1,1,1,0
1,0,97,258,258,0,1,1,1,1
1,1,17,97,97,0,1,1,1,0
1,2,55,114,114,0,1,1,1,0
1,3,16,169,169,1,1,1,1,0
1,0,72,185,185,0,1,1,1,1
1,1,40,72,72,0,1,1,1,0
1,2,8,112,112,0,1,1,1,0
1,3,117,120,120,1,1,1,1,0
1,0,44,237,237,0,1,1,1,1
1,1,57,44,44,0,1,1,1,0
1,2,98,101,101,0,1,1,1,0
1,3,87,199,199,1,1,1,1,0
1,0,7,286,286,0,1,1,1,1
1,1,92,7,7,0,1,1,1,0
1,2,19,99,99,0,1,1,1,0
1,3,71,118,118,1,1,1,1,0
1,0,37,189,189,0,1,1,1,1
1,1,37,37,37,0,1,1,1,0
1,2,53,74,74,0,1,1,1,0
1,3,88,127,127,1,1,1,1,0
1,0,119,215,215,0,1,1,1,1
1,1,78,119,119,0,1,1,1,0
1,2,69,197,197,0,1,1,1,0
1,3,30,266,266,1,1,1,1,0
1,0,4,296,296,0,1,1,1,1
1,1,24,4,4,0,1,1,1,0
1,2,51,28,28,0,1,1,1,0
1,3,48,79,79,1,1,1,1,0
1,0,55,127,127,0,1,1,1,1
1,1,2,55,55,0,1,1,1,0
1,2,62,57,57,0,1,1,1,0
1,3,94,119,119,1,1,1,1,0
1,0,67,213,213,0,1,1,1,1
1,1,63,67,67,0,1,1,1,0
1,2,14,130,130,0,1,1,1,0
1,3,10,144,144,1,1,1,1,0
1,0,26,154,154,0,1,1,1,1
1,1,25,26,26,0,1,1,1,0
1,2,118,51,51,0,1,1,1,0
1,3,93,169,169,1,1,1,1,0
1,0,81,262,262,0,1,1,1,1
1,1,99,81,81,0,1,1,1,0
1,2,114,180,180,0,1,1,1,0
1,3,119,294,294,1,1,1,1,0
1,0,117,413,413,0,1,1,1,1
1,1,4,117,117,0,1,1,1,0
1,2,62,121,121,0,1,1,1,0
1,3,61,183,183,1,1,1,1,0
1,0,109,244,244,0,1,1,1,1
1,1,74,109,109,0,1,1,1,0
1,2,8,183,183,0,1,1,1,0
1,3,57,191,191,1,1,1,1,0
1,0,78,248,248,0,1,1,1,1
1,1,44,78,78,0,1,1,1,0
1,2,95,122,122,0,1,1,1,0
1,3,97,217,217,1,1,1,1,0
1,0,61,314,314,0,1,1,1,1
1,1,127,61,61,0,1,1,1,0
1,2,23,188,188,0,1,1,1,0
1,3,87,211,211,1,1,1,1,0
1,0,60,298,298,0,1,1,1,1
1,1,57,60,60,0,1,1,1,0
1,2,34,117,117,0,1,1,1,0
1,3,95,151,151,1,1,1,1,0
1,0,16,246,246,0,1,1,1,1
1,1,83,16,16,0,1,1,1,0
1,2,3,99,99,0,1,1,1,0
1,3,49,102,102,1,1,1,1,0
1,0,11,151,151,0,1,1,1,1
1,1,3,11,11,0,1,1,1,0
1,2,57,14,14,0,1,1,1,0
1,3,76,71,71,1,1,1,1,0
1,0,45,147,147,0,1,1,1,1
1,1,36,45,45,0,1,1,1,0
1,2,37,81,81,0,1,1,1,0
1,3,113,118,118,1,1,1,1,0
1,0,34,231,231,0,1,1,1,1
1,1,4,34,34,0,1,1,1,0
1,2,10,38,38,0,1,1,1,0
1,3,97,48,48,1,1,1,1,0
1,0,15,145,145,0,1,1,1,1
1,1,109,15,15,0,1,1,1,0
1,2,26,124,124,0,1,1,1,0
1,3,9,150,150,1,1,1,1,0
1,0,86,159,159,0,1,1,1,1
1,1,4,86,86,0,1,1,1,0
1,2,112,90,90,0,1,1,1,0
1,3,110,202,202,1,1,1,1,0
1,0,57,312,312,0,1,1,1,1
1,1,9,57,57,0,1,1,1,0
1,2,97,66,66,0,1,1,1,0
1,3,45,163,163,1,1,1,1,0
1,0,59,208,208,0,1,1,1,1
1,1,101,59,59,0,1,1,1,0
1,2,63,160,160,0,1,1,1,0
1,3,15,223,223,1,1,1,1,0
1,0,30,238,238,0,1,1,1,1
1,1,117,30,30,0,1,1,1,0
1,2,49,147,147,0,1,1,1,0
1,3,102,196,196,1,1,1,1,0
1,0,123,298,298,0,1,1,1,1
1,1,71,123,123,0,1,1,1,0
1,2,85,194,194,0,1,1,1,0
1,3,104,279,279,1,1,1,1,0
1,0,100,383,383,0,1,1,1,1
1,1,116,100,100,0,1,1,1,0
1,2,10,216,216,0,1,1,1,0
1,3,52,226,226,1,1,1,1,0
1,0,110,278,278,0,1,1,1,1
1,1,47,110,110,0,1,1,1,0
1,2,23,157,157,0,1,1,1,0
1,3,0,180,180,1,1,1,1,0
1,0,2,180,180,0,1,1,1,1
1,1,47,2,2,0,1,1,1,0
1,2,95,49,49,0,1,1,1,0
1,3,109,144,144,1,1,1,1,0
1,0,35,253,253,0,1,1,1,1
1,1,30,35,35,0,1,1,1,0
1,2,81,65,65,0,1,1,1,0
1,3,98,146,146,1,1,1,1,0
1,0,45,244,244,0,1,1,1,1
1,1,57,45,45,0,1,1,1,0
1,2,46,102,102,0,1,1,1,0
1,3,22,148,148,1,1,1,1,0
1,0,51,170,170,0,1,1,1,1
1,1,13,51,51,0,1,1,1,0
1,2,109,64,64,0,1,1,1,0
1,3,107,173,173,1,1,1,1,0
1,0,71,280,280,0,1,1,1,1
1,1,84,71,71,0,1,1,1,0
1,2,27,155,155,0,1,1,1,0
1,3,77,182,182,1,1,1,1,0
1,0,113,259,259,0,1,1,1,1
1,1,73,113,113,0,1,1,1,0
1,2,41,186,186,0,1,1,1,0
1,3,50,227,227,1,1,1,1,0
1,0,53,277,277,0,1,1,1,1
1,1,14,53,53,0,1,1,1,0
1,2,40,67,67,0,1,1,1,0
1,3,63,107,107,1,1,1,1,0
1,0,65,170,170,0,1,1,1,1
1,1,6,65,65,0,1,1,1,0
1,2,115,71,71,0,1,1,1,0
1,3,66,186,186,1,1,1,1,0
1,0,70,252,252,0,1,1,1,1
1,1,95,70,70,0,1,1,1,0
1,2,125,165,165,0,1,1,1,0
1,3,23,290,290,1,1,1,1,0
1,0,44,313,313,0,1,1,1,1
1,1,125,44,44,0,1,1,1,0
1,2,19,169,169,0,1,1,1,0
1,3,34,188,188,1,1,1,1,0
1,0,61,222,222,0,1,1,1,1
1,1,88,61,61,0,1,1,1,0
1,2,13,149,149,0,1,1,1,0
1,3,14,162,162,1,1,1,1,0
1,0,84,176,176,0,1,1,1,1
1,1,78,84,84,0,1,1,1,0
1,2,71,162,162,0,1,1,1,0
1,3,98,233,233,1,1,1,1,0
1,0,32,331,331,0,1,1,1,1
1,1,83,32,32,0,1,1,1,0
1,2,23,115,115,0,1,1,1,0
1,3,76,138,138,1,1,1,1,0
1,0,37,214,214,0,1,1,1,1
1,1,2,37,37,0,1,1,1,0
1,2,109,39,39,0,1,1,1,0
1,3,96,148,148,1,1,1,1,0
1,0,15,244,244,0,1,1,1,1
1,1,49,15,15,0,1,1,1,0
1,2,23,64,64,0,1,1,1,0
1,3,106,87,87,1,1,1,1,0
1,0,99,193,193,0,1,1,1,1
1,1,104,99,99,0,1,1,1,0
1,2,111,203,203,0,1,1,1,0
1,3,7,314,314,1,1,1,1,0
1,0,95,321,321,0,1,1,1,1
1,1,120,95,95,0,1,1,1,0
1,2,16,215,215,0,1,1,1,0
1,3,87,231,231,1,1,1,1,0
1,0,79,318,318,0,1,1,1,1
1,1,86,79,79,0,1,1,1,0
1,2,54,165,165,0,1,1,1,0
1,3,52,219,219,1,1,1,1,0
1,0,111,271,271,0,1,1,1,1
1,1,42,111,111,0,1,1,1,0
1,2,125,153,153,0,1,1,1,0
1,3,30,278,278,1,1,1,1,0
1,0,14,308,308,0,1,1,1,1
1,1,63,14,14,0,1,1,1,0
1,2,121,77,77,0,1,1,1,0
1,3,51,198,198,1,1,1,1,0
1,0,25,249,249,0,1,1,1,1
1,1,33,25,25,0,1,1,1,0
1,2,91,58,58,0,1,1,1,0
1,3,19,149,149,1,1,1,1,0
1,0,106,168,168,0,1,1,1,1
1,1,2,106,106,0,1,1,1,0
1,2,32,108,108,0,1,1,1,0
1,3,62,140,140,1,1,1,1,0
1,0,125,202,202,0,1,1,1,1
1,1,31,125,125,0,1,1,1,0
1,2,76,156,156,0,1,1,1,0
1,3,32,232,232,1,1,1,1,0
1,0,30,264,264,0,1,1,1,1
1,1,118,30,30,0,1,1,1,0
1,2,13,148,148,0,1,1,1,0
1,3,108,161,161,1,1,1,1,0
1,0,7,269,269,0,1,1,1,1
1,1,19,7,7,0,1,1,1,0
1,2,69,26,26,0,1,1,1,0
1,3,69,95,95,1,1,1,1,0
1,0,49,164,164,0,1,1,1,1
1,1,126,49,49,0,1,1,1,0
1,2,119,175,175,0,1,1,1,0
1,3,88,294,294,1,1,1,1,0
1,0,9,382,382,0,1,1,1,1
1,1,66,9,9,0,1,1,1,0
1,2,0,75,75,0,1,1,1,0
1,3,21,75,75,1,1,1,1,0
1,0,124,96,96,0,1,1,1,1
1,1,5,124,124,0,1,1,1,0
1,2,3,129,129,0,1,1,1,0
1,3,20,132,132,1,1,1,1,0
1,0,34,152,152,0,1,1,1,1
1,1,19,34,34,0,1,1,1,0
1,2,44,53,53,0,1,1,1,0
1,3,32,97,97,1,1,1,1,0
1,0,66,129,129,0,1,1,1,1
1,1,53,66,66,0,1,1,1,0
1,2,6,119,119,0,1,1,1,0
1,3,67,125,125,1,1,1,1,0
1,0,38,192,192,0,1,1,1,1
1,1,42,38,38,0,1,1,1,0
1,2,112,80,80,0,1,1,1,0
1,3,83,192,192,1,1,1,1,0
1,0,112,275,275,0,1,1,1,1
1,1,48,112,112,0,1,1,1,0
1,2,42,160,160,0,1,1,1,0
1,3,77,202,202,1,1,1,1,0
1,0,17,279,279,0,1,1,1,1
1,1,71,17,17,0,1,1,1,0
1,2,58,88,88,0,1,1,1,0
1,3,25,146,146,1,1,1,1,0
1,0,58,171,171,0,1,1,1,1
1,1,63,58,58,0,1,1,1,0
1,2,100,121,121,0,1,1,1,0
1,3,93,221,221,1,1,1,1,0
1,0,41,314,314,0,1,1,1,1
1,1,127,41,41,0,1,1,1,0
1,2,23,168,168,0,1,1,1,0
1,3,80,191,191,1,1,1,1,0
1,0,48,271,271,0,1,1,1,1
1,1,98,48,48,0,1,1,1,0
1,2,77,146,146,0,1,1,1,0
1,3,2,223,223,1,1,1,1,0
1,0,18,225,225,0,1,1,1,1
1,1,126,18,18,0,1,1,1,0
1,2,96,144,144,0,1,1,1,0
1,3,20,240,240,1,1,1,1,0
1,0,52,260,260,0,1,1,1,1
1,1,94,52,52,0,1,1,1,0
1,2,108,146,146,0,1,1,1,0
1,3,19,254,254,1,1,1,1,0
1,0,72,273,273,0,1,1,1,1
1,1,110,72,72,0,1,1,1,0
1,2,115,182,182,0,1,1,1,0
1,3,101,297,297,1,1,1,1,0
1,0,32,398,398,0,1,1,1,1
1,1,102,32,32,0,1,1,1,0
1,2,68,134,134,0,1,1,1,0
1,3,34,202,202,1,1,1,1,0
1,0,22,236,236,0,1,1,1,1
1,1,38,22,22,0,1,1,1,0
1,2,43,60,60,0,1,1,1,0
1,3,103,103,103,1,1,1,1,0
1,0,75,206,206,0,1,1,1,1
1,1,6,75,75,0,1,1,1,0
1,2,105,81,81,0,1,1,1,0
1,3,81,186,186,1,1,1,1,0
1,0,111,267,267,0,1,1,1,1
1,1,2,111,111,0,1,1,1,0
1,2,29,113,113,0,1,1,1,0
1,3,69,142,142,1,1,1,1,0
1,0,65,211,211,0,1,1,1,1
1,1,60,65,65,0,1,1,1,0
1,2,49,125,125,0,1,1,1,0
1,3,92,174,174,1,1,1,1,0
1,0,12,266,266,0,1,1,1,1
1,1,6,12,12,0,1,1,1,0
1,2,104,18,18,0,1,1,1,0
1,3,106,122,122,1,1,1,1,0
1,0,17,228,228,0,1,1,1,1
1,1,70,17,17,0,1,1,1,0
1,2,122,87,87,0,1,1,1,0
1,3,43,209,209,1,1,1,1,0
1,0,45,252,252,0,1,1,1,1
1,1,41,45,45,0,1,1,1,0
1,2,16,86,86,0,1,1,1,0
1,3,14,102,102,1,1,1,1,0
1,0,53,116,116,0,1,1,1,1
1,1,119,53,53,0,1,1,1,0
1,2,98,172,172,0,1,1,1,0
1,3,93,270,270,1,1,1,1,0
1,0,68,363,363,0,1,1,1,1
1,1,105,68,68,0,1,1,1,0
1,2,68,173,173,0,1,1,1,0
1,3,24,241,241,1,1,1,1,0
1,0,121,265,265,0,1,1,1,1
1,1,95,121,121,0,1,1,1,0
1,2,124,216,216,0,1,1,1,0
1,3,4,340,340,1,1,1,1,0
1,0,65,344,344,0,1,1,1,1
1,1,67,65,65,0,1,1,1,0
1,2,52,132,132,0,1,1,1,0
1,3,56,184,184,1,1,1,1,0
1,0,109,240,240,0,1,1,1,1
1,1,63,109,109,0,1,1,1,0
1,2,67,172,172,0,1,1,1,0
1,3,13,239,239,1,1,1,1,0
1,0,86,252,252,0,1,1,1,1
1,1,55,86,86,0,1,1,1,0
1,2,54,141,141,0,1,1,1,0
1,3,116,195,195,1,1,1,1,0
1,0,63,311,311,0,1,1,1,1
1,1,82,63,63,0,1,1,1,0
1,2,5,145,145,0,1,1,1,0
1,3,49,150,150,1,1,1,1,0
1,0,75,199,199,0,1,1,1,1
1,1,40,75,75,0,1,1,1,0
1,2,96,115,115,0,1,1,1,0
1,3,8,211,211,1,1,1,1,0
1,0,70,219,219,0,1,1,1,1
1,1,26,70,70,0,1,1,1,0
1,2,103,96,96,0,1,1,1,0
1,3,27,199,199,1,1,1,1,0
1,0,98,226,226,0,1,1,1,1
1,1,70,98,98,0,1,1,1,0
1,2,12,168,168,0,1,1,1,0
1,3,43,180,180,1,1,1,1,0
1,0,76,223,223,0,1,1,1,1
1,1,86,76,76,0,1,1,1,0
1,2,15,162,162,0,1,1,1,0
1,3,113,177,177,1,1,1,1,0
1,0,121,290,290,0,1,1,1,1
1,1,80,121,121,0,1,1,1,0
1,2,3,201,201,0,1,1,1,0
1,3,20,204,204,1,1,1,1,0
1,0,97,224,224,0,1,1,1,1
1,1,127,97,97,0,1,1,1,0
1,2,25,224,224,0,1,1,1,0
1,3,46,249,249,1,1,1,1,0
1,0,120,295,295,0,1,1,1,1
1,1,114,120,120,0,1,1,1,0
1,2,10,234,234,0,1,1,1,0
1,3,102,244,244,1,1,1,1,0
1,0,50,346,346,0,1,1,1,1
1,1,78,50,50,0,1,1,1,0
1,2,7,128,128,0,1,1,1,0
1,3,21,135,135,1,1,1,1,0
1,0,46,156,156,0,1,1,1,1
1,1,52,46,46,0,1,1,1,0
1,2,87,98,98,0,1,1,1,0
1,3,125,185,185,1,1,1,1,0
1,0,21,310,310,0,1,1,1,1
1,1,48,21,21,0,1,1,1,0
1,2,112,69,69,0,1,1,1,0
1,3,50,181,181,1,1,1,1,0
1,0,100,231,231,0,1,1,1,1
1,1,70,100,100,0,1,1,1,0
1,2,65,170,170,0,1,1,1,0
1,3,28,235,235,1,1,1,1,0
1,0,33,263,263,0,1,1,1,1
1,1,48,33,33,0,1,1,1,0
1,2,111,81,81,0,1,1,1,0
1,3,85,192,192,1,1,1,1,0
1,0,34,277,277,0,1,1,1,1
1,1,27,34,34,0,1,1,1,0
1,2,119,61,61,0,1,1,1,0
1,3,107,180,180,1,1,1,1,0
1,0,24,287,287,0,1,1,1,1
1,1,80,24,24,0,1,1,1,0
1,2,9,104,104,0,1,1,1,0
1,3,16,113,113,1,1,1,1,0
1,0,95,129,129,0,1,1,1,1
1,1,54,95,95,0,1,1,1,0
1,2,60,149,149,0,1,1,1,0
1,3,70,209,209,1,1,1,1,0
1,0,76,279,279,0,1,1,1,1
1,1,114,76,76,0,1,1,1,0
1,2,97,190,190,0,1,1,1,0
1,3,44,287,287,1,1,1,1,0
1,0,60,331,331,0,1,1,1,1
1,1,107,60,60,0,1,1,1,0
1,2,83,167,167,0,1,1,1,0
1,3,47,250,250,1,1,1,1,0
1,0,127,297,297,0,1,1,1,1
1,1,119,127,127,0,1,1,1,0
1,2,82,246,246,0,1,1,1,0
1,3,0,328,328,1,1,1,1,0
1,0,77,328,328,0,1,1,1,1
1,1,127,77,77,0,1,1,1,0
1,2,2,204,204,0,1,1,1,0
1,3,42,206,206,1,1,1,1,0
1,0,96,248,248,0,1,1,1,1
1,1,17,96,96,0,1,1,1,0
1,2,105,113,113,0,1,1,1,0
1,3,54,218,218,1,1,1,1,0
1,0,118,272,272,0,1,1,1,1
1,1,15,118,118,0,1,1,1,0
1,2,121,133,133,0,1,1,1,0
1,3,108,254,254,1,1,1,1,0
1,0,56,362,362,0,1,1,1,1
1,1,114,56,56,0,1,1,1,0
1,2,110,170,170,0,1,1,1,0
1,3,120,280,280,1,1,1,1,0
1,0,54,400,400,0,1,1,1,1
1,1,46,54,54,0,1,1,1,0
1,2,12,100,100,0,1,1,1,0
1,3,12,112,112,1,1,1,1,0
1,0,79,124,124,0,1,1,1,1
1,1,41,79,79,0,1,1,1,0
1,2,87,120,120,0,1,1,1,0
1,3,61,207,207,1,1,1,1,0
1,0,98,268,268,0,1,1,1,1
1,1,116,98,98,0,1,1,1,0
1,2,64,214,214,0,1,1,1,0
1,3,27,278,278,1,1,1,1,0
1,0,60,305,305,0,1,1,1,1
1,1,102,60,60,0,1,1,1,0
1,2,90,162,162,0,1,1,1,0
1,3,101,252,252,1,1,1,1,0
1,0,98,353,353,0,1,1,1,1
1,1,37,98,98,0,1,1,1,0
1,2,117,135,135,0,1,1,1,0
1,3,82,252,252,1,1,1,1,0
1,0,110,334,334,0,1,1,1,1
1,1,25,110,110,0,1,1,1,0
1,2,33,135,135,0,1,1,1,0
1,3,85,168,168,1,1,1,1,0
1,0,9,253,253,0,1,1,1,1
1,1,81,9,9,0,1,1,1,0
1,2,0,90,90,0,1,1,1,0
1,3,70,90,90,1,1,1,1,0
1,0,127,160,160,0,1,1,1,1
1,1,30,127,127,0,1,1,1,0
1,2,1,157,157,0,1,1,1,0
1,3,97,158,158,1,1,1,1,0
1,0,82,255,255,0,1,1,1,1
1,1,83,82,82,0,1,1,1,0
1,2,13,165,165,0,1,1,1,0
1,3,65,178,178,1,1,1,1,0
1,0,71,243,243,0,1,1,1,1
1,1,26,71,71,0,1,1,1,0
1,2,124,97,97,0,1,1,1,0
1,3,33,221,221,1,1,1,1,0
1,0,104,254,254,0,1,1,1,1
1,1,76,104,104,0,1,1,1,0
1,2,114,180,180,0,1,1,1,0
1,3,44,294,294,1,1,1,1,0
1,0,82,338,338,0,1,1,1,1
1,1,30,82,82,0,1,1,1,0
1,2,36,112,112,0,1,1,1,0
1,3,28,148,148,1,1,1,1,0
1,0,42,176,176,0,1,1,1,1
1,1,111,42,42,0,1,1,1,0
1,2,71,153,153,0,1,1,1,0
1,3,114,224,224,1,1,1,1,0
1,0,23,338,338,0,1,1,1,1
1,1,37,23,23,0,1,1,1,0
1,2,21,60,60,0,1,1,1,0
1,3,105,81,81,1,1,1,1,0
1,0,105,186,186,0,1,1,1,1
1,1,17,105,105,0,1,1,1,0
1,2,48,122,122,0,1,1,1,0
1,3,6,170,170,1,1,1,1,0
1,0,94,176,176,0,1,1,1,1
1,1,66,94,94,0,1,1,1,0
1,2,77,160,160,0,1,1,1,0
1,3,105,237,237,1,1,1,1,0
1,0,16,342,342,0,1,1,1,1
1,1,119,16,16,0,1,1,1,0
1,2,70,135,135,0,1,1,1,0
1,3,16,205,205,1,1,1,1,0
1,0,9,221,221,0,1,1,1,1
1,1,49,9,9,0,1,1,1,0
1,2,8,58,58,0,1,1,1,0
1,3,37,66,66,1,1,1,1,0
1,0,84,103,103,0,1,1,1,1
1,1,86,84,84,0,1,1,1,0
1,2,60,170,170,0,1,1,1,0
1,3,10,230,230,1,1,1,1,0
1,0,96,240,240,0,1,1,1,1
1,1,116,96,96,0,1,1,1,0
1,2,74,212,212,0,1,1,1,0
1,3,20,286,286,1,1,1,1,0
1,0,50,306,306,0,1,1,1,1
1,1,83,50,50,0,1,1,1,0
1,2,86,133,133,0,1,1,1,0
1,3,104,219,219,1,1,1,1,0
1,0,92,323,323,0,1,1,1,1
1,1,22,92,92,0,1,1,1,0
1,2,60,114,114,0,1,1,1,0
1,3,69,174,174,1,1,1,1,0
1,0,94,243,243,0,1,1,1,1
1,1,114,94,94,0,1,1,1,0
1,2,31,208,208,0,1,1,1,0
1,3,75,239,239,1,1,1,1,0
1,0,21,314,314,0,1,1,1,1
1,1,116,21,21,0,1,1,1,0
1,2,45,137,137,0,1,1,1,0
1,3,111,182,182,1,1,1,1,0
1,0,19,293,293,0,1,1,1,1
1,1,48,19,19,0,1,1,1,0
1,2,67,67,67,0,1,1,1,0
1,3,111,134,134,1,1,1,1,0
1,0,4,245,245,0,1,1,1,1
1,1,58,4,4,0,1,1,1,0
1,2,122,62,62,0,1,1,1,0
1,3,24,184,184,1,1,1,1,0
1,0,45,208,208,0,1,1,1,1
1,1,93,45,45,0,1,1,1,0
1,2,2,138,138,0,1,1,1,0
1,3,106,140,140,1,1,1,1,0
1,0,124,246,246,0,1,1,1,1
1,1,86,124,124,0,1,1,1,0
1,2,10,210,210,0,1,1,1,0
1,3,52,220,220,1,1,1,1,0
1,0,116,272,272,0,1,1,1,1
1,1,70,116,116,0,1,1,1,0
1,2,92,186,186,0,1,1,1,0
1,3,112,278,278,1,1,1,1,0
1,0,76,390,390,0,1,1,1,1
1,1,80,76,76,0,1,1,1,0
1,2,30,156,156,0,1,1,1,0
1,3,112,186,186,1,1,1,1,0
1,0,42,298,298,0,1,1,1,1
1,1,42,42,42,0,1,1,1,0
1,2,72,84,84,0,1,1,1,0
1,3,27,156,156,1,1,1,1,0
1,0,66,183,183,0,1,1,1,1
1,1,88,66,66,0,1,1,1,0
1,2,123,154,154,0,1,1,1,0
1,3,1,277,277,1,1,1,1,0
1,0,47,278,278,0,1,1,1,1
1,1,88,47,47,0,1,1,1,0
1,2,77,135,135,0,1,1,1,0
1,3,31,212,212,1,1,1,1,0
1,0,69,243,243,0,1,1,1,1
1,1,1,69,69,0,1,1,1,0
1,2,26,70,70,0,1,1,1,0
1,3,87,96,96,1,1,1,1,0
1,0,79,183,183,0,1,1,1,1
1,1,75,79,79,0,1,1,1,0
1,2,111,154,154,0,1,1,1,0
1,3,121,265,265,1,1,1,1,0
1,0,27,386,386,0,1,1,1,1
1,1,9,27,27,0,1,1,1,0
1,2,8,36,36,0,1,1,1,0
1,3,81,44,44,1,1,1,1,0
1,0,64,125,125,0,1,1,1,1
1,1,35,64,64,0,1,1,1,0
1,2,115,99,99,0,1,1,1,0
1,3,65,214,214,1,1,1,1,0
1,0,93,279,279,0,1,1,1,1
1,1,9,93,93,0,1,1,1,0
1,2,115,102,102,0,1,1,1,0
1,3,57,217,217,1,1,1,1,0
1,0,7,274,274,0,1,1,1,1
1,1,113,7,7,0,1,1,1,0
1,2,96,120,120,0,1,1,1,0
1,3,29,216,216,1,1,1,1,0
1,0,115,245,245,0,1,1,1,1
1,1,7,115,115,0,1,1,1,0
1,2,62,122,122,0,1,1,1,0
1,3,68,184,184,1,1,1,1,0
1,0,63,252,252,0,1,1,1,1
1,1,117,63,63,0,1,1,1,0
1,2,56,180,180,0,1,1,1,0
1,3,4,236,236,1,1,1,1,0
1,0,22,240,240,0,1,1,1,1
1,1,127,22,22,0,1,1,1,0
1,2,83,149,149,0,1,1,1,0
1,3,30,232,232,1,1,1,1,0
1,0,79,262,262,0,1,1,1,1
1,1,15,79,79,0,1,1,1,0
1,2,33,94,94,0,1,1,1,0
1,3,92,127,127,1,1,1,1,0
1,0,27,219,219,0,1,1,1,1
1,1,34,27,27,0,1,1,1,0
1,2,118,61,61,0,1,1,1,0
1,3,100,179,179,1,1,1,1,0
1,0,63,279,279,0,1,1,1,1
1,1,16,63,63,0,1,1,1,0
1,2,69,79,79,0,1,1,1,0
1,3,21,148,148,1,1,1,1,0
1,0,65,169,169,0,1,1,1,1
1,1,73,65,65,0,1,1,1,0
1,2,47,138,138,0,1,1,1,0
1,3,110,185,185,1,1,1,1,0
1,0,107,295,295,0,1,1,1,1
1,1,35,107,107,0,1,1,1,0
1,2,58,142,142,0,1,1,1,0
1,3,24,200,200,1,1,1,1,0
1,0,73,224,224,0,1,1,1,1
1,1,118,73,73,0,1,1,1,0
1,2,16,191,191,0,1,1,1,0
1,3,80,207,207,1,1,1,1,0
1,0,103,287,287,0,1,1,1,1
1,1,29,103,103,0,1,1,1,0
1,2,73,132,132,0,1,1,1,0
1,3,22,205,205,1,1,1,1,0
1,0,114,227,227,0,1,1,1,1
1,1,74,114,114,0,1,1,1,0
1,2,11,188,188,0,1,1,1,0
1,3,2,199,199,1,1,1,1,0
1,0,68,201,201,0,1,1,1,1
1,1,75,68,68,0,1,1,1,0
1,2,71,143,143,0,1,1,1,0
1,3,21,214,214,1,1,1,1,0
1,0,45,235,235,0,1,1,1,1
1,1,99,45,45,0,1,1,1,0
1,2,107,144,144,0,1,1,1,0
1,3,20,251,251,1,1,1,1,0
1,0,89,271,271,0,1,1,1,1
1,1,42,89,89,0,1,1,1,0
1,2,76,131,131,0,1,1,1,0
1,3,49,207,207,1,1,1,1,0
1,0,77,256,256,0,1,1,1,1
1,1,3,77,77,0,1,1,1,0
1,2,101,80,80,0,1,1,1,0
1,3,48,181,181,1,1,1,1,0
1,0,84,229,229,0,1,1,1,1
1,1,69,84,84,0,1,1,1,0
1,2,10,153,153,0,1,1,1,0
1,3,21,163,163,1,1,1,1,0
1,0,33,184,184,0,1,1,1,1
1,1,91,33,33,0,1,1,1,0
1,2,22,124,124,0,1,1,1,0
1,3,38,146,146,1,1,1,1,0
1,0,114,184,184,0,1,1,1,1
1,1,44,114,114,0,1,1,1,0
1,2,115,158,158,0,1,1,1,0
1,3,119,273,273,1,1,1,1,0
1,0,94,392,392,0,1,1,1,1
1,1,53,94,94,0,1,1,1,0
1,2,73,147,147,0,1,1,1,0
1,3,100,220,220,1,1,1,1,0
1,0,3,320,320,0,1,1,1,1
1,1,81,3,3,0,1,1,1,0
1,2,3,84,84,0,1,1,1,0
1,3,44,87,87,1,1,1,1,0
1,0,38,131,131,0,1,1,1,1
1,1,107,38,38,0,1,1,1,0
1,2,80,145,145,0,1,1,1,0
1,3,100,225,225,1,1,1,1,0
1,0,43,325,325,0,1,1,1,1
1,1,83,43,43,0,1,1,1,0
1,2,20,126,126,0,1,1,1,0
1,3,72,146,146,1,1,1,1,0
1,0,0,218,218,0,1,1,1,1
1,1,32,0,0,0,1,1,1,0
1,2,115,32,32,0,1,1,1,0
1,3,38,147,147,1,1,1,1,0
1,0,11,185,185,0,1,1,1,1
1,1,4,11,11,0,1,1,1,0
1,2,46,15,15,0,1,1,1,0
1,3,10,61,61,1,1,1,1,0
1,0,115,71,71,0,1,1,1,1
1,1,52,115,115,0,1,1,1,0
1,2,125,167,167,0,1,1,1,0
1,3,123,292,292,1,1,1,1,0
1,0,43,415,415,0,1,1,1,1
1,1,80,43,43,0,1,1,1,0
1,2,12,123,123,0,1,1,1,0
1,3,127,135,135,1,1,1,1,0
1,0,96,262,262,0,1,1,1,1
1,1,32,96,96,0,1,1,1,0
1,2,5,128,128,0,1,1,1,0
1,3,56,133,133,1,1,1,1,0
1,0,32,189,189,0,1,1,1,1
1,1,41,32,32,0,1,1,1,0
1,2,101,73,73,0,1,1,1,0
1,3,94,174,174,1,1,1,1,0
1,0,86,268,268,0,1,1,1,1
1,1,6,86,86,0,1,1,1,0
1,2,5,92,92,0,1,1,1,0
1,3,62,97,97,1,1,1,1,0
1,0,124,159,159,0,1,1,1,1
1,1,68,124,124,0,1,1,1,0
1,2,95,192,192,0,1,1,1,0
1,3,104,287,287,1,1,1,1,0
1,0,8,391,391,0,1,1,1,1
1,1,78,8,8,0,1,1,1,0
1,2,124,86,86,0,1,1,1,0
1,3,36,210,210,1,1,1,1,0
1,0,23,246,246,0,1,1,1,1
1,1,6,23,23,0,1,1,1,0
1,2,41,29,29,0,1,1,1,0
1,3,74,70,70,1,1,1,1,0
1,0,19,144,144,0,1,1,1,1
1,1,65,19,19,0,1,1,1,0
1,2,0,84,84,0,1,1,1,0
1,3,114,84,84,1,1,1,1,0
1,0,87,198,198,0,1,1,1,1
1,1,79,87,87,0,1,1,1,0
1,2,68,166,166,0,1,1,1,0
1,3,25,234,234,1,1,1,1,0
1,0,14,259,259,0,1,1,1,1
1,1,55,14,14,0,1,1,1,0
1,2,58,69,69,0,1,1,1,0
1,3,12,127,127,1,1,1,1,0
1,0,93,139,139,0,1,1,1,1
1,1,47,93,93,0,1,1,1,0
1,2,120,140,140,0,1,1,1,0
1,3,48,260,260,1,1,1,1,0
1,0,55,308,308,0,1,1,1,1
1,1,53,55,55,0,1,1,1,0
1,2,70,108,108,0,1,1,1,0
1,3,53,178,178,1,1,1,1,0
1,0,83,231,231,0,1,1,1,1
1,1,78,83,83,0,1,1,1,0
1,2,72,161,161,0,1,1,1,0
1,3,12,233,233,1,1,1,1,0
1,0,123,245,245,0,1,1,1,1
1,1,48,123,123,0,1,1,1,0
1,2,112,171,171,0,1,1,1,0
1,3,17,283,283,1,1,1,1,0
1,0,44,300,300,0,1,1,1,1
1,1,98,44,44,0,1,1,1,0
1,2,17,142,142,0,1,1,1,0
1,3,86,159,159,1,1,1,1,0
1,0,97,245,245,0,1,1,1,1
1,1,22,97,97,0,1,1,1,0
1,2,100,119,119,0,1,1,1,0
1,3,112,219,219,1,1,1,1,0
1,0,16,331,331,0,1,1,1,1
1,1,28,16,16,0,1,1,1,0
1,2,35,44,44,0,1,1,1,0
1,3,122,79,79,1,1,1,1,0
1,0,126,201,201,0,1,1,1,1
1,1,30,126,126,0,1,1,1,0
1,2,10,156,156,0,1,1,1,0
1,3,113,166,166,1,1,1,1,0
1,0,46,279,279,0,1,1,1,1
1,1,11,46,46,0,1,1,1,0
1,2,0,57,57,0,1,1,1,0
1,3,33,57,57,1,1,1,1,0
1,0,46,90,90,0,1,1,1,1
1,1,71,46,46,0,1,1,1,0
1,2,50,117,117,0,1,1,1,0
1,3,108,167,167,1,1,1,1,0
1,0,48,275,275,0,1,1,1,1
1,1,7,48,48,0,1,1,1,0
1,2,38,55,55,0,1,1,1,0
1,3,58,93,93,1,1,1,1,0
1,0,126,151,151,0,1,1,1,1
1,1,101,126,126,0,1,1,1,0
1,2,121,227,227,0,1,1,1,0
1,3,124,348,348,1,1,1,1,0
1,0,108,472,472,0,1,1,1,1
1,1,98,108,108,0,1,1,1,0
1,2,13,206,206,0,1,1,1,0
1,3,103,219,219,1,1,1,1,0
1,0,72,322,322,0,1,1,1,1
1,1,84,72,72,0,1,1,1,0
1,2,67,156,156,0,1,1,1,0
1,3,87,223,223,1,1,1,1,0
1,0,105,310,310,0,1,1,1,1
1,1,47,105,105,0,1,1,1,0
1,2,33,152,152,0,1,1,1,0
1,3,33,185,185,1,1,1,1,0
1,0,116,218,218,0,1,1,1,1
1,1,59,116,116,0,1,1,1,0
1,2,22,175,175,0,1,1,1,0
1,3,43,197,197,1,1,1,1,0
1,0,6,240,240,0,1,1,1,1
1,1,98,6,6,0,1,1,1,0
1,2,35,104,104,0,1,1,1,0
1,3,33,139,139,1,1,1,1,0
1,0,76,172,172,0,1,1,1,1
1,1,45,76,76,0,1,1,1,0
1,2,86,121,121,0,1,1,1,0
1,3,58,207,207,1,1,1,1,0
1,0,41,265,265,0,1,1,1,1
1,1,61,41,41,0,1,1,1,0
1,2,12,102,102,0,1,1,1,0
1,3,1,114,114,1,1,1,1,0
1,0,2,115,115,0,1,1,1,1
1,1,60,2,2,0,1,1,1,0
1,2,33,62,62,0,1,1,1,0
1,3,63,95,95,1,1,1,1,0
1,0,82,158,158,0,1,1,1,1
1,1,74,82,82,0,1,1,1,0
1,2,86,156,156,0,1,1,1,0
1,3,107,242,242,1,1,1,1,0
1,0,76,349,349,0,1,1,1,1
1,1,38,76,76,0,1,1,1,0
1,2,61,114,114,0,1,1,1,0
1,3,10,175,175,1,1,1,1,0
1,0,27,185,185,0,1,1,1,1
1,1,62,27,27,0,1,1,1,0
1,2,23,89,89,0,1,1,1,0
1,3,74,112,112,1,1,1,1,0
1,0,0,186,186,0,1,1,1,1
1,1,106,0,0,0,1,1,1,0
1,2,127,106,106,0,1,1,1,0
1,3,23,233,233,1,1,1,1,0
1,0,14,256,256,0,1,1,1,1
1,1,96,14,14,0,1,1,1,0
1,2,39,110,110,0,1,1,1,0
1,3,83,149,149,1,1,1,1,0
1,0,123,232,232,0,1,1,1,1
1,1,99,123,123,0,1,1,1,0
1,2,53,222,222,0,1,1,1,0
1,3,23,275,275,1,1,1,1,0
1,0,78,298,298,0,1,1,1,1
1,1,108,78,78,0,1,1,1,0
1,2,40,186,186,0,1,1,1,0
1,3,33,226,226,1,1,1,1,0
1,0,107,259,259,0,1,1,1,1
1,1,5,107,107,0,1,1,1,0
1,2,67,112,112,0,1,1,1,0
1,3,88,179,179,1,1,1,1,0
1,0,22,267,267,0,1,1,1,1
1,1,66,22,22,0,1,1,1,0
1,2,4,88,88,0,1,1,1,0
1,3,84,92,92,1,1,1,1,0
1,0,26,176,176,0,1,1,1,1
1,1,10,26,26,0,1,1,1,0
1,2,83,36,36,0,1,1,1,0
1,3,23,119,119,1,1,1,1,0
1,0,64,142,142,0,1,1,1,1
1,1,103,64,64,0,1,1,1,0
1,2,23,167,167,0,1,1,1,0
1,3,93,190,190,1,1,1,1,0
1,0,38,283,283,0,1,1,1,1
1,1,101,38,38,0,1,1,1,0
1,2,13,139,139,0,1,1,1,0
1,3,40,152,152,1,1,1,1,0
1,0,113,192,192,0,1,1,1,1
1,1,67,113,113,0,1,1,1,0
1,2,52,180,180,0,1,1,1,0
1,3,79,232,232,1,1,1,1,0
1,0,75,311,311,0,1,1,1,1
1,1,10,75,75,0,1,1,1,0
1,2,68,85,85,0,1,1,1,0
1,3,63,153,153,1,1,1,1,0
1,0,112,216,216,0,1,1,1,1
1,1,19,112,112,0,1,1,1,0
1,2,61,131,131,0,1,1,1,0
1,3,69,192,192,1,1,1,1,0
1,0,126,261,261,0,1,1,1,1
1,1,108,126,126,0,1,1,1,0
1,2,27,234,234,0,1,1,1,0
1,3,3,261,261,1,1,1,1,0
1,0,77,264,264,0,1,1,1,1
1,1,114,77,77,0,1,1,1,0
1,2,94,191,191,0,1,1,1,0
1,3,54,285,285,1,1,1,1,0
1,0,6,339,339,0,1,1,1,1
1,1,98,6,6,0,1,1,1,0
1,2,23,104,104,0,1,1,1,0
1,3,37,127,127,1,1,1,1,0
1,0,126,164,164,0,1,1,1,1
1,1,23,126,126,0,1,1,1,0
1,2,127,149,149,0,1,1,1,0
1,3,52,276,276,1,1,1,1,0
1,0,70,328,328,0,1,1,1,1
1,1,1,70,70,0,1,1,1,0
1,2,14,71,71,0,1,1,1,0
1,3,46,85,85,1,1,1,1,0
1,0,29,131,131,0,1,1,1,1
1,1,15,29,29,0,1,1,1,0
1,2,23,44,44,0,1,1,1,0
1,3,71,67,67,1,1,1,1,0
1,0,46,138,138,0,1,1,1,1
1,1,17,46,46,0,1,1,1,0
1,2,123,63,63,0,1,1,1,0
1,3,17,186,186,1,1,1,1,0
1,0,82,203,203,0,1,1,1,1
1,1,27,82,82,0,1,1,1,0
1,2,38,109,109,0,1,1,1,0
1,3,82,147,147,1,1,1,1,0
1,0,41,229,229,0,1,1,1,1
1,1,6,41,41,0,1,1,1,0
1,2,39,47,47,0,1,1,1,0
1,3,54,86,86,1,1,1,1,0
1,0,35,140,140,0,1,1,1,1
1,1,51,35,35,0,1,1,1,0
1,2,43,86,86,0,1,1,1,0
1,3,53,129,129,1,1,1,1,0
1,0,31,182,182,0,1,1,1,1
1,1,113,31,31,0,1,1,1,0
1,2,118,144,144,0,1,1,1,0
1,3,15,262,262,1,1,1,1,0
1,0,79,277,277,0,1,1,1,1
1,1,109,79,79,0,1,1,1,0
1,2,27,188,188,0,1,1,1,0
1,3,11,215,215,1,1,1,1,0
1,0,73,226,226,0,1,1,1,1
1,1,52,73,73,0,1,1,1,0
1,2,22,125,125,0,1,1,1,0
1,3,109,147,147,1,1,1,1,0
1,0,75,256,256,0,1,1,1,1
1,1,32,75,75,0,1,1,1,0
1,2,105,107,107,0,1,1,1,0
1,3,114,212,212,1,1,1,1,0
1,0,101,326,326,0,1,1,1,1
1,1,59,101,101,0,1,1,1,0
1,2,23,160,160,0,1,1,1,0
1,3,49,183,183,1,1,1,1,0
1,0,82,232,232,0,1,1,1,1
1,1,93,82,82,0,1,1,1,0
1,2,5,175,175,0,1,1,1,0
1,3,54,180,180,1,1,1,1,0
1,0,23,234,234,0,1,1,1,1
1,1,112,23,23,0,1,1,1,0
1,2,13,135,135,0,1,1,1,0
1,3,71,148,148,1,1,1,1,0
1,0,103,219,219,0,1,1,1,1
1,1,62,103,103,0,1,1,1,0
1,2,112,165,165,0,1,1,1,0
1,3,33,277,277,1,1,1,1,0
1,0,124,310,310,0,1,1,1,1
1,1,39,124,124,0,1,1,1,0
1,2,19,163,163,0,1,1,1,0
1,3,120,182,182,1,1,1,1,0
1,0,56,302,302,0,1,1,1,1
1,1,111,56,56,0,1,1,1,0
1,2,35,167,167,0,1,1,1,0
1,3,42,202,202,1,1,1,1,0
1,0,41,244,244,0,1,1,1,1
1,1,39,41,41,0,1,1,1,0
1,2,21,80,80,0,1,1,1,0
1,3,67,101,101,1,1,1,1,0
1,0,18,168,168,0,1,1,1,1
1,1,6,18,18,0,1,1,1,0
1,2,24,24,24,0,1,1,1,0
1,3,79,48,48,1,1,1,1,0
1,0,114,127,127,0,1,1,1,1
1,1,26,114,114,0,1,1,1,0
1,2,87,140,140,0,1,1,1,0
1,3,125,227,227,1,1,1,1,0
1,0,17,352,352,0,1,1,1,1
1,1,15,17,17,0,1,1,1,0
1,2,33,32,32,0,1,1,1,0
1,3,126,65,65,1,1,1,1,0
1,0,7,191,191,0,1,1,1,1
1,1,35,7,7,0,1,1,1,0
1,2,60,42,42,0,1,1,1,0
1,3,52,102,102,1,1,1,1,0
1,0,122,154,154,0,1,1,1,1
1,1,13,122,122,0,1,1,1,0
1,2,105,135,135,0,1,1,1,0
1,3,109,240,240,1,1,1,1,0
1,0,55,349,349,0,1,1,1,1
1,1,0,55,55,0,1,1,1,0
1,2,126,55,55,0,1,1,1,0
1,3,6,181,181,1,1,1,1,0
1,0,10,187,187,0,1,1,1,1
1,1,115,10,10,0,1,1,1,0
1,2,5,125,125,0,1,1,1,0
1,3,104,130,130,1,1,1,1,0
1,0,127,234,234,0,1,1,1,1
1,1,93,127,127,0,1,1,1,0
1,2,87,220,220,0,1,1,1,0
1,3,25,307,307,1,1,1,1,0
1,0,14,332,332,0,1,1,1,1
1,1,80,14,14,0,1,1,1,0
1,2,50,94,94,0,1,1,1,0
1,3,125,144,144,1,1,1,1,0
1,0,114,269,269,0,1,1,1,1
1,1,20,114,114,0,1,1,1,0
1,2,98,134,134,0,1,1,1,0
1,3,47,232,232,1,1,1,1,0
1,0,101,279,279,0,1,1,1,1
1,1,54,101,101,0,1,1,1,0
1,2,68,155,155,0,1,1,1,0
1,3,12,223,223,1,1,1,1,0
1,0,68,235,235,0,1,1,1,1
1,1,88,68,68,0,1,1,1,0
1,2,48,156,156,0,1,1,1,0
1,3,75,204,204,1,1,1,1,0
1,0,7,279,279,0,1,1,1,1
1,1,52,7,7,0,1,1,1,0
1,2,2,59,59,0,1,1,1,0
1,3,79,61,61,1,1,1,1,0
1,0,123,140,140,0,1,1,1,1
1,1,99,123,123,0,1,1,1,0
1,2,84,222,222,0,1,1,1,0
1,3,104,306,306,1,1,1,1,0
1,0,120,410,410,0,1,1,1,1
1,1,24,120,120,0,1,1,1,0
1,2,60,144,144,0,1,1,1,0
1,3,122,204,204,1,1,1,1,0
1,0,43,326,326,0,1,1,1,1
1,1,73,43,43,0,1,1,1,0
1,2,101,116,116,0,1,1,1,0
1,3,55,217,217,1,1,1,1,0
1,0,27,272,272,0,1,1,1,1
1,1,57,27,27,0,1,1,1,0
1,2,61,84,84,0,1,1,1,0
1,3,17,145,145,1,1,1,1,0
1,0,18,162,162,0,1,1,1,1
1,1,124,18,18,0,1,1,1,0
1,2,119,142,142,0,1,1,1,0
1,3,66,261,261,1,1,1,1,0
1,0,56,327,327,0,1,1,1,1
1,1,36,56,56,0,1,1,1,0
1,2,46,92,92,0,1,1,1,0
1,3,26,138,138,1,1,1,1,0
1,0,95,164,164,0,1,1,1,1
1,1,96,95,95,0,1,1,1,0
1,2,102,191,191,0,1,1,1,0
1,3,16,293,293,1,1,1,1,0
1,0,62,309,309,0,1,1,1,1
1,1,89,62,62,0,1,1,1,0
1,2,1,151,151,0,1,1,1,0
1,3,13,152,152,1,1,1,1,0
1,0,104,165,165,0,1,1,1,1
1,1,0,104,104,0,1,1,1,0
1,2,15,104,104,0,1,1,1,0
1,3,9,119,119,1,1,1,1,0
1,0,7,128,128,0,1,1,1,1
1,1,20,7,7,0,1,1,1,0
1,2,9,27,27,0,1,1,1,0
1,3,4,36,36,1,1,1,1,0
1,0,40,40,40,0,1,1,1,1
1,1,3,40,40,0,1,1,1,0
1,2,50,43,43,0,1,1,1,0
1,3,33,93,93,1,1,1,1,0
1,0,6,126,126,0,1,1,1,1
1,1,95,6,6,0,1,1,1,0
1,2,99,101,101,0,1,1,1,0
1,3,3,200,200,1,1,1,1,0
1,0,27,203,203,0,1,1,1,1
1,1,88,27,27,0,1,1,1,0
1,2,74,115,115,0,1,1,1,0
1,3,19,189,189,1,1,1,1,0
1,0,92,208,208,0,1,1,1,1
1,1,38,92,92,0,1,1,1,0
1,2,29,130,130,0,1,1,1,0
1,3,102,159,159,1,1,1,1,0
1,0,94,261,261,0,1,1,1,1
1,1,8,94,94,0,1,1,1,0
1,2,115,102,102,0,1,1,1,0
1,3,120,217,217,1,1,1,1,0
1,0,61,337,337,0,1,1,1,1
1,1,103,61,61,0,1,1,1,0
1,2,59,164,164,0,1,1,1,0
1,3,3,223,223,1,1,1,1,0
1,0,105,226,226,0,1,1,1,1
1,1,56,105,105,0,1,1,1,0
1,2,58,161,161,0,1,1,1,0
1,3,49,219,219,1,1,1,1,0
1,0,37,268,268,0,1,1,1,1
1,1,113,37,37,0,1,1,1,0
1,2,40,150,150,0,1,1,1,0
1,3,53,190,190,1,1,1,1,0
1,0,30,243,243,0,1,1,1,1
1,1,2,30,30,0,1,1,1,0
1,2,47,32,32,0,1,1,1,0
1,3,26,79,79,1,1,1,1,0
1,0,126,105,105,0,1,1,1,1
1,1,20,126,126,0,1,1,1,0
1,2,69,146,146,0,1,1,1,0
1,3,15,215,215,1,1,1,1,0
1,0,84,230,230,0,1,1,1,1
1,1,47,84,84,0,1,1,1,0
1,2,35,131,131,0,1,1,1,0
1,3,96,166,166,1,1,1,1,0
1,0,46,262,262,0,1,1,1,1
1,1,46,46,46,0,1,1,1,0
1,2,126,92,92,0,1,1,1,0
1,3,41,218,218,1,1,1,1,0
1,0,68,259,259,0,1,1,1,1
1,1,6,68,68,0,1,1,1,0
1,2,117,74,74,0,1,1,1,0
1,3,2,191,191,1,1,1,1,0
1,0,34,193,193,0,1,1,1,1
1,1,3,34,34,0,1,1,1,0
1,2,13,37,37,0,1,1,1,0
1,3,29,50,50,1,1,1,1,0
1,0,48,79,79,0,1,1,1,1
1,1,52,48,48,0,1,1,1,0
1,2,84,100,100,0,1,1,1,0
1,3,75,184,184,1,1,1,1,0
1,0,37,259,259,0,1,1,1,1
1,1,76,37,37,0,1,1,1,0
1,2,90,113,113,0,1,1,1,0
1,3,30,203,203,1,1,1,1,0
1,0,82,233,233,0,1,1,1,1
1,1,37,82,82,0,1,1,1,0
1,2,32,119,119,0,1,1,1,0
1,3,102,151,151,1,1,1,1,0
1,0,105,253,253,0,1,1,1,1
1,1,54,105,105,0,1,1,1,0
1,2,9,159,159,0,1,1,1,0
1,3,88,168,168,1,1,1,1,0
1,0,52,256,256,0,1,1,1,1
1,1,78,52,52,0,1,1,1,0
1,2,62,130,130,0,1,1,1,0
1,3,89,192,192,1,1,1,1,0
1,0,109,281,281,0,1,1,1,1
1,1,86,109,109,0,1,1,1,0
1,2,109,195,195,0,1,1,1,0
1,3,26,304,304,1,1,1,1,0
1,0,70,330,330,0,1,1,1,1
1,1,107,70,70,0,1,1,1,0
1,2,111,177,177,0,1,1,1,0
1,3,0,288,288,1,1,1,1,0
1,0,1,288,288,0,1,1,1,1
1,1,21,1,1,0,1,1,1,0
1,2,97,22,22,0,1,1,1,0
1,3,58,119,119,1,1,1,1,0
1,0,72,177,177,0,1,1,1,1
1,1,76,72,72,0,1,1,1,0
1,2,56,148,148,0,1,1,1,0
1,3,103,204,204,1,1,1,1,0
1,0,80,307,307,0,1,1,1,1
1,1,0,80,80,0,1,1,1,0
1,2,42,80,80,0,1,1,1,0
1,3,57,122,122,1,1,1,1,0
1,0,44,179,179,0,1,1,1,1
1,1,31,44,44,0,1,1,1,0
1,2,126,75,75,0,1,1,1,0
1,3,3,201,201,1,1,1,1,0
1,0,47,204,204,0,1,1,1,1
1,1,40,47,47,0,1,1,1,0
1,2,68,87,87,0,1,1,1,0
1,3,87,155,155,1,1,1,1,0
1,0,62,242,242,0,1,1,1,1
1,1,0,62,62,0,1,1,1,0
1,2,69,62,62,0,1,1,1,0
1,3,47,131,131,1,1,1,1,0
1,0,56,178,178,0,1,1,1,1
1,1,91,56,56,0,1,1,1,0
1,2,108,147,147,0,1,1,1,0
1,3,25,255,255,1,1,1,1,0
1,0,125,280,280,0,1,1,1,1
1,1,77,125,125,0,1,1,1,0
1,2,0,202,202,0,1,1,1,0
1,3,70,202,202,1,1,1,1,0
1,0,100,272,272,0,1,1,1,1
1,1,21,100,100,0,1,1,1,0
1,2,119,121,121,0,1,1,1,0
1,3,12,240,240,1,1,1,1,0
1,0,77,252,252,0,1,1,1,1
1,1,56,77,77,0,1,1,1,0
1,2,38,133,133,0,1,1,1,0
1,3,44,171,171,1,1,1,1,0
1,0,28,215,215,0,1,1,1,1
1,1,2,28,28,0,1,1,1,0
1,2,108,30,30,0,1,1,1,0
1,3,113,138,138,1,1,1,1,0
1,0,21,251,251,0,1,1,1,1
1,1,99,21,21,0,1,1,1,0
1,2,69,120,120,0,1,1,1,0
1,3,25,189,189,1,1,1,1,0
1,0,30,214,214,0,1,1,1,1
1,1,47,30,30,0,1,1,1,0
1,2,99,77,77,0,1,1,1,0
1,3,120,176,176,1,1,1,1,0
1,0,39,296,296,0,1,1,1,1
1,1,120,39,39,0,1,1,1,0
1,2,114,159,159,0,1,1,1,0
1,3,89,273,273,1,1,1,1,0
1,0,60,362,362,0,1,1,1,1
1,1,38,60,60,0,1,1,1,0
1,2,105,98,98,0,1,1,1,0
1,3,68,203,203,1,1,1,1,0
1,0,124,271,271,0,1,1,1,1
1,1,84,124,124,0,1,1,1,0
1,2,97,208,208,0,1,1,1,0
1,3,123,305,305,1,1,1,1,0
1,0,25,428,428,0,1,1,1,1
1,1,0,25,25,0,1,1,1,0
1,2,106,25,25,0,1,1,1,0
1,3,64,131,131,1,1,1,1,0
1,0,2,195,195,0,1,1,1,1
1,1,124,2,2,0,1,1,1,0
1,2,96,126,126,0,1,1,1,0
1,3,65,222,222,1,1,1,1,0
1,0,10,287,287,0,1,1,1,1
1,1,81,10,10,0,1,1,1,0
1,2,74,91,91,0,1,1,1,0
1,3,127,165,165,1,1,1,1,0
1,0,63,292,292,0,1,1,1,1
1,1,77,63,63,0,1,1,1,0
1,2,92,140,140,0,1,1,1,0
1,3,61,232,232,1,1,1,1,0
1,0,72,293,293,0,1,1,1,1
1,1,121,72,72,0,1,1,1,0
1,2,71,193,193,0,1,1,1,0
1,3,104,264,264,1,1,1,1,0
1,0,50,368,368,0,1,1,1,1
1,1,76,50,50,0,1,1,1,0
1,2,30,126,126,0,1,1,1,0
1,3,23,156,156,1,1,1,1,0
1,0,39,179,179,0,1,1,1,1
1,1,24,39,39,0,1,1,1,0
1,2,82,63,63,0,1,1,1,0
1,3,121,145,145,1,1,1,1,0
1,0,78,266,266,0,1,1,1,1
1,1,12,78,78,0,1,1,1,0
1,2,23,90,90,0,1,1,1,0
1,3,118,113,113,1,1,1,1,0
1,0,34,231,231,0,1,1,1,1
1,1,30,34,34,0,1,1,1,0
1,2,58,64,64,0,1,1,1,0
1,3,88,122,122,1,1,1,1,0
1,0,38,210,210,0,1,1,1,1
1,1,25,38,38,0,1,1,1,0
1,2,24,63,63,0,1,1,1,0
1,3,23,87,87,1,1,1,1,0
1,0,124,110,110,0,1,1,1,1
1,1,10,124,124,0,1,1,1,0
1,2,44,134,134,0,1,1,1,0
1,3,115,178,178,1,1,1,1,0
1,0,23,293,293,0,1,1,1,1
1,1,97,23,23,0,1,1,1,0
1,2,51,120,120,0,1,1,1,0
1,3,90,171,171,1,1,1,1,0
1,0,114,261,261,0,1,1,1,1
1,1,3,114,114,0,1,1,1,0
1,2,50,117,117,0,1,1,1,0
1,3,102,167,167,1,1,1,1,0
1,0,10,269,269,0,1,1,1,1
1,1,61,10,10,0,1,1,1,0
1,2,44,71,71,0,1,1,1,0
1,3,39,115,115,1,1,1,1,0
1,0,21,154,154,0,1,1,1,1
1,1,107,21,21,0,1,1,1,0
1,2,37,128,128,0,1,1,1,0
1,3,68,165,165,1,1,1,1,0
1,0,104,233,233,0,1,1,1,1
1,1,15,104,104,0,1,1,1,0
1,2,21,119,119,0,1,1,1,0
1,3,75,140,140,1,1,1,1,0
1,0,3,215,215,0,1,1,1,1
1,1,123,3,3,0,1,1,1,0
1,2,124,126,126,0,1,1,1,0
1,3,91,250,250,1,1,1,1,0
1,0,84,341,341,0,1,1,1,1
1,1,78,84,84,0,1,1,1,0
1,2,76,162,162,0,1,1,1,0
1,3,108,238,238,1,1,1,1,0
1,0,127,346,346,0,1,1,1,1
1,1,110,127,127,0,1,1,1,0
1,2,57,237,237,0,1,1,1,0
1,3,5,294,294,1,1,1,1,0
1,0,55,299,299,0,1,1,1,1
1,1,107,55,55,0,1,1,1,0
1,2,45,162,162,0,1,1,1,0
1,3,61,207,207,1,1,1,1,0
1,0,9,268,268,0,1,1,1,1
1,1,15,9,9,0,1,1,1,0
1,2,24,24,24,0,1,1,1,0
1,3,80,48,48,1,1,1,1,0
1,0,21,128,128,0,1,1,1,1
1,1,42,21,21,0,1,1,1,0
1,2,4,63,63,0,1,1,1,0
1,3,9,67,67,1,1,1,1,0
1,0,87,76,76,0,1,1,1,1
1,1,59,87,87,0,1,1,1,0
1,2,120,146,146,0,1,1,1,0
1,3,55,266,266,1,1,1,1,0
1,0,24,321,321,0,1,1,1,1
1,1,42,24,24,0,1,1,1,0
1,2,25,66,66,0,1,1,1,0
1,3,111,91,91,1,1,1,1,0
1,0,23,202,202,0,1,1,1,1
1,1,19,23,23,0,1,1,1,0
1,2,79,42,42,0,1,1,1,0
1,3,6,121,121,1,1,1,1,0
1,0,42,127,127,0,1,1,1,1
1,1,2,42,42,0,1,1,1,0
1,2,90,44,44,0,1,1,1,0
1,3,20,134,134,1,1,1,1,0
1,0,49,154,154,0,1,1,1,1
1,1,90,49,49,0,1,1,1,0
1,2,69,139,139,0,1,1,1,0
1,3,91,208,208,1,1,1,1,0
1,0,112,299,299,0,1,1,1,1
1,1,61,112,112,0,1,1,1,0
1,2,26,173,173,0,1,1,1,0
1,3,78,199,199,1,1,1,1,0
1,0,115,277,277,0,1,1,1,1
1,1,118,115,115,0,1,1,1,0
1,2,83,233,233,0,1,1,1,0
1,3,107,316,316,1,1,1,1,0
1,0,107,423,423,0,1,1,1,1
1,1,95,107,107,0,1,1,1,0
1,2,21,202,202,0,1,1,1,0
1,3,22,223,223,1,1,1,1,0
1,0,82,245,245,0,1,1,1,1
1,1,94,82,82,0,1,1,1,0
1,2,7,176,176,0,1,1,1,0
1,3,120,183,183,1,1,1,1,0
1,0,108,303,303,0,1,1,1,1
1,1,107,108,108,0,1,1,1,0
1,2,74,215,215,0,1,1,1,0
1,3,84,289,289,1,1,1,1,0
1,0,124,373,373,0,1,1,1,1
1,1,22,124,124,0,1,1,1,0
1,2,7,146,146,0,1,1,1,0
1,3,29,153,153,1,1,1,1,0
1,0,17,182,182,0,1,1,1,1
1,1,90,17,17,0,1,1,1,0
1,2,91,107,107,0,1,1,1,0
1,3,57,198,198,1,1,1,1,0
1,0,21,255,255,0,1,1,1,1
1,1,48,21,21,0,1,1,1,0
1,2,34,69,69,0,1,1,1,0
1,3,85,103,103,1,1,1,1,0
1,0,1,188,188,0,1,1,1,1
1,1,49,1,1,0,1,1,1,0
1,2,71,50,50,0,1,1,1,0
1,3,3,121,121,1,1,1,1,0
1,0,2,124,124,0,1,1,1,1
1,1,65,2,2,0,1,1,1,0
1,2,26,67,67,0,1,1,1,0
1,3,112,93,93,1,1,1,1,0
1,0,87,205,205,0,1,1,1,1
1,1,125,87,87,0,1,1,1,0
1,2,92,212,212,0,1,1,1,0
1,3,42,304,304,1,1,1,1,0
1,0,49,346,346,0,1,1,1,1
1,1,1,49,49,0,1,1,1,0
1,2,22,50,50,0,1,1,1,0
1,3,127,72,72,1,1,1,1,0
1,0,35,199,199,0,1,1,1,1
1,1,63,35,35,0,1,1,1,0
1,2,77,98,98,0,1,1,1,0
1,3,125,175,175,1,1,1,1,0
1,0,54,300,300,0,1,1,1,1
1,1,91,54,54,0,1,1,1,0
1,2,118,145,145,0,1,1,1,0
1,3,88,263,263,1,1,1,1,0
1,0,114,351,351,0,1,1,1,1
1,1,63,114,114,0,1,1,1,0
1,2,48,177,177,0,1,1,1,0
1,3,87,225,225,1,1,1,1,0
1,0,53,312,312,0,1,1,1,1
1,1,109,53,53,0,1,1,1,0
1,2,59,162,162,0,1,1,1,0
1,3,103,221,221,1,1,1,1,0
1,0,16,324,324,0,1,1,1,1
1,1,106,16,16,0,1,1,1,0
1,2,56,122,122,0,1,1,1,0
1,3,66,178,178,1,1,1,1,0
1,0,72,244,244,0,1,1,1,1
1,1,96,72,72,0,1,1,1,0
1,2,98,168,168,0,1,1,1,0
1,3,69,266,266,1,1,1,1,0
1,0,91,335,335,0,1,1,1,1
1,1,66,91,91,0,1,1,1,0
1,2,48,157,157,0,1,1,1,0
1,3,4,205,205,1,1,1,1,0
1,0,104,209,209,0,1,1,1,1
1,1,16,104,104,0,1,1,1,0
1,2,102,120,120,0,1,1,1,0
1,3,90,222,222,1,1,1,1,0
1,0,108,312,312,0,1,1,1,1
1,1,23,108,108,0,1,1,1,0
1,2,56,131,131,0,1,1,1,0
1,3,81,187,187,1,1,1,1,0
1,0,13,268,268,0,1,1,1,1
1,1,127,13,13,0,1,1,1,0
1,2,54,140,140,0,1,1,1,0
1,3,79,194,194,1,1,1,1,0
1,0,29,273,273,0,1,1,1,1
1,1,3,29,29,0,1,1,1,0
1,2,5,32,32,0,1,1,1,0
1,3,48,37,37,1,1,1,1,0
1,0,100,85,85,0,1,1,1,1
1,1,102,100,100,0,1,1,1,0
1,2,38,202,202,0,1,1,1,0
1,3,127,240,240,1,1,1,1,0
1,0,63,367,367,0,1,1,1,1
1,1,81,63,63,0,1,1,1,0
1,2,71,144,144,0,1,1,1,0
1,3,101,215,215,1,1,1,1,0
1,0,120,316,316,0,1,1,1,1
1,1,71,120,120,0,1,1,1,0
1,2,2,191,191,0,1,1,1,0
1,3,86,193,193,1,1,1,1,0
1,0,53,279,279,0,1,1,1,1
1,1,94,53,53,0,1,1,1,0
1,2,80,147,147,0,1,1,1,0
1,3,14,227,227,1,1,1,1,0
1,0,47,241,241,0,1,1,1,1
1,1,78,47,47,0,1,1,1,0
1,2,88,125,125,0,1,1,1,0
1,3,67,213,213,1,1,1,1,0
1,0,92,280,280,0,1,1,1,1
1,1,44,92,92,0,1,1,1,0
1,2,105,136,136,0,1,1,1,0
1,3,115,241,241,1,1,1,1,0
1,0,95,356,356,0,1,1,1,1
1,1,19,95,95,0,1,1,1,0
1,2,88,114,114,0,1,1,1,0
1,3,103,202,202,1,1,1,1,0
1,0,33,305,305,0,1,1,1,1
1,1,27,33,33,0,1,1,1,0
1,2,87,60,60,0,1,1,1,0
1,3,71,147,147,1,1,1,1,0
1,0,0,218,218,0,1,1,1,1
1,1,108,0,0,0,1,1,1,0
1,2,25,108,108,0,1,1,1,0
1,3,60,133,133,1,1,1,1,0
1,0,30,193,193,0,1,1,1,1
1,1,77,30,30,0,1,1,1,0
1,2,120,107,107,0,1,1,1,0
1,3,69,227,227,1,1,1,1,0
1,0,115,296,296,0,1,1,1,1
1,1,63,115,115,0,1,1,1,0
1,2,49,178,178,0,1,1,1,0
1,3,120,227,227,1,1,1,1,0
1,0,90,347,347,0,1,1,1,1
1,1,15,90,90,0,1,1,1,0
1,2,110,105,105,0,1,1,1,0
1,3,109,215,215,1,1,1,1,0
1,0,10,324,324,0,1,1,1,1
1,1,33,10,10,0,1,1,1,0
1,2,119,43,43,0,1,1,1,0
1,3,44,162,162,1,1,1,1,0
1,0,5,206,206,0,1,1,1,1
1,1,59,5,5,0,1,1,1,0
1,2,100,64,64,0,1,1,1,0
1,3,89,164,164,1,1,1,1,0
1,0,59,253,253,0,1,1,1,1
1,1,66,59,59,0,1,1,1,0
1,2,127,125,125,0,1,1,1,0
1,3,107,252,252,1,1,1,1,0
1,0,56,359,359,0,1,1,1,1
1,1,23,56,56,0,1,1,1,0
1,2,82,79,79,0,1,1,1,0
1,3,98,161,161,1,1,1,1,0
1,0,115,259,259,0,1,1,1,1
1,1,51,115,115,0,1,1,1,0
1,2,39,166,166,0,1,1,1,0
1,3,96,205,205,1,1,1,1,0
1,0,95,301,301,0,1,1,1,1
1,1,32,95,95,0,1,1,1,0
1,2,102,127,127,0,1,1,1,0
1,3,121,229,229,1,1,1,1,0
1,0,24,350,350,0,1,1,1,1
1,1,5,24,24,0,1,1,1,0
1,2,3,29,29,0,1,1,1,0
1,3,5,32,32,1,1,1,1,0
1,0,49,37,37,0,1,1,1,1
1,1,50,49,49,0,1,1,1,0
1,2,15,99,99,0,1,1,1,0
1,3,49,114,114,1,1,1,1,0
1,0,24,163,163,0,1,1,1,1
1,1,71,24,24,0,1,1,1,0
1,2,38,95,95,0,1,1,1,0
1,3,56,133,133,1,1,1,1,0
1,0,115,189,189,0,1,1,1,1
1,1,46,115,115,0,1,1,1,0
1,2,123,161,161,0,1,1,1,0
1,3,5,284,284,1,1,1,1,0
1,0,18,289,289,0,1,1,1,1
1,1,120,18,18,0,1,1,1,0
1,2,37,138,138,0,1,1,1,0
1,3,89,175,175,1,1,1,1,0
1,0,53,264,264,0,1,1,1,1
1,1,16,53,53,0,1,1,1,0
1,2,3,69,69,0,1,1,1,0
1,3,28,72,72,1,1,1,1,0
1,0,47,100,100,0,1,1,1,1
1,1,3,47,47,0,1,1,1,0
1,2,28,50,50,0,1,1,1,0
1,3,1,78,78,1,1,1,1,0
1,0,12,79,79,0,1,1,1,1
1,1,3,12,12,0,1,1,1,0
1,2,99,15,15,0,1,1,1,0
1,3,127,114,114,1,1,1,1,0
1,0,5,241,241,0,1,1,1,1
1,1,18,5,5,0,1,1,1,0
1,2,18,23,23,0,1,1,1,0
1,3,71,41,41,1,1,1,1,0
1,0,42,112,112,0,1,1,1,1
1,1,54,42,42,0,1,1,1,0
1,2,123,96,96,0,1,1,1,0
1,3,15,219,219,1,1,1,1,0
1,0,86,234,234,0,1,1,1,1
1,1,96,86,86,0,1,1,1,0
1,2,65,182,182,0,1,1,1,0
1,3,92,247,247,1,1,1,1,0
1,0,2,339,339,0,1,1,1,1
1,1,108,2,2,0,1,1,1,0
1,2,103,110,110,0,1,1,1,0
1,3,68,213,213,1,1,1,1,0
1,0,124,281,281,0,1,1,1,1
1,1,107,124,124,0,1,1,1,0
1,2,40,231,231,0,1,1,1,0
1,3,38,271,271,1,1,1,1,0
1,0,84,309,309,0,1,1,1,1
1,1,73,84,84,0,1,1,1,0
1,2,18,157,157,0,1,1,1,0
1,3,92,175,175,1,1,1,1,0
1,0,9,267,267,0,1,1,1,1
1,1,77,9,9,0,1,1,1,0
1,2,5,86,86,0,1,1,1,0
1,3,100,91,91,1,1,1,1,0
1,0,121,191,191,0,1,1,1,1
1,1,126,121,121,0,1,1,1,0
1,2,65,247,247,0,1,1,1,0
1,3,48,312,312,1,1,1,1,0
1,0,21,360,360,0,1,1,1,1
1,1,18,21,21,0,1,1,1,0
1,2,37,39,39,0,1,1,1,0
1,3,69,76,76,1,1,1,1,0
1,0,121,145,145,0,1,1,1,1
1,1,78,121,121,0,1,1,1,0
1,2,108,199,199,0,1,1,1,0
1,3,17,307,307,1,1,1,1,0
1,0,34,324,324,0,1,1,1,1
1,1,61,34,34,0,1,1,1,0
1,2,25,95,95,0,1,1,1,0
1,3,27,120,120,1,1,1,1,0
1,0,51,147,147,0,1,1,1,1
1,1,12,51,51,0,1,1,1,0
1,2,126,63,63,0,1,1,1,0
1,3,38,189,189,1,1,1,1,0
1,0,123,227,227,0,1,1,1,1
1,1,100,123,123,0,1,1,1,0
1,2,25,223,223,0,1,1,1,0
1,3,87,248,248,1,1,1,1,0
1,0,67,335,335,0,1,1,1,1
1,1,28,67,67,0,1,1,1,0
1,2,4,95,95,0,1,1,1,0
1,3,59,99,99,1,1,1,1,0
1,0,1,158,158,0,1,1,1,1
1,1,94,1,1,0,1,1,1,0
1,2,68,95,95,0,1,1,1,0
1,3,70,163,163,1,1,1,1,0
1,0,16,233,233,0,1,1,1,1
1,1,114,16,16,0,1,1,1,0
1,2,2,130,130,0,1,1,1,0
1,3,72,132,132,1,1,1,1,0
1,0,119,204,204,0,1,1,1,1
1,1,95,119,119,0,1,1,1,0
1,2,37,214,214,0,1,1,1,0
1,3,85,251,251,1,1,1,1,0
1,0,11,336,336,0,1,1,1,1
1,1,30,11,11,0,1,1,1,0
1,2,62,41,41,0,1,1,1,0
1,3,62,103,103,1,1,1,1,0
1,0,68,165,165,0,1,1,1,1
1,1,86,68,68,0,1,1,1,0
1,2,77,154,154,0,1,1,1,0
1,3,52,231,231,1,1,1,1,0
1,0,124,283,283,0,1,1,1,1
1,1,59,124,124,0,1,1,1,0
1,2,11,183,183,0,1,1,1,0
1,3,12,194,194,1,1,1,1,0
1,0,46,206,206,0,1,1,1,1
1,1,37,46,46,0,1,1,1,0
1,2,109,83,83,0,1,1,1,0
1,3,9,192,192,1,1,1,1,0
1,0,36,201,201,0,1,1,1,1
1,1,124,36,36,0,1,1,1,0
1,2,73,160,160,0,1,1,1,0
1,3,91,233,233,1,1,1,1,0
1,0,65,324,324,0,1,1,1,1
1,1,82,65,65,0,1,1,1,0
1,2,9,147,147,0,1,1,1,0
1,3,55,156,156,1,1,1,1,0
1,0,56,211,211,0,1,1,1,1
1,1,55,56,56,0,1,1,1,0
1,2,83,111,111,0,1,1,1,0
1,3,40,194,194,1,1,1,1,0
1,0,107,234,234,0,1,1,1,1
1,1,73,107,107,0,1,1,1,0
1,2,88,180,180,0,1,1,1,0
1,3,50,268,268,1,1,1,1,0
1,0,8,318,318,0,1,1,1,1
1,1,64,8,8,0,1,1,1,0
1,2,31,72,72,0,1,1,1,0
1,3,110,103,103,1,1,1,1,0
1,0,46,213,213,0,1,1,1,1
1,1,115,46,46,0,1,1,1,0
1,2,4,161,161,0,1,1,1,0
1,3,113,165,165,1,1,1,1,0
1,0,48,278,278,0,1,1,1,1
1,1,30,48,48,0,1,1,1,0
1,2,91,78,78,0,1,1,1,0
1,3,101,169,169,1,1,1,1,0
1,0,11,270,270,0,1,1,1,1
1,1,32,11,11,0,1,1,1,0
1,2,53,43,43,0,1,1,1,0
1,3,3,96,96,1,1,1,1,0
1,0,116,99,99,0,1,1,1,1
1,1,49,116,116,0,1,1,1,0
1,2,58,165,165,0,1,1,1,0
1,3,86,223,223,1,1,1,1,0
1,0,118,309,309,0,1,1,1,1
1,1,39,118,118,0,1,1,1,0
1,2,37,157,157,0,1,1,1,0
1,3,75,194,194,1,1,1,1,0
1,0,55,269,269,0,1,1,1,1
1,1,88,55,55,0,1,1,1,0
1,2,47,143,143,0,1,1,1,0
1,3,94,190,190,1,1,1,1,0
1,0,33,284,284,0,1,1,1,1
1,1,96,33,33,0,1,1,1,0
1,2,18,129,129,0,1,1,1,0
1,3,105,147,147,1,1,1,1,0
1,0,25,252,252,0,1,1,1,1
1,1,73,25,25,0,1,1,1,0
1,2,108,98,98,0,1,1,1,0
1,3,67,206,206,1,1,1,1,0
1,0,36,273,273,0,1,1,1,1
1,1,2,36,36,0,1,1,1,0
1,2,23,38,38,0,1,1,1,0
1,3,84,61,61,1,1,1,1,0
1,0,58,145,145,0,1,1,1,1
1,1,126,58,58,0,1,1,1,0
1,2,22,184,184,0,1,1,1,0
1,3,97,206,206,1,1,1,1,0
1,0,84,303,303,0,1,1,1,1
1,1,0,84,84,0,1,1,1,0
1,2,24,84,84,0,1,1,1,0
1,3,101,108,108,1,1,1,1,0
1,0,22,209,209,0,1,1,1,1
1,1,101,22,22,0,1,1,1,0
1,2,95,123,123,0,1,1,1,0
1,3,124,218,218,1,1,1,1,0
1,0,59,342,342,0,1,1,1,1
1,1,53,59,59,0,1,1,1,0
1,2,12,112,112,0,1,1,1,0
1,3,86,124,124,1,1,1,1,0
1,0,39,210,210,0,1,1,1,1
1,1,111,39,39,0,1,1,1,0
1,2,125,150,150,0,1,1,1,0
1,3,26,275,275,1,1,1,1,0
1,0,92,301,301,0,1,1,1,1
1,1,50,92,92,0,1,1,1,0
1,2,113,142,142,0,1,1,1,0
1,3,110,255,255,1,1,1,1,0
1,0,20,365,365,0,1,1,1,1
1,1,45,20,20,0,1,1,1,0
1,2,41,65,65,0,1,1,1,0
1,3,69,106,106,1,1,1,1,0
1,0,0,175,175,0,1,1,1,1
1,1,76,0,0,0,1,1,1,0
1,2,120,76,76,0,1,1,1,0
1,3,56,196,196,1,1,1,1,0
1,0,34,252,252,0,1,1,1,1
1,1,90,34,34,0,1,1,1,0
1,2,21,124,124,0,1,1,1,0
1,3,66,145,145,1,1,1,1,0
1,0,39,211,211,0,1,1,1,1
1,1,42,39,39,0,1,1,1,0
1,2,57,81,81,0,1,1,1,0
1,3,53,138,138,1,1,1,1,0
1,0,82,191,191,0,1,1,1,1
1,1,86,82,82,0,1,1,1,0
1,2,43,168,168,0,1,1,1,0
1,3,110,211,211,1,1,1,1,0
1,0,95,321,321,0,1,1,1,1
1,1,50,95,95,0,1,1,1,0
1,2,39,145,145,0,1,1,1,0
1,3,75,184,184,1,1,1,1,0
1,0,65,259,259,0,1,1,1,1
1,1,103,65,65,0,1,1,1,0
1,2,120,168,168,0,1,1,1,0
1,3,47,288,288,1,1,1,1,0
1,0,80,335,335,0,1,1,1,1
1,1,124,80,80,0,1,1,1,0
1,2,107,204,204,0,1,1,1,0
1,3,91,311,311,1,1,1,1,0
1,0,92,402,402,0,1,1,1,1
1,1,59,92,92,0,1,1,1,0
1,2,55,151,151,0,1,1,1,0
1,3,39,206,206,1,1,1,1,0
1,0,114,245,245,0,1,1,1,1
1,1,24,114,114,0,1,1,1,0
1,2,99,138,138,0,1,1,1,0
1,3,27,237,237,1,1,1,1,0
1,0,59,264,264,0,1,1,1,1
1,1,13,59,59,0,1,1,1,0
1,2,62,72,72,0,1,1,1,0
1,3,121,134,134,1,1,1,1,0
1,0,107,255,255,0,1,1,1,1
1,1,125,107,107,0,1,1,1,0
1,2,1,232,232,0,1,1,1,0
1,3,16,233,233,1,1,1,1,0
1,0,124,249,249,0,1,1,1,1
1,1,47,124,124,0,1,1,1,0
1,2,10,171,171,0,1,1,1,0
1,3,78,181,181,1,1,1,1,0
1,0,50,259,259,0,1,1,1,1
1,1,2,50,50,0,1,1,1,0
1,2,101,52,52,0,1,1,1,0
1,3,76,153,153,1,1,1,1,0
1,0,21,229,229,0,1,1,1,1
1,1,89,21,21,0,1,1,1,0
1,2,64,110,110,0,1,1,1,0
1,3,102,174,174,1,1,1,1,0
1,0,64,276,276,0,1,1,1,1
1,1,10,64,64,0,1,1,1,0
1,2,95,74,74,0,1,1,1,0
1,3,3,169,169,1,1,1,1,0
1,0,29,172,172,0,1,1,1,1
1,1,80,29,29,0,1,1,1,0
1,2,66,109,109,0,1,1,1,0
1,3,40,175,175,1,1,1,1,0
1,0,72,215,215,0,1,1,1,1
1,1,50,72,72,0,1,1,1,0
1,2,1,122,122,0,1,1,1,0
1,3,70,123,123,1,1,1,1,0
1,0,84,193,193,0,1,1,1,1
1,1,101,84,84,0,1,1,1,0
1,2,93,185,185,0,1,1,1,0
1,3,20,278,278,1,1,1,1,0
1,0,58,298,298,0,1,1,1,1
1,1,40,58,58,0,1,1,1,0
1,2,94,98,98,0,1,1,1,0
1,3,0,192,192,1,1,1,1,0
1,0,28,192,192,0,1,1,1,1
1,1,77,28,28,0,1,1,1,0
1,2,86,105,105,0,1,1,1,0
1,3,27,191,191,1,1,1,1,0
1,0,1,218,218,0,1,1,1,1
1,1,71,1,1,0,1,1,1,0
1,2,105,72,72,0,1,1,1,0
1,3,74,177,177,1,1,1,1,0
1,0,122,251,251,0,1,1,1,1
1,1,19,122,122,0,1,1,1,0
1,2,39,141,141,0,1,1,1,0
1,3,42,180,180,1,1,1,1,0
1,0,122,222,222,0,1,1,1,1
1,1,4,122,122,0,1,1,1,0
1,2,45,126,126,0,1,1,1,0
1,3,14,171,171,1,1,1,1,0
1,0,51,185,185,0,1,1,1,1
1,1,104,51,51,0,1,1,1,0
1,2,126,155,155,0,1,1,1,0
1,3,31,281,281,1,1,1,1,0
1,0,64,312,312,0,1,1,1,1
1,1,91,64,64,0,1,1,1,0
1,2,50,155,155,0,1,1,1,0
1,3,2,205,205,1,1,1,1,0
1,0,15,207,207,0,1,1,1,1
1,1,118,15,15,0,1,1,1,0
1,2,34,133,133,0,1,1,1,0
1,3,74,167,167,1,1,1,1,0
1,0,5,241,241,0,1,1,1,1
1,1,21,5,5,0,1,1,1,0
1,2,96,26,26,0,1,1,1,0
1,3,56,122,122,1,1,1,1,0
1,0,47,178,178,0,1,1,1,1
1,1,122,47,47,0,1,1,1,0
1,2,116,169,169,0,1,1,1,0
1,3,81,285,285,1,1,1,1,0
1,0,23,366,366,0,1,1,1,1
1,1,55,23,23,0,1,1,1,0
1,2,21,78,78,0,1,1,1,0
1,3,62,99,99,1,1,1,1,0
1,0,16,161,161,0,1,1,1,1
1,1,111,16,16,0,1,1,1,0
1,2,88,127,127,0,1,1,1,0
1,3,74,215,215,1,1,1,1,0
1,0,93,289,289,0,1,1,1,1
1,1,9,93,93,0,1,1,1,0
1,2,26,102,102,0,1,1,1,0
1,3,20,128,128,1,1,1,1,0
1,0,123,148,148,0,1,1,1,1
1,1,27,123,123,0,1,1,1,0
1,2,0,150,150,0,1,1,1,0
1,3,20,150,150,1,1,1,1,0
1,0,88,170,170,0,1,1,1,1
1,1,109,88,88,0,1,1,1,0
1,2,48,197,197,0,1,1,1,0
1,3,110,245,245,1,1,1,1,0
1,0,111,355,355,0,1,1,1,1
1,1,52,111,111,0,1,1,1,0
1,2,84,163,163,0,1,1,1,0
1,3,78,247,247,1,1,1,1,0
1,0,107,325,325,0,1,1,1,1
1,1,44,107,107,0,1,1,1,0
1,2,29,151,151,0,1,1,1,0
1,3,115,180,180,1,1,1,1,0
1,0,25,295,295,0,1,1,1,1
1,1,0,25,25,0,1,1,1,0
1,2,42,25,25,0,1,1,1,0
1,3,99,67,67,1,1,1,1,0
1,0,13,166,166,0,1,1,1,1
1,1,36,13,13,0,1,1,1,0
1,2,18,49,49,0,1,1,1,0
1,3,92,67,67,1,1,1,1,0
1,0,45,159,159,0,1,1,1,1
1,1,72,45,45,0,1,1,1,0
1,2,121,117,117,0,1,1,1,0
1,3,35,238,238,1,1,1,1,0
1,0,56,273,273,0,1,1,1,1
1,1,16,56,56,0,1,1,1,0
1,2,67,72,72,0,1,1,1,0
1,3,48,139,139,1,1,1,1,0
1,0,100,187,187,0,1,1,1,1
1,1,11,100,100,0,1,1,1,0
1,2,15,111,111,0,1,1,1,0
1,3,112,126,126,1,1,1,1,0
1,0,79,238,238,0,1,1,1,1
1,1,98,79,79,0,1,1,1,0
1,2,54,177,177,0,1,1,1,0
1,3,26,231,231,1,1,1,1,0
1,0,49,257,257,0,1,1,1,1
1,1,13,49,49,0,1,1,1,0
1,2,29,62,62,0,1,1,1,0
1,3,103,91,91,1,1,1,1,0
1,0,0,194,194,0,1,1,1,1
1,1,52,0,0,0,1,1,1,0
1,2,85,52,52,0,1,1,1,0
1,3,114,137,137,1,1,1,1,0
1,0,8,251,251,0,1,1,1,1
1,1,2,8,8,0,1,1,1,0
1,2,46,10,10,0,1,1,1,0
1,3,25,56,56,1,1,1,1,0
1,0,91,81,81,0,1,1,1,1
1,1,94,91,91,0,1,1,1,0
1,2,76,185,185,0,1,1,1,0
1,3,116,261,261,1,1,1,1,0
1,0,99,377,377,0,1,1,1,1
1,1,20,99,99,0,1,1,1,0
1,2,75,119,119,0,1,1,1,0
1,3,21,194,194,1,1,1,1,0
1,0,87,215,215,0,1,1,1,1
1,1,105,87,87,0,1,1,1,0
1,2,79,192,192,0,1,1,1,0
1,3,63,271,271,1,1,1,1,0
1,0,92,334,334,0,1,1,1,1
1,1,9,92,92,0,1,1,1,0
1,2,90,101,101,0,1,1,1,0
1,3,99,191,191,1,1,1,1,0
1,0,85,290,290,0,1,1,1,1
1,1,73,85,85,0,1,1,1,0
1,2,115,158,158,0,1,1,1,0
1,3,123,273,273,1,1,1,1,0
1,0,61,396,396,0,1,1,1,1
1,1,107,61,61,0,1,1,1,0
1,2,65,168,168,0,1,1,1,0
1,3,49,233,233,1,1,1,1,0
1,0,96,282,282,0,1,1,1,1
1,1,37,96,96,0,1,1,1,0
1,2,52,133,133,0,1,1,1,0
1,3,66,185,185,1,1,1,1,0
1,0,69,251,251,0,1,1,1,1
1,1,112,69,69,0,1,1,1,0
1,2,36,181,181,0,1,1,1,0
1,3,66,217,217,1,1,1,1,0
1,0,35,283,283,0,1,1,1,1
1,1,81,35,35,0,1,1,1,0
1,2,88,116,116,0,1,1,1,0
1,3,93,204,204,1,1,1,1,0
1,0,107,297,297,0,1,1,1,1
1,1,104,107,107,0,1,1,1,0
1,2,87,211,211,0,1,1,1,0
1,3,92,298,298,1,1,1,1,0
1,0,28,390,390,0,1,1,1,1
1,1,20,28,28,0,1,1,1,0
1,2,13,48,48,0,1,1,1,0
1,3,66,61,61,1,1,1,1,0
1,0,48,127,127,0,1,1,1,1
1,1,22,48,48,0,1,1,1,0
1,2,122,70,70,0,1,1,1,0
1,3,118,192,192,1,1,1,1,0
1,0,18,310,310,0,1,1,1,1
1,1,126,18,18,0,1,1,1,0
1,2,69,144,144,0,1,1,1,0
1,3,115,213,213,1,1,1,1,0
1,0,64,328,328,0,1,1,1,1
1,1,58,64,64,0,1,1,1,0
1,2,94,122,122,0,1,1,1,0
1,3,111,216,216,1,1,1,1,0
1,0,112,327,327,0,1,1,1,1
1,1,68,112,112,0,1,1,1,0
1,2,110,180,180,0,1,1,1,0
1,3,56,290,290,1,1,1,1,0
1,0,47,346,346,0,1,1,1,1
1,1,68,47,47,0,1,1,1,0
1,2,107,115,115,0,1,1,1,0
1,3,107,222,222,1,1,1,1,0
1,0,6,329,329,0,1,1,1,1
1,1,86,6,6,0,1,1,1,0
1,2,47,92,92,0,1,1,1,0
1,3,120,139,139,1,1,1,1,0
1,0,126,259,259,0,1,1,1,1
1,1,75,126,126,0,1,1,1,0
1,2,125,201,201,0,1,1,1,0
1,3,29,326,326,1,1,1,1,0
1,0,31,355,355,0,1,1,1,1
1,1,86,31,31,0,1,1,1,0
1,2,20,117,117,0,1,1,1,0
1,3,70,137,137,1,1,1,1,0
1,0,51,207,207,0,1,1,1,1
1,1,121,51,51,0,1,1,1,0
1,2,91,172,172,0,1,1,1,0
1,3,87,263,263,1,1,1,1,0
1,0,47,350,350,0,1,1,1,1
1,1,123,47,47,0,1,1,1,0
1,2,93,170,170,0,1,1,1,0
1,3,92,263,263,1,1,1,1,0
1,0,4,355,355,0,1,1,1,1
1,1,35,4,4,0,1,1,1,0
1,2,115,39,39,0,1,1,1,0
1,3,9,154,154,1,1,1,1,0
1,0,119,163,163,0,1,1,1,1
1,1,124,119,119,0,1,1,1,0
1,2,15,243,243,0,1,1,1,0
1,3,38,258,258,1,1,1,1,0
1,0,44,296,296,0,1,1,1,1
1,1,110,44,44,0,1,1,1,0
1,2,14,154,154,0,1,1,1,0
1,3,68,168,168,1,1,1,1,0
1,0,74,236,236,0,1,1,1,1
1,1,89,74,74,0,1,1,1,0
1,2,104,163,163,0,1,1,1,0
1,3,120,267,267,1,1,1,1,0
1,0,12,387,387,0,1,1,1,1
1,1,63,12,12,0,1,1,1,0
1,2,99,75,75,0,1,1,1,0
1,3,56,174,174,1,1,1,1,0
1,0,13,230,230,0,1,1,1,1
1,1,49,13,13,0,1,1,1,0
1,2,70,62,62,0,1,1,1,0
1,3,53,132,132,1,1,1,1,0
1,0,63,185,185,0,1,1,1,1
1,1,6,63,63,0,1,1,1,0
1,2,109,69,69,0,1,1,1,0
1,3,45,178,178,1,1,1,1,0
1,0,122,223,223,0,1,1,1,1
1,1,61,122,122,0,1,1,1,0
1,2,18,183,183,0,1,1,1,0
1,3,41,201,201,1,1,1,1,0
1,0,101,242,242,0,1,1,1,1
1,1,99,101,101,0,1,1,1,0
1,2,67,200,200,0,1,1,1,0
1,3,76,267,267,1,1,1,1,0
1,0,85,343,343,0,1,1,1,1
1,1,21,85,85,0,1,1,1,0
1,2,27,106,106,0,1,1,1,0
1,3,121,133,133,1,1,1,1,0
1,0,21,254,254,0,1,1,1,1
1,1,12,21,21,0,1,1,1,0
1,2,112,33,33,0,1,1,1,0
1,3,109,145,145,1,1,1,1,0
1,0,92,254,254,0,1,1,1,1
1,1,34,92,92,0,1,1,1,0
1,2,39,126,126,0,1,1,1,0
1,3,71,165,165,1,1,1,1,0
1,0,109,236,236,0,1,1,1,1
1,1,15,109,109,0,1,1,1,0
1,2,119,124,124,0,1,1,1,0
1,3,62,243,243,1,1,1,1,0
1,0,53,305,305,0,1,1,1,1
1,1,68,53,53,0,1,1,1,0
1,2,60,121,121,0,1,1,1,0
1,3,101,181,181,1,1,1,1,0
1,0,107,282,282,0,1,1,1,1
1,1,126,107,107,0,1,1,1,0
1,2,63,233,233,0,1,1,1,0
1,3,108,296,296,1,1,1,1,0
1,0,106,404,404,0,1,1,1,1
1,1,46,106,106,0,1,1,1,0
1,2,42,152,152,0,1,1,1,0
1,3,51,194,194,1,1,1,1,0
1,0,109,245,245,0,1,1,1,1
1,1,14,109,109,0,1,1,1,0
1,2,95,123,123,0,1,1,1,0
1,3,13,218,218,1,1,1,1,0
1,0,121,231,231,0,1,1,1,1
1,1,56,121,121,0,1,1,1,0
1,2,2,177,177,0,1,1,1,0
1,3,12,179,179,1,1,1,1,0
1,0,103,191,191,0,1,1,1,1
1,1,49,103,103,0,1,1,1,0
1,2,51,152,152,0,1,1,1,0
1,3,95,203,203,1,1,1,1,0
1,0,106,298,298,0,1,1,1,1
1,1,98,106,106,0,1,1,1,0
1,2,5,204,204,0,1,1,1,0
1,3,107,209,209,1,1,1,1,0
1,0,38,316,316,0,1,1,1,1
1,1,1,38,38,0,1,1,1,0
1,2,127,39,39,0,1,1,1,0
1,3,36,166,166,1,1,1,1,0
1,0,37,202,202,0,1,1,1,1
1,1,114,37,37,0,1,1,1,0
1,2,50,151,151,0,1,1,1,0
1,3,17,201,201,1,1,1,1,0
1,0,119,218,218,0,1,1,1,1
1,1,120,119,119,0,1,1,1,0
1,2,71,239,239,0,1,1,1,0
1,3,27,310,310,1,1,1,1,0
1,0,43,337,337,0,1,1,1,1
1,1,89,43,43,0,1,1,1,0
1,2,109,132,132,0,1,1,1,0
1,3,47,241,241,1,1,1,1,0
1,0,43,288,288,0,1,1,1,1
1,1,32,43,43,0,1,1,1,0
1,2,52,75,75,0,1,1,1,0
1,3,92,127,127,1,1,1,1,0
1,0,83,219,219,0,1,1,1,1
1,1,87,83,83,0,1,1,1,0
1,2,99,170,170,0,1,1,1,0
1,3,54,269,269,1,1,1,1,0
1,0,94,323,323,0,1,1,1,1
1,1,114,94,94,0,1,1,1,0
1,2,111,208,208,0,1,1,1,0
1,3,89,319,319,1,1,1,1,0
1,0,54,408,408,0,1,1,1,1
1,1,28,54,54,0,1,1,1,0
1,2,93,82,82,0,1,1,1,0
1,3,84,175,175,1,1,1,1,0
1,0,96,259,259,0,1,1,1,1
1,1,49,96,96,0,1,1,1,0
1,2,124,145,145,0,1,1,1,0
1,3,97,269,269,1,1,1,1,0
1,0,36,366,366,0,1,1,1,1
1,1,120,36,36,0,1,1,1,0
1,2,112,156,156,0,1,1,1,0
1,3,37,268,268,1,1,1,1,0
1,0,2,305,305,0,1,1,1,1
1,1,13,2,2,0,1,1,1,0
1,2,71,15,15,0,1,1,1,0
1,3,98,86,86,1,1,1,1,0
1,0,15,184,184,0,1,1,1,1
1,1,66,15,15,0,1,1,1,0
1,2,8,81,81,0,1,1,1,0
1,3,112,89,89,1,1,1,1,0
1,0,84,201,201,0,1,1,1,1
1,1,60,84,84,0,1,1,1,0
1,2,16,144,144,0,1,1,1,0
1,3,91,160,160,1,1,1,1,0
1,0,117,251,251,0,1,1,1,1
1,1,36,117,117,0,1,1,1,0
1,2,79,153,153,0,1,1,1,0
1,3,2,232,232,1,1,1,1,0
1,0,80,234,234,0,1,1,1,1
1,1,122,80,80,0,1,1,1,0
1,2,108,202,202,0,1,1,1,0
1,3,31,310,310,1,1,1,1,0
1,0,11,341,341,0,1,1,1,1
1,1,78,11,11,0,1,1,1,0
1,2,68,89,89,0,1,1,1,0
1,3,53,157,157,1,1,1,1,0
1,0,53,210,210,0,1,1,1,1
1,1,56,53,53,0,1,1,1,0
1,2,127,109,109,0,1,1,1,0
1,3,33,236,236,1,1,1,1,0
1,0,120,269,269,0,1,1,1,1
1,1,74,120,120,0,1,1,1,0
1,2,29,194,194,0,1,1,1,0
1,3,102,223,223,1,1,1,1,0
1,0,15,325,325,0,1,1,1,1
1,1,83,15,15,0,1,1,1,0
1,2,53,98,98,0,1,1,1,0
1,3,40,151,151,1,1,1,1,0
1,0,76,191,191,0,1,1,1,1
1,1,101,76,76,0,1,1,1,0
1,2,32,177,177,0,1,1,1,0
1,3,38,209,209,1,1,1,1,0
1,0,25,247,247,0,1,1,1,1
1,1,97,25,25,0,1,1,1,0
1,2,113,122,122,0,1,1,1,0
1,3,107,235,235,1,1,1,1,0
1,0,85,342,342,0,1,1,1,1
1,1,3,85,85,0,1,1,1,0
1,2,53,88,88,0,1,1,1,0
1,3,41,141,141,1,1,1,1,0
1,0,72,182,182,0,1,1,1,1
1,1,26,72,72,0,1,1,1,0
1,2,1,98,98,0,1,1,1,0
1,3,26,99,99,1,1,1,1,0
1,0,62,125,125,0,1,1,1,1
1,1,105,62,62,0,1,1,1,0
1,2,28,167,167,0,1,1,1,0
1,3,80,195,195,1,1,1,1,0
1,0,101,275,275,0,1,1,1,1
1,1,90,101,101,0,1,1,1,0
1,2,76,191,191,0,1,1,1,0
1,3,91,267,267,1,1,1,1,0
1,0,86,358,358,0,1,1,1,1
1,1,57,86,86,0,1,1,1,0
1,2,86,143,143,0,1,1,1,0
1,3,43,229,229,1,1,1,1,0
1,0,92,272,272,0,1,1,1,1
1,1,89,92,92,0,1,1,1,0
1,2,81,181,181,0,1,1,1,0
1,3,89,262,262,1,1,1,1,0
1,0,98,351,351,0,1,1,1,1
1,1,93,98,98,0,1,1,1,0
1,2,89,191,191,0,1,1,1,0
1,3,27,280,280,1,1,1,1,0
1,0,61,307,307,0,1,1,1,1
1,1,84,61,61,0,1,1,1,0
1,2,46,145,145,0,1,1,1,0
1,3,67,191,191,1,1,1,1,0
1,0,62,258,258,0,1,1,1,1
1,1,36,62,62,0,1,1,1,0
1,2,8,98,98,0,1,1,1,0
1,3,85,106,106,1,1,1,1,0
1,0,9,191,191,0,1,1,1,1
1,1,70,9,9,0,1,1,1,0
1,2,51,79,79,0,1,1,1,0
1,3,125,130,130,1,1,1,1,0
1,0,127,255,255,0,1,1,1,1
1,1,65,127,127,0,1,1,1,0
1,2,101,192,192,0,1,1,1,0
1,3,43,293,293,1,1,1,1,0
1,0,22,336,336,0,1,1,1,1
1,1,113,22,22,0,1,1,1,0
1,2,108,135,135,0,1,1,1,0
1,3,44,243,243,1,1,1,1,0
1,0,113,287,287,0,1,1,1,1
1,1,21,113,113,0,1,1,1,0
1,2,1,134,134,0,1,1,1,0
1,3,92,135,135,1,1,1,1,0
1,0,20,227,227,0,1,1,1,1
1,1,64,20,20,0,1,1,1,0
1,2,0,84,84,0,1,1,1,0
1,3,114,84,84,1,1,1,1,0
1,0,123,198,198,0,1,1,1,1
1,1,26,123,123,0,1,1,1,0
1,2,1,149,149,0,1,1,1,0
1,3,99,150,150,1,1,1,1,0
1,0,75,249,249,0,1,1,1,1
1,1,118,75,75,0,1,1,1,0
1,2,48,193,193,0,1,1,1,0
1,3,113,241,241,1,1,1,1,0
1,0,101,354,354,0,1,1,1,1
1,1,97,101,101,0,1,1,1,0
1,2,99,198,198,0,1,1,1,0
1,3,101,297,297,1,1,1,1,0
1,0,82,398,398,0,1,1,1,1
1,1,107,82,82,0,1,1,1,0
1,2,21,189,189,0,1,1,1,0
1,3,94,210,210,1,1,1,1,0
1,0,125,304,304,0,1,1,1,1
1,1,119,125,125,0,1,1,1,0
1,2,26,244,244,0,1,1,1,0
1,3,83,270,270,1,1,1,1,0
1,0,23,353,353,0,1,1,1,1
1,1,36,23,23,0,1,1,1,0
1,2,68,59,59,0,1,1,1,0
1,3,37,127,127,1,1,1,1,0
1,0,67,164,164,0,1,1,1,1
1,1,85,67,67,0,1,1,1,0
1,2,63,152,152,0,1,1,1,0
1,3,76,215,215,1,1,1,1,0
1,0,92,291,291,0,1,1,1,1
1,1,47,92,92,0,1,1,1,0
1,2,6,139,139,0,1,1,1,0
1,3,105,145,145,1,1,1,1,0
1,0,104,250,250,0,1,1,1,1
1,1,47,104,104,0,1,1,1,0
1,2,107,151,151,0,1,1,1,0
1,3,96,258,258,1,1,1,1,0
1,0,44,354,354,0,1,1,1,1
1,1,87,44,44,0,1,1,1,0
1,2,60,131,131,0,1,1,1,0
1,3,69,191,191,1,1,1,1,0
1,0,55,260,260,0,1,1,1,1
1,1,108,55,55,0,1,1,1,0
1,2,7,163,163,0,1,1,1,0
1,3,51,170,170,1,1,1,1,0
1,0,4,221,221,0,1,1,1,1
1,1,84,4,4,0,1,1,1,0
1,2,27,88,88,0,1,1,1,0
1,3,75,115,115,1,1,1,1,0
1,0,73,190,190,0,1,1,1,1
1,1,3,73,73,0,1,1,1,0
1,2,116,76,76,0,1,1,1,0
1,3,63,192,192,1,1,1,1,0
1,0,38,255,255,0,1,1,1,1
1,1,81,38,38,0,1,1,1,0
1,2,112,119,119,0,1,1,1,0
1,3,54,231,231,1,1,1,1,0
1,0,54,285,285,0,1,1,1,1
1,1,112,54,54,0,1,1,1,0
1,2,61,166,166,0,1,1,1,0
1,3,127,227,227,1,1,1,1,0
1,0,71,354,354,0,1,1,1,1
1,1,29,71,71,0,1,1,1,0
1,2,107,100,100,0,1,1,1,0
1,3,91,207,207,1,1,1,1,0
1,0,16,298,298,0,1,1,1,1
1,1,34,16,16,0,1,1,1,0
1,2,1,50,50,0,1,1,1,0
1,3,5,51,51,1,1,1,1,0
1,0,32,56,56,0,1,1,1,1
1,1,101,32,32,0,1,1,1,0
1,2,94,133,133,0,1,1,1,0
1,3,83,227,227,1,1,1,1,0
1,0,89,310,310,0,1,1,1,1
1,1,89,89,89,0,1,1,1,0
1,2,11,178,178,0,1,1,1,0
1,3,69,189,189,1,1,1,1,0
1,0,76,258,258,0,1,1,1,1
1,1,0,76,76,0,1,1,1,0
1,2,76,76,76,0,1,1,1,0
1,3,17,152,152,1,1,1,1,0
1,0,113,169,169,0,1,1,1,1
1,1,4,113,113,0,1,1,1,0
1,2,35,117,117,0,1,1,1,0
1,3,113,152,152,1,1,1,1,0
1,0,45,265,265,0,1,1,1,1
1,1,96,45,45,0,1,1,1,0
1,2,82,141,141,0,1,1,1,0
1,3,43,223,223,1,1,1,1,0
1,0,95,266,266,0,1,1,1,1
1,1,25,95,95,0,1,1,1,0
1,2,89,120,120,0,1,1,1,0
1,3,70,209,209,1,1,1,1,0
1,0,57,279,279,0,1,1,1,1
1,1,83,57,57,0,1,1,1,0
1,2,10,140,140,0,1,1,1,0
1,3,115,150,150,1,1,1,1,0
1,0,21,265,265,0,1,1,1,1
1,1,110,21,21,0,1,1,1,0
1,2,26,131,131,0,1,1,1,0
1,3,31,157,157,1,1,1,1,0
1,0,120,188,188,0,1,1,1,1
1,1,39,120,120,0,1,1,1,0
1,2,66,159,159,0,1,1,1,0
1,3,23,225,225,1,1,1,1,0
1,0,41,248,248,0,1,1,1,1
1,1,11,41,41,0,1,1,1,0
1,2,108,52,52,0,1,1,1,0
1,3,10,160,160,1,1,1,1,0
1,0,80,170,170,0,1,1,1,1
1,1,100,80,80,0,1,1,1,0
1,2,67,180,180,0,1,1,1,0
1,3,88,247,247,1,1,1,1,0
1,0,70,335,335,0,1,1,1,1
1,1,37,70,70,0,1,1,1,0
1,2,65,107,107,0,1,1,1,0
1,3,60,172,172,1,1,1,1,0
1,0,70,232,232,0,1,1,1,1
1,1,5,70,70,0,1,1,1,0
1,2,56,75,75,0,1,1,1,0
1,3,101,131,131,1,1,1,1,0
1,0,18,232,232,0,1,1,1,1
1,1,117,18,18,0,1,1,1,0
1,2,23,135,135,0,1,1,1,0
1,3,106,158,158,1,1,1,1,0
1,0,78,264,264,0,1,1,1,1
1,1,36,78,78,0,1,1,1,0
1,2,26,114,114,0,1,1,1,0
1,3,67,140,140,1,1,1,1,0
1,0,34,207,207,0,1,1,1,1
1,1,0,34,34,0,1,1,1,0
1,2,111,34,34,0,1,1,1,0
1,3,17,145,145,1,1,1,1,0
1,0,73,162,162,0,1,1,1,1
1,1,57,73,73,0,1,1,1,0
1,2,25,130,130,0,1,1,1,0
1,3,120,155,155,1,1,1,1,0
1,0,114,275,275,0,1,1,1,1
1,1,82,114,114,0,1,1,1,0
1,2,69,196,196,0,1,1,1,0
1,3,11,265,265,1,1,1,1,0
1,0,60,276,276,0,1,1,1,1
1,1,24,60,60,0,1,1,1,0
1,2,85,84,84,0,1,1,1,0
1,3,50,169,169,1,1,1,1,0
1,0,82,219,219,0,1,1,1,1
1,1,114,82,82,0,1,1,1,0
1,2,83,196,196,0,1,1,1,0
1,3,121,279,279,1,1,1,1,0
1,0,75,400,400,0,1,1,1,1
1,1,99,75,75,0,1,1,1,0
1,2,95,174,174,0,1,1,1,0
1,3,49,269,269,1,1,1,1,0
1,0,47,318,318,0,1,1,1,1
1,1,45,47,47,0,1,1,1,0
1,2,22,92,92,0,1,1,1,0
1,3,21,114,114,1,1,1,1,0
1,0,31,135,135,0,1,1,1,1
1,1,46,31,31,0,1,1,1,0
1,2,22,77,77,0,1,1,1,0
1,3,98,99,99,1,1,1,1,0
1,0,124,197,197,0,1,1,1,1
1,1,94,124,124,0,1,1,1,0
1,2,40,218,218,0,1,1,1,0
1,3,94,258,258,1,1,1,1,0
1,0,36,352,352,0,1,1,1,1
1,1,54,36,36,0,1,1,1,0
1,2,59,90,90,0,1,1,1,0
1,3,70,149,149,1,1,1,1,0
1,0,47,219,219,0,1,1,1,1
1,1,102,47,47,0,1,1,1,0
1,2,26,149,149,0,1,1,1,0
1,3,45,175,175,1,1,1,1,0
1,0,18,220,220,0,1,1,1,1
1,1,80,18,18,0,1,1,1,0
1,2,33,98,98,0,1,1,1,0
1,3,75,131,131,1,1,1,1,0
1,0,75,206,206,0,1,1,1,1
1,1,108,75,75,0,1,1,1,0
1,2,4,183,183,0,1,1,1,0
1,3,88,187,187,1,1,1,1,0
1,0,117,275,275,0,1,1,1,1
1,1,6,117,117,0,1,1,1,0
1,2,40,123,123,0,1,1,1,0
1,3,102,163,163,1,1,1,1,0
1,0,3,265,265,0,1,1,1,1
1,1,26,3,3,0,1,1,1,0
1,2,61,29,29,0,1,1,1,0
1,3,98,90,90,1,1,1,1,0
1,0,5,188,188,0,1,1,1,1
1,1,111,5,5,0,1,1,1,0
1,2,59,116,116,0,1,1,1,0
1,3,76,175,175,1,1,1,1,0
1,0,122,251,251,0,1,1,1,1
1,1,34,122,122,0,1,1,1,0
1,2,47,156,156,0,1,1,1,0
1,3,35,203,203,1,1,1,1,0
1,0,0,238,238,0,1,1,1,1
1,1,39,0,0,0,1,1,1,0
1,2,20,39,39,0,1,1,1,0
1,3,113,59,59,1,1,1,1,0
1,0,87,172,172,0,1,1,1,1
1,1,77,87,87,0,1,1,1,0
1,2,114,164,164,0,1,1,1,0
1,3,33,278,278,1,1,1,1,0
1,0,32,311,311,0,1,1,1,1
1,1,70,32,32,0,1,1,1,0
1,2,39,102,102,0,1,1,1,0
1,3,81,141,141,1,1,1,1,0
1,0,83,222,222,0,1,1,1,1
1,1,66,83,83,0,1,1,1,0
1,2,60,149,149,0,1,1,1,0
1,3,125,209,209,1,1,1,1,0
1,0,103,334,334,0,1,1,1,1
1,1,35,103,103,0,1,1,1,0
1,2,76,138,138,0,1,1,1,0
1,3,72,214,214,1,1,1,1,0
1,0,37,286,286,0,1,1,1,1
1,1,40,37,37,0,1,1,1,0
1,2,106,77,77,0,1,1,1,0
1,3,84,183,183,1,1,1,1,0
1,0,25,267,267,0,1,1,1,1
1,1,22,25,25,0,1,1,1,0
1,2,16,47,47,0,1,1,1,0
1,3,32,63,63,1,1,1,1,0
1,0,77,95,95,0,1,1,1,1
1,1,11,77,77,0,1,1,1,0
1,2,0,88,88,0,1,1,1,0
1,3,93,88,88,1,1,1,1,0
1,0,74,181,181,0,1,1,1,1
1,1,3,74,74,0,1,1,1,0
1,2,4,77,77,0,1,1,1,0
1,3,2,81,81,1,1,1,1,0
1,0,75,83,83,0,1,1,1,1
1,1,28,75,75,0,1,1,1,0
1,2,16,103,103,0,1,1,1,0
1,3,58,119,119,1,1,1,1,0
1,0,64,177,177,0,1,1,1,1
1,1,13,64,64,0,1,1,1,0
1,2,75,77,77,0,1,1,1,0
1,3,57,152,152,1,1,1,1,0
1,0,74,209,209,0,1,1,1,1
1,1,105,74,74,0,1,1,1,0
1,2,45,179,179,0,1,1,1,0
1,3,106,224,224,1,1,1,1,0
1,0,123,330,330,0,1,1,1,1
1,1,10,123,123,0,1,1,1,0
1,2,45,133,133,0,1,1,1,0
1,3,48,178,178,1,1,1,1,0
1,0,79,226,226,0,1,1,1,1
1,1,69,79,79,0,1,1,1,0
1,2,5,148,148,0,1,1,1,0
1,3,33,153,153,1,1,1,1,0
1,0,74,186,186,0,1,1,1,1
1,1,20,74,74,0,1,1,1,0
1,2,20,94,94,0,1,1,1,0
1,3,22,114,114,1,1,1,1,0
1,0,60,136,136,0,1,1,1,1
1,1,46,60,60,0,1,1,1,0
1,2,115,106,106,0,1,1,1,0
1,3,126,221,221,1,1,1,1,0
1,0,118,347,347,0,1,1,1,1
1,1,10,118,118,0,1,1,1,0
1,2,48,128,128,0,1,1,1,0
1,3,40,176,176,1,1,1,1,0
1,0,52,216,216,0,1,1,1,1
1,1,44,52,52,0,1,1,1,0
1,2,0,96,96,0,1,1,1,0
1,3,55,96,96,1,1,1,1,0
1,0,103,151,151,0,1,1,1,1
1,1,64,103,103,0,1,1,1,0
1,2,105,167,167,0,1,1,1,0
1,3,49,272,272,1,1,1,1,0
1,0,122,321,321,0,1,1,1,1
1,1,2,122,122,0,1,1,1,0
1,2,5,124,124,0,1,1,1,0
1,3,5,129,129,1,1,1,1,0
1,0,37,134,134,0,1,1,1,1
1,1,66,37,37,0,1,1,1,0
1,2,30,103,103,0,1,1,1,0
1,3,60,133,133,1,1,1,1,0
1,0,31,193,193,0,1,1,1,1
1,1,126,31,31,0,1,1,1,0
1,2,18,157,157,0,1,1,1,0
1,3,29,175,175,1,1,1,1,0
1,0,27,204,204,0,1,1,1,1
1,1,82,27,27,0,1,1,1,0
1,2,4,109,109,0,1,1,1,0
1,3,59,113,113,1,1,1,1,0
1,0,5,172,172,0,1,1,1,1
1,1,126,5,5,0,1,1,1,0
1,2,48,131,131,0,1,1,1,0
1,3,96,179,179,1,1,1,1,0
1,0,85,275,275,0,1,1,1,1
1,1,107,85,85,0,1,1,1,0
1,2,113,192,192,0,1,1,1,0
1,3,96,305,305,1,1,1,1,0
1,0,25,401,401,0,1,1,1,1
1,1,38,25,25,0,1,1,1,0
1,2,70,63,63,0,1,1,1,0
1,3,45,133,133,1,1,1,1,0
1,0,91,178,178,0,1,1,1,1
1,1,114,91,91,0,1,1,1,0
1,2,17,205,205,0,1,1,1,0
1,3,24,222,222,1,1,1,1,0
1,0,54,246,246,0,1,1,1,1
1,1,81,54,54,0,1,1,1,0
1,2,45,135,135,0,1,1,1,0
1,3,41,180,180,1,1,1,1,0
1,0,74,221,221,0,1,1,1,1
1,1,3,74,74,0,1,1,1,0
1,2,90,77,77,0,1,1,1,0
1,3,35,167,167,1,1,1,1,0
1,0,31,202,202,0,1,1,1,1
1,1,67,31,31,0,1,1,1,0
1,2,61,98,98,0,1,1,1,0
1,3,54,159,159,1,1,1,1,0
1,0,68,213,213,0,1,1,1,1
1,1,25,68,68,0,1,1,1,0
1,2,36,93,93,0,1,1,1,0
1,3,84,129,129,1,1,1,1,0
1,0,119,213,213,0,1,1,1,1
1,1,110,119,119,0,1,1,1,0
1,2,2,229,229,0,1,1,1,0
1,3,126,231,231,1,1,1,1,0
1,0,30,357,357,0,1,1,1,1
1,1,23,30,30,0,1,1,1,0
1,2,7,53,53,0,1,1,1,0
1,3,4,60,60,1,1,1,1,0
1,0,49,64,64,0,1,1,1,1
1,1,86,49,49,0,1,1,1,0
1,2,102,135,135,0,1,1,1,0
1,3,118,237,237,1,1,1,1,0
1,0,79,355,355,0,1,1,1,1
1,1,8,79,79,0,1,1,1,0
1,2,22,87,87,0,1,1,1,0
1,3,50,109,109,1,1,1,1,0
1,0,110,159,159,0,1,1,1,1
1,1,46,110,110,0,1,1,1,0
1,2,76,156,156,0,1,1,1,0
1,3,72,232,232,1,1,1,1,0
1,0,53,304,304,0,1,1,1,1
1,1,71,53,53,0,1,1,1,0
1,2,70,124,124,0,1,1,1,0
1,3,16,194,194,1,1,1,1,0
1,0,79,210,210,0,1,1,1,1
1,1,24,79,79,0,1,1,1,0
1,2,86,103,103,0,1,1,1,0
1,3,99,189,189,1,1,1,1,0
1,0,24,288,288,0,1,1,1,1
1,1,4,24,24,0,1,1,1,0
1,2,22,28,28,0,1,1,1,0
1,3,78,50,50,1,1,1,1,0
1,0,122,128,128,0,1,1,1,1
1,1,55,122,122,0,1,1,1,0
1,2,70,177,177,0,1,1,1,0
1,3,102,247,247,1,1,1,1,0
1,0,121,349,349,0,1,1,1,1
1,1,104,121,121,0,1,1,1,0
1,2,68,225,225,0,1,1,1,0
1,3,4,293,293,1,1,1,1,0
1,0,119,297,297,0,1,1,1,1
1,1,46,119,119,0,1,1,1,0
1,2,41,165,165,0,1,1,1,0
1,3,61,206,206,1,1,1,1,0
1,0,78,267,267,0,1,1,1,1
1,1,30,78,78,0,1,1,1,0
1,2,102,108,108,0,1,1,1,0
1,3,69,210,210,1,1,1,1,0
1,0,30,279,279,0,1,1,1,1
1,1,61,30,30,0,1,1,1,0
1,2,108,91,91,0,1,1,1,0
1,3,25,199,199,1,1,1,1,0
1,0,87,224,224,0,1,1,1,1
1,1,123,87,87,0,1,1,1,0
1,2,38,210,210,0,1,1,1,0
1,3,116,248,248,1,1,1,1,0
1,0,112,364,364,0,1,1,1,1
1,1,93,112,112,0,1,1,1,0
1,2,44,205,205,0,1,1,1,0
1,3,40,249,249,1,1,1,1,0
1,0,37,289,289,0,1,1,1,1
1,1,117,37,37,0,1,1,1,0
1,2,34,154,154,0,1,1,1,0
1,3,49,188,188,1,1,1,1,0
1,0,53,237,237,0,1,1,1,1
1,1,58,53,53,0,1,1,1,0
1,2,123,111,111,0,1,1,1,0
1,3,127,234,234,1,1,1,1,0
1,0,10,361,361,0,1,1,1,1
1,1,46,10,10,0,1,1,1,0
1,2,8,56,56,0,1,1,1,0
1,3,37,64,64,1,1,1,1,0
1,0,68,101,101,0,1,1,1,1
1,1,124,68,68,0,1,1,1,0
1,2,5,192,192,0,1,1,1,0
1,3,15,197,197,1,1,1,1,0
1,0,103,212,212,0,1,1,1,1
1,1,103,103,103,0,1,1,1,0
1,2,69,206,206,0,1,1,1,0
1,3,7,275,275,1,1,1,1,0
1,0,63,282,282,0,1,1,1,1
1,1,5,63,63,0,1,1,1,0
1,2,71,68,68,0,1,1,1,0
1,3,14,139,139,1,1,1,1,0
1,0,40,153,153,0,1,1,1,1
1,1,4,40,40,0,1,1,1,0
1,2,14,44,44,0,1,1,1,0
1,3,42,58,58,1,1,1,1,0
1,0,5,100,100,0,1,1,1,1
1,1,103,5,5,0,1,1,1,0
1,2,3,108,108,0,1,1,1,0
1,3,64,111,111,1,1,1,1,0
1,0,58,175,175,0,1,1,1,1
1,1,103,58,58,0,1,1,1,0
1,2,52,161,161,0,1,1,1,0
1,3,67,213,213,1,1,1,1,0
1,0,13,280,280,0,1,1,1,1
1,1,14,13,13,0,1,1,1,0
1,2,108,27,27,0,1,1,1,0
1,3,43,135,135,1,1,1,1,0
1,0,81,178,178,0,1,1,1,1
1,1,96,81,81,0,1,1,1,0
1,2,117,177,177,0,1,1,1,0
1,3,2,294,294,1,1,1,1,0
1,0,104,296,296,0,1,1,1,1
1,1,50,104,104,0,1,1,1,0
1,2,102,154,154,0,1,1,1,0
1,3,116,256,256,1,1,1,1,0
1,0,77,372,372,0,1,1,1,1
1,1,7,77,77,0,1,1,1,0
1,2,110,84,84,0,1,1,1,0
1,3,46,194,194,1,1,1,1,0
1,0,20,240,240,0,1,1,1,1
1,1,97,20,20,0,1,1,1,0
1,2,54,117,117,0,1,1,1,0
1,3,51,171,171,1,1,1,1,0
1,0,44,222,222,0,1,1,1,1
1,1,47,44,44,0,1,1,1,0
1,2,5,91,91,0,1,1,1,0
1,3,86,96,96,1,1,1,1,0
1,0,4,182,182,0,1,1,1,1
1,1,93,4,4,0,1,1,1,0
1,2,6,97,97,0,1,1,1,0
1,3,73,103,103,1,1,1,1,0
1,0,42,176,176,0,1,1,1,1
1,1,19,42,42,0,1,1,1,0
1,2,65,61,61,0,1,1,1,0
1,3,99,126,126,1,1,1,1,0
1,0,24,225,225,0,1,1,1,1
1,1,99,24,24,0,1,1,1,0
1,2,68,123,123,0,1,1,1,0
1,3,103,191,191,1,1,1,1,0
1,0,61,294,294,0,1,1,1,1
1,1,12,61,61,0,1,1,1,0
1,2,109,73,73,0,1,1,1,0
1,3,114,182,182,1,1,1,1,0
1,0,68,296,296,0,1,1,1,1
1,1,59,68,68,0,1,1,1,0
1,2,51,127,127,0,1,1,1,0
1,3,54,178,178,1,1,1,1,0
1,0,65,232,232,0,1,1,1,1
1,1,7,65,65,0,1,1,1,0
1,2,113,72,72,0,1,1,1,0
1,3,115,185,185,1,1,1,1,0
1,0,5,300,300,0,1,1,1,1
1,1,104,5,5,0,1,1,1,0
1,2,94,109,109,0,1,1,1,0
1,3,113,203,203,1,1,1,1,0
1,0,60,316,316,0,1,1,1,1
1,1,5,60,60,0,1,1,1,0
1,2,92,65,65,0,1,1,1,0
1,3,65,157,157,1,1,1,1,0
1,0,94,222,222,0,1,1,1,1
1,1,23,94,94,0,1,1,1,0
1,2,21,117,117,0,1,1,1,0
1,3,55,138,138,1,1,1,1,0
1,0,44,193,193,0,1,1,1,1
1,1,93,44,44,0,1,1,1,0
1,2,100,137,137,0,1,1,1,0
1,3,94,237,237,1,1,1,1,0
1,0,57,331,331,0,1,1,1,1
1,1,16,57,57,0,1,1,1,0
1,2,102,73,73,0,1,1,1,0
1,3,28,175,175,1,1,1,1,0
1,0,78,203,203,0,1,1,1,1
1,1,114,78,78,0,1,1,1,0
1,2,93,192,192,0,1,1,1,0
1,3,40,285,285,1,1,1,1,0
1,0,63,325,325,0,1,1,1,1
1,1,107,63,63,0,1,1,1,0
1,2,3,170,170,0,1,1,1,0
1,3,54,173,173,1,1,1,1,0
1,0,90,227,227,0,1,1,1,1
1,1,60,90,90,0,1,1,1,0
1,2,25,150,150,0,1,1,1,0
1,3,120,175,175,1,1,1,1,0
1,0,112,295,295,0,1,1,1,1
1,1,106,112,112,0,1,1,1,0
1,2,72,218,218,0,1,1,1,0
1,3,8,290,290,1,1,1,1,0
1,0,51,298,298,0,1,1,1,1
1,1,56,51,51,0,1,1,1,0
1,2,5,107,107,0,1,1,1,0
1,3,42,112,112,1,1,1,1,0
1,0,62,154,154,0,1,1,1,1
1,1,62,62,62,0,1,1,1,0
1,2,94,124,124,0,1,1,1,0
1,3,55,218,218,1,1,1,1,0
1,0,69,273,273,0,1,1,1,1
1,1,104,69,69,0,1,1,1,0
1,2,19,173,173,0,1,1,1,0
1,3,38,192,192,1,1,1,1,0
1,0,43,230,230,0,1,1,1,1
1,1,53,43,43,0,1,1,1,0
1,2,74,96,96,0,1,1,1,0
1,3,59,170,170,1,1,1,1,0
1,0,105,229,229,0,1,1,1,1
1,1,73,105,105,0,1,1,1,0
1,2,37,178,178,0,1,1,1,0
1,3,112,215,215,1,1,1,1,0
1,0,50,327,327,0,1,1,1,1
1,1,109,50,50,0,1,1,1,0
1,2,127,159,159,0,1,1,1,0
1,3,53,286,286,1,1,1,1,0
1,0,64,339,339,0,1,1,1,1
1,1,55,64,64,0,1,1,1,0
1,2,57,119,119,0,1,1,1,0
1,3,120,176,176,1,1,1,1,0
1,0,124,296,296,0,1,1,1,1
1,1,35,124,124,0,1,1,1,0
1,2,38,159,159,0,1,1,1,0
1,3,47,197,197,1,1,1,1,0
1,0,86,244,244,0,1,1,1,1
1,1,89,86,86,0,1,1,1,0
1,2,91,175,175,0,1,1,1,0
1,3,74,266,266,1,1,1,1,0
1,0,87,340,340,0,1,1,1,1
1,1,77,87,87,0,1,1,1,0
1,2,22,164,164,0,1,1,1,0
1,3,10,186,186,1,1,1,1,0
1,0,101,196,196,0,1,1,1,1
1,1,86,101,101,0,1,1,1,0
1,2,71,187,187,0,1,1,1,0
1,3,108,258,258,1,1,1,1,0
1,0,104,366,366,0,1,1,1,1
1,1,17,104,104,0,1,1,1,0
1,2,85,121,121,0,1,1,1,0
1,3,101,206,206,1,1,1,1,0
1,0,15,307,307,0,1,1,1,1
1,1,73,15,15,0,1,1,1,0
1,2,122,88,88,0,1,1,1,0
1,3,21,210,210,1,1,1,1,0
1,0,48,231,231,0,1,1,1,1
1,1,30,48,48,0,1,1,1,0
1,2,90,78,78,0,1,1,1,0
1,3,13,168,168,1,1,1,1,0
1,0,95,181,181,0,1,1,1,1
1,1,67,95,95,0,1,1,1,0
1,2,105,162,162,0,1,1,1,0
1,3,84,267,267,1,1,1,1,0
1,0,93,351,351,0,1,1,1,1
1,1,98,93,93,0,1,1,1,0
1,2,39,191,191,0,1,1,1,0
1,3,6,230,230,1,1,1,1,0
1,0,83,236,236,0,1,1,1,1
1,1,102,83,83,0,1,1,1,0
1,2,110,185,185,0,1,1,1,0
1,3,112,295,295,1,1,1,1,0
1,0,106,407,407,0,1,1,1,1
1,1,57,106,106,0,1,1,1,0
1,2,121,163,163,0,1,1,1,0
1,3,127,284,284,1,1,1,1,0
1,0,65,411,411,0,1,1,1,1
1,1,117,65,65,0,1,1,1,0
1,2,124,182,182,0,1,1,1,0
1,3,64,306,306,1,1,1,1,0
1,0,27,370,370,0,1,1,1,1
1,1,57,27,27,0,1,1,1,0
1,2,29,84,84,0,1,1,1,0
1,3,90,113,113,1,1,1,1,0
1,0,123,203,203,0,1,1,1,1
1,1,25,123,123,0,1,1,1,0
1,2,124,148,148,0,1,1,1,0
1,3,68,272,272,1,1,1,1,0
1,0,75,340,340,0,1,1,1,1
1,1,121,75,75,0,1,1,1,0
1,2,122,196,196,0,1,1,1,0
1,3,10,318,318,1,1,1,1,0
1,0,11,328,328,0,1,1,1,1
1,1,43,11,11,0,1,1,1,0
1,2,89,54,54,0,1,1,1,0
1,3,95,143,143,1,1,1,1,0
1,0,103,238,238,0,1,1,1,1
1,1,54,103,103,0,1,1,1,0
1,2,125,157,157,0,1,1,1,0
1,3,81,282,282,1,1,1,1,0
1,0,4,363,363,0,1,1,1,1
1,1,101,4,4,0,1,1,1,0
1,2,78,105,105,0,1,1,1,0
1,3,29,183,183,1,1,1,1,0
1,0,18,212,212,0,1,1,1,1
1,1,83,18,18,0,1,1,1,0
1,2,57,101,101,0,1,1,1,0
1,3,37,158,158,1,1,1,1,0
1,0,29,195,195,0,1,1,1,1
1,1,31,29,29,0,1,1,1,0
1,2,45,60,60,0,1,1,1,0
1,3,26,105,105,1,1,1,1,0
1,0,62,131,131,0,1,1,1,1
1,1,109,62,62,0,1,1,1,0
1,2,30,171,171,0,1,1,1,0
1,3,2,201,201,1,1,1,1,0
1,0,28,203,203,0,1,1,1,1
1,1,48,28,28,0,1,1,1,0
1,2,71,76,76,0,1,1,1,0
1,3,124,147,147,1,1,1,1,0
1,0,10,271,271,0,1,1,1,1
1,1,64,10,10,0,1,1,1,0
1,2,21,74,74,0,1,1,1,0
1,3,104,95,95,1,1,1,1,0
1,0,125,199,199,0,1,1,1,1
1,1,46,125,125,0,1,1,1,0
1,2,31,171,171,0,1,1,1,0
1,3,7,202,202,1,1,1,1,0
1,0,36,209,209,0,1,1,1,1
1,1,110,36,36,0,1,1,1,0
1,2,102,146,146,0,1,1,1,0
1,3,51,248,248,1,1,1,1,0
1,0,55,299,299,0,1,1,1,1
1,1,72,55,55,0,1,1,1,0
1,2,16,127,127,0,1,1,1,0
1,3,56,143,143,1,1,1,1,0
1,0,90,199,199,0,1,1,1,1
1,1,117,90,90,0,1,1,1,0
1,2,69,207,207,0,1,1,1,0
1,3,14,276,276,1,1,1,1,0
1,0,70,290,290,0,1,1,1,1
1,1,17,70,70,0,1,1,1,0
1,2,116,87,87,0,1,1,1,0
1,3,11,203,203,1,1,1,1,0
1,0,28,214,214,0,1,1,1,1
1,1,120,28,28,0,1,1,1,0
1,2,50,148,148,0,1,1,1,0
1,3,106,198,198,1,1,1,1,0
1,0,8,304,304,0,1,1,1,1
1,1,19,8,8,0,1,1,1,0
1,2,6,27,27,0,1,1,1,0
1,3,32,33,33,1,1,1,1,0
1,0,72,65,65,0,1,1,1,1
1,1,44,72,72,0,1,1,1,0
1,2,15,116,116,0,1,1,1,0
1,3,121,131,131,1,1,1,1,0
1,0,20,252,252,0,1,1,1,1
1,1,41,20,20,0,1,1,1,0
1,2,67,61,61,0,1,1,1,0
1,3,86,128,128,1,1,1,1,0
1,0,71,214,214,0,1,1,1,1
1,1,89,71,71,0,1,1,1,0
1,2,105,160,160,0,1,1,1,0
1,3,49,265,265,1,1,1,1,0
1,0,92,314,314,0,1,1,1,1
1,1,30,92,92,0,1,1,1,0
1,2,111,122,122,0,1,1,1,0
1,3,113,233,233,1,1,1,1,0
1,0,10,346,346,0,1,1,1,1
1,1,64,10,10,0,1,1,1,0
1,2,83,74,74,0,1,1,1,0
1,3,102,157,157,1,1,1,1,0
1,0,12,259,259,0,1,1,1,1
1,1,82,12,12,0,1,1,1,0
1,2,60,94,94,0,1,1,1,0
1,3,67,154,154,1,1,1,1,0
1,0,122,221,221,0,1,1,1,1
1,1,112,122,122,0,1,1,1,0
1,2,46,234,234,0,1,1,1,0
1,3,73,280,280,1,1,1,1,0
1,0,84,353,353,0,1,1,1,1
1,1,64,84,84,0,1,1,1,0
1,2,80,148,148,0,1,1,1,0
1,3,103,228,228,1,1,1,1,0
1,0,71,331,331,0,1,1,1,1
1,1,107,71,71,0,1,1,1,0
1,2,33,178,178,0,1,1,1,0
1,3,11,211,211,1,1,1,1,0
1,0,122,222,222,0,1,1,1,1
1,1,79,122,122,0,1,1,1,0
1,2,83,201,201,0,1,1,1,0
1,3,34,284,284,1,1,1,1,0
1,0,45,318,318,0,1,1,1,1
1,1,55,45,45,0,1,1,1,0
1,2,86,100,100,0,1,1,1,0
1,3,116,186,186,1,1,1,1,0
1,0,41,302,302,0,1,1,1,1
1,1,12,41,41,0,1,1,1,0
1,2,25,53,53,0,1,1,1,0
1,3,23,78,78,1,1,1,1,0
1,0,78,101,101,0,1,1,1,1
1,1,92,78,78,0,1,1,1,0
1,2,88,170,170,0,1,1,1,0
1,3,11,258,258,1,1,1,1,0
1,0,30,269,269,0,1,1,1,1
1,1,79,30,30,0,1,1,1,0
1,2,59,109,109,0,1,1,1,0
1,3,27,168,168,1,1,1,1,0
1,0,65,195,195,0,1,1,1,1
1,1,62,65,65,0,1,1,1,0
1,2,56,127,127,0,1,1,1,0
1,3,69,183,183,1,1,1,1,0
1,0,33,252,252,0,1,1,1,1
1,1,83,33,33,0,1,1,1,0
1,2,77,116,116,0,1,1,1,0
1,3,92,193,193,1,1,1,1,0
1,0,107,285,285,0,1,1,1,1
1,1,12,107,107,0,1,1,1,0
1,2,111,119,119,0,1,1,1,0
1,3,117,230,230,1,1,1,1,0
1,0,57,347,347,0,1,1,1,1
1,1,12,57,57,0,1,1,1,0
1,2,51,69,69,0,1,1,1,0
1,3,85,120,120,1,1,1,1,0
1,0,77,205,205,0,1,1,1,1
1,1,74,77,77,0,1,1,1,0
1,2,77,151,151,0,1,1,1,0
1,3,56,228,228,1,1,1,1,0
1,0,115,284,284,0,1,1,1,1
1,1,72,115,115,0,1,1,1,0
1,2,50,187,187,0,1,1,1,0
1,3,48,237,237,1,1,1,1,0
1,0,2,285,285,0,1,1,1,1
1,1,83,2,2,0,1,1,1,0
1,2,35,85,85,0,1,1,1,0
1,3,42,120,120,1,1,1,1,0
1,0,98,162,162,0,1,1,1,1
1,1,4,98,98,0,1,1,1,0
1,2,58,102,102,0,1,1,1,0
1,3,8,160,160,1,1,1,1,0
1,0,51,168,168,0,1,1,1,1
1,1,7,51,51,0,1,1,1,0
1,2,51,58,58,0,1,1,1,0
1,3,81,109,109,1,1,1,1,0
1,0,65,190,190,0,1,1,1,1
1,1,9,65,65,0,1,1,1,0
1,2,55,74,74,0,1,1,1,0
1,3,26,129,129,1,1,1,1,0
1,0,55,155,155,0,1,1,1,1
1,1,115,55,55,0,1,1,1,0
1,2,27,170,170,0,1,1,1,0
1,3,50,197,197,1,1,1,1,0
1,0,10,247,247,0,1,1,1,1
1,1,23,10,10,0,1,1,1,0
1,2,43,33,33,0,1,1,1,0
1,3,114,76,76,1,1,1,1,0
1,0,123,190,190,0,1,1,1,1
1,1,84,123,123,0,1,1,1,0
1,2,117,207,207,0,1,1,1,0
1,3,119,324,324,1,1,1,1,0
1,0,42,443,443,0,1,1,1,1
1,1,82,42,42,0,1,1,1,0
1,2,46,124,124,0,1,1,1,0
1,3,105,170,170,1,1,1,1,0
1,0,119,275,275,0,1,1,1,1
1,1,97,119,119,0,1,1,1,0
1,2,23,216,216,0,1,1,1,0
1,3,70,239,239,1,1,1,1,0
1,0,58,309,309,0,1,1,1,1
1,1,94,58,58,0,1,1,1,0
1,2,87,152,152,0,1,1,1,0
1,3,103,239,239,1,1,1,1,0
1,0,33,342,342,0,1,1,1,1
1,1,110,33,33,0,1,1,1,0
1,2,97,143,143,0,1,1,1,0
1,3,124,240,240,1,1,1,1,0
1,0,116,364,364,0,1,1,1,1
1,1,25,116,116,0,1,1,1,0
1,2,6,141,141,0,1,1,1,0
1,3,36,147,147,1,1,1,1,0
1,0,17,183,183,0,1,1,1,1
1,1,106,17,17,0,1,1,1,0
1,2,86,123,123,0,1,1,1,0
1,3,9,209,209,1,1,1,1,0
1,0,14,218,218,0,1,1,1,1
1,1,110,14,14,0,1,1,1,0
1,2,51,124,124,0,1,1,1,0
1,3,75,175,175,1,1,1,1,0
1,0,116,250,250,0,1,1,1,1
1,1,106,116,116,0,1,1,1,0
1,2,21,222,222,0,1,1,1,0
1,3,61,243,243,1,1,1,1,0
1,0,110,304,304,0,1,1,1,1
1,1,62,110,110,0,1,1,1,0
1,2,80,172,172,0,1,1,1,0
1,3,72,252,252,1,1,1,1,0
1,0,33,324,324,0,1,1,1,1
1,1,26,33,33,0,1,1,1,0
1,2,14,59,59,0,1,1,1,0
1,3,40,73,73,1,1,1,1,0
1,0,15,113,113,0,1,1,1,1
1,1,106,15,15,0,1,1,1,0
1,2,100,121,121,0,1,1,1,0
1,3,127,221,221,1,1,1,1,0
1,0,57,348,348,0,1,1,1,1
1,1,107,57,57,0,1,1,1,0
1,2,115,164,164,0,1,1,1,0
1,3,122,279,279,1,1,1,1,0
1,0,115,401,401,0,1,1,1,1
1,1,90,115,115,0,1,1,1,0
1,2,117,205,205,0,1,1,1,0
1,3,56,322,322,1,1,1,1,0
1,0,116,378,378,0,1,1,1,1
1,1,37,116,116,0,1,1,1,0
1,2,110,153,153,0,1,1,1,0
1,3,45,263,263,1,1,1,1,0
1,0,31,308,308,0,1,1,1,1
1,1,70,31,31,0,1,1,1,0
1,2,39,101,101,0,1,1,1,0
1,3,94,140,140,1,1,1,1,0
1,0,104,234,234,0,1,1,1,1
1,1,23,104,104,0,1,1,1,0
1,2,102,127,127,0,1,1,1,0
1,3,95,229,229,1,1,1,1,0
1,0,104,324,324,0,1,1,1,1
1,1,18,104,104,0,1,1,1,0
1,2,116,122,122,0,1,1,1,0
1,3,4,238,238,1,1,1,1,0
1,0,43,242,242,0,1,1,1,1
1,1,45,43,43,0,1,1,1,0
1,2,40,88,88,0,1,1,1,0
1,3,61,128,128,1,1,1,1,0
1,0,50,189,189,0,1,1,1,1
1,1,21,50,50,0,1,1,1,0
1,2,89,71,71,0,1,1,1,0
1,3,20,160,160,1,1,1,1,0
1,0,124,180,180,0,1,1,1,1
1,1,61,124,124,0,1,1,1,0
1,2,85,185,185,0,1,1,1,0
1,3,43,270,270,1,1,1,1,0
1,0,52,313,313,0,1,1,1,1
1,1,38,52,52,0,1,1,1,0
1,2,69,90,90,0,1,1,1,0
1,3,46,159,159,1,1,1,1,0
1,0,15,205,205,0,1,1,1,1
1,1,40,15,15,0,1,1,1,0
1,2,61,55,55,0,1,1,1,0
1,3,6,116,116,1,1,1,1,0
1,0,124,122,122,0,1,1,1,1
1,1,14,124,124,0,1,1,1,0
1,2,97,138,138,0,1,1,1,0
1,3,121,235,235,1,1,1,1,0
1,0,27,356,356,0,1,1,1,1
1,1,121,27,27,0,1,1,1,0
1,2,0,148,148,0,1,1,1,0
1,3,57,148,148,1,1,1,1,0
1,0,50,205,205,0,1,1,1,1
1,1,11,50,50,0,1,1,1,0
1,2,124,61,61,0,1,1,1,0
1,3,71,185,185,1,1,1,1,0
1,0,14,256,256,0,1,1,1,1
1,1,11,14,14,0,1,1,1,0
1,2,58,25,25,0,1,1,1,0
1,3,3,83,83,1,1,1,1,0
1,0,56,86,86,0,1,1,1,1
1,1,33,56,56,0,1,1,1,0
1,2,58,89,89,0,1,1,1,0
1,3,54,147,147,1,1,1,1,0
1,0,11,201,201,0,1,1,1,1
1,1,31,11,11,0,1,1,1,0
1,2,2,42,42,0,1,1,1,0
1,3,51,44,44,1,1,1,1,0
1,0,27,95,95,0,1,1,1,1
1,1,31,27,27,0,1,1,1,0
1,2,35,58,58,0,1,1,1,0
1,3,60,93,93,1,1,1,1,0
1,0,16,153,153,0,1,1,1,1
1,1,64,16,16,0,1,1,1,0
1,2,103,80,80,0,1,1,1,0
1,3,2,183,183,1,1,1,1,0
1,0,89,185,185,0,1,1,1,1
1,1,87,89,89,0,1,1,1,0
1,2,72,176,176,0,1,1,1,0
1,3,49,248,248,1,1,1,1,0
1,0,38,297,297,0,1,1,1,1
1,1,53,38,38,0,1,1,1,0
1,2,34,91,91,0,1,1,1,0
1,3,44,125,125,1,1,1,1,0
1,0,66,169,169,0,1,1,1,1
1,1,38,66,66,0,1,1,1,0
1,2,75,104,104,0,1,1,1,0
1,3,29,179,179,1,1,1,1,0
1,0,66,208,208,0,1,1,1,1
1,1,86,66,66,0,1,1,1,0
1,2,112,152,152,0,1,1,1,0
1,3,44,264,264,1,1,1,1,0
1,0,74,308,308,0,1,1,1,1
1,1,108,74,74,0,1,1,1,0
1,2,3,182,182,0,1,1,1,0
1,3,103,185,185,1,1,1,1,0
1,0,113,288,288,0,1,1,1,1
1,1,36,113,113,0,1,1,1,0
1,2,77,149,149,0,1,1,1,0
1,3,65,226,226,1,1,1,1,0
1,0,31,291,291,0,1,1,1,1
1,1,11,31,31,0,1,1,1,0
1,2,36,42,42,0,1,1,1,0
1,3,62,78,78,1,1,1,1,0
1,0,94,140,140,0,1,1,1,1
1,1,119,94,94,0,1,1,1,0
1,2,34,213,213,0,1,1,1,0
1,3,71,247,247,1,1,1,1,0
1,0,18,318,318,0,1,1,1,1
1,1,6,18,18,0,1,1,1,0
1,2,21,24,24,0,1,1,1,0
1,3,17,45,45,1,1,1,1,0
1,0,15,62,62,0,1,1,1,1
1,1,97,15,15,0,1,1,1,0
1,2,5,112,112,0,1,1,1,0
1,3,111,117,117,1,1,1,1,0
1,0,5,228,228,0,1,1,1,1
1,1,45,5,5,0,1,1,1,0
1,2,125,50,50,0,1,1,1,0
1,3,77,175,175,1,1,1,1,0
1,0,3,252,252,0,1,1,1,1
1,1,3,3,3,0,1,1,1,0
1,2,99,6,6,0,1,1,1,0
1,3,23,105,105,1,1,1,1,0
1,0,112,128,128,0,1,1,1,1
1,1,91,112,112,0,1,1,1,0
1,2,85,203,203,0,1,1,1,0
1,3,79,288,288,1,1,1,1,0
1,0,89,367,367,0,1,1,1,1
1,1,77,89,89,0,1,1,1,0
1,2,41,166,166,0,1,1,1,0
1,3,12,207,207,1,1,1,1,0
1,0,59,219,219,0,1,1,1,1
1,1,32,59,59,0,1,1,1,0
1,2,38,91,91,0,1,1,1,0
1,3,66,129,129,1,1,1,1,0
1,0,58,195,195,0,1,1,1,1
1,1,8,58,58,0,1,1,1,0
1,2,73,66,66,0,1,1,1,0
1,3,83,139,139,1,1,1,1,0
1,0,76,222,222,0,1,1,1,1
1,1,33,76,76,0,1,1,1,0
1,2,62,109,109,0,1,1,1,0
1,3,6,171,171,1,1,1,1,0
1,0,67,177,177,0,1,1,1,1
1,1,71,67,67,0,1,1,1,0
1,2,67,138,138,0,1,1,1,0
1,3,25,205,205,1,1,1,1,0
1,0,10,230,230,0,1,1,1,1
1,1,91,10,10,0,1,1,1,0
1,2,3,101,101,0,1,1,1,0
1,3,94,104,104,1,1,1,1,0
1,0,22,198,198,0,1,1,1,1
1,1,117,22,22,0,1,1,1,0
1,2,55,139,139,0,1,1,1,0
1,3,80,194,194,1,1,1,1,0
1,0,61,274,274,0,1,1,1,1
1,1,17,61,61,0,1,1,1,0
1,2,32,78,78,0,1,1,1,0
1,3,1,110,110,1,1,1,1,0
1,0,70,111,111,0,1,1,1,1
1,1,119,70,70,0,1,1,1,0
1,2,24,189,189,0,1,1,1,0
1,3,17,213,213,1,1,1,1,0
1,0,44,230,230,0,1,1,1,1
1,1,56,44,44,0,1,1,1,0
1,2,6,100,100,0,1,1,1,0
1,3,3,106,106,1,1,1,1,0
1,0,95,109,109,0,1,1,1,1
1,1,11,95,95,0,1,1,1,0
1,2,80,106,106,0,1,1,1,0
1,3,50,186,186,1,1,1,1,0
1,0,69,236,236,0,1,1,1,1
1,1,61,69,69,0,1,1,1,0
1,2,53,130,130,0,1,1,1,0
1,3,114,183,183,1,1,1,1,0
1,0,97,297,297,0,1,1,1,1
1,1,65,97,97,0,1,1,1,0
1,2,74,162,162,0,1,1,1,0
1,3,11,236,236,1,1,1,1,0
1,0,125,247,247,0,1,1,1,1
1,1,41,125,125,0,1,1,1,0
1,2,49,166,166,0,1,1,1,0
1,3,82,215,215,1,1,1,1,0
1,0,29,297,297,0,1,1,1,1
1,1,49,29,29,0,1,1,1,0
1,2,126,78,78,0,1,1,1,0
1,3,10,204,204,1,1,1,1,0
1,0,9,214,214,0,1,1,1,1
1,1,66,9,9,0,1,1,1,0
1,2,115,75,75,0,1,1,1,0
1,3,64,190,190,1,1,1,1,0
1,0,24,254,254,0,1,1,1,1
1,1,115,24,24,0,1,1,1,0
1,2,108,139,139,0,1,1,1,0
1,3,63,247,247,1,1,1,1,0
1,0,119,310,310,0,1,1,1,1
1,1,33,119,119,0,1,1,1,0
1,2,65,152,152,0,1,1,1,0
1,3,58,217,217,1,1,1,1,0
1,0,97,275,275,0,1,1,1,1
1,1,122,97,97,0,1,1,1,0
1,2,98,219,219,0,1,1,1,0
1,3,83,317,317,1,1,1,1,0
1,0,90,400,400,0,1,1,1,1
1,1,18,90,90,0,1,1,1,0
1,2,71,108,108,0,1,1,1,0
1,3,34,179,179,1,1,1,1,0
1,0,8,213,213,0,1,1,1,1
1,1,119,8,8,0,1,1,1,0
1,2,120,127,127,0,1,1,1,0
1,3,82,247,247,1,1,1,1,0
1,0,125,329,329,0,1,1,1,1
1,1,87,125,125,0,1,1,1,0
1,2,64,212,212,0,1,1,1,0
1,3,65,276,276,1,1,1,1,0
1,0,63,341,341,0,1,1,1,1
1,1,97,63,63,0,1,1,1,0
1,2,84,160,160,0,1,1,1,0
1,3,98,244,244,1,1,1,1,0
1,0,68,342,342,0,1,1,1,1
1,1,117,68,68,0,1,1,1,0
1,2,118,185,185,0,1,1,1,0
1,3,33,303,303,1,1,1,1,0
1,0,10,336,336,0,1,1,1,1
1,1,25,10,10,0,1,1,1,0
1,2,75,35,35,0,1,1,1,0
1,3,115,110,110,1,1,1,1,0
1,0,83,225,225,0,1,1,1,1
1,1,81,83,83,0,1,1,1,0
1,2,102,164,164,0,1,1,1,0
1,3,50,266,266,1,1,1,1,0
1,0,18,316,316,0,1,1,1,1
1,1,30,18,18,0,1,1,1,0
1,2,38,48,48,0,1,1,1,0
1,3,96,86,86,1,1,1,1,0
1,0,75,182,182,0,1,1,1,1
1,1,39,75,75,0,1,1,1,0
1,2,86,114,114,0,1,1,1,0
1,3,5,200,200,1,1,1,1,0
1,0,3,205,205,0,1,1,1,1
1,1,59,3,3,0,1,1,1,0
1,2,44,62,62,0,1,1,1,0
1,3,37,106,106,1,1,1,1,0
1,0,85,143,143,0,1,1,1,1
1,1,94,85,85,0,1,1,1,0
1,2,50,179,179,0,1,1,1,0
1,3,126,229,229,1,1,1,1,0
1,0,123,355,355,0,1,1,1,1
1,1,32,123,123,0,1,1,1,0
1,2,51,155,155,0,1,1,1,0
1,3,63,206,206,1,1,1,1,0
1,0,99,269,269,0,1,1,1,1
1,1,81,99,99,0,1,1,1,0
1,2,84,180,180,0,1,1,1,0
1,3,49,264,264,1,1,1,1,0
1,0,76,313,313,0,1,1,1,1
1,1,56,76,76,0,1,1,1,0
1,2,109,132,132,0,1,1,1,0
1,3,51,241,241,1,1,1,1,0
1,0,52,292,292,0,1,1,1,1
1,1,48,52,52,0,1,1,1,0
1,2,127,100,100,0,1,1,1,0
1,3,85,227,227,1,1,1,1,0
1,0,20,312,312,0,1,1,1,1
1,1,103,20,20,0,1,1,1,0
1,2,74,123,123,0,1,1,1,0
1,3,85,197,197,1,1,1,1,0
1,0,125,282,282,0,1,1,1,1
1,1,62,125,125,0,1,1,1,0
1,2,65,187,187,0,1,1,1,0
1,3,120,252,252,1,1,1,1,0
1,0,46,372,372,0,1,1,1,1
1,1,89,46,46,0,1,1,1,0
1,2,40,135,135,0,1,1,1,0
1,3,97,175,175,1,1,1,1,0
1,0,1,272,272,0,1,1,1,1
1,1,11,1,1,0,1,1,1,0
1,2,25,12,12,0,1,1,1,0
1,3,0,37,37,1,1,1,1,0
1,0,100,37,37,0,1,1,1,1
1,1,5,100,100,0,1,1,1,0
1,2,56,105,105,0,1,1,1,0
1,3,112,161,161,1,1,1,1,0
1,0,114,273,273,0,1,1,1,1
1,1,118,114,114,0,1,1,1,0
1,2,68,232,232,0,1,1,1,0
1,3,24,300,300,1,1,1,1,0
1,0,105,324,324,0,1,1,1,1
1,1,58,105,105,0,1,1,1,0
1,2,54,163,163,0,1,1,1,0
1,3,33,217,217,1,1,1,1,0
1,0,102,250,250,0,1,1,1,1
1,1,64,102,102,0,1,1,1,0
1,2,100,166,166,0,1,1,1,0
1,3,19,266,266,1,1,1,1,0
1,0,23,285,285,0,1,1,1,1
1,1,29,23,23,0,1,1,1,0
1,2,118,52,52,0,1,1,1,0
1,3,103,170,170,1,1,1,1,0
1,0,82,273,273,0,1,1,1,1
1,1,7,82,82,0,1,1,1,0
1,2,66,89,89,0,1,1,1,0
1,3,109,155,155,1,1,1,1,0
1,0,105,264,264,0,1,1,1,1
1,1,59,105,105,0,1,1,1,0
1,2,116,164,164,0,1,1,1,0
1,3,22,280,280,1,1,1,1,0
1,0,68,302,302,0,1,1,1,1
1,1,81,68,68,0,1,1,1,0
1,2,16,149,149,0,1,1,1,0
1,3,102,165,165,1,1,1,1,0
1,0,1,267,267,0,1,1,1,1
1,1,69,1,1,0,1,1,1,0
1,2,1,70,70,0,1,1,1,0
1,3,9,71,71,1,1,1,1,0
1,0,126,80,80,0,1,1,1,1
1,1,38,126,126,0,1,1,1,0
1,2,27,164,164,0,1,1,1,0
1,3,28,191,191,1,1,1,1,0
1,0,50,219,219,0,1,1,1,1
1,1,22,50,50,0,1,1,1,0
1,2,107,72,72,0,1,1,1,0
1,3,17,179,179,1,1,1,1,0
1,0,102,196,196,0,1,1,1,1
1,1,104,102,102,0,1,1,1,0
1,2,64,206,206,0,1,1,1,0
1,3,75,270,270,1,1,1,1,0
1,0,111,345,345,0,1,1,1,1
1,1,103,111,111,0,1,1,1,0
1,2,37,214,214,0,1,1,1,0
1,3,103,251,251,1,1,1,1,0
1,0,74,354,354,0,1,1,1,1
1,1,28,74,74,0,1,1,1,0
1,2,70,102,102,0,1,1,1,0
1,3,32,172,172,1,1,1,1,0
1,0,47,204,204,0,1,1,1,1
1,1,95,47,47,0,1,1,1,0
1,2,87,142,142,0,1,1,1,0
1,3,20,229,229,1,1,1,1,0
1,0,71,249,249,0,1,1,1,1
1,1,13,71,71,0,1,1,1,0
1,2,105,84,84,0,1,1,1,0
1,3,31,189,189,1,1,1,1,0
1,0,125,220,220,0,1,1,1,1
1,1,2,125,125,0,1,1,1,0
1,2,88,127,127,0,1,1,1,0
1,3,104,215,215,1,1,1,1,0
1,0,67,319,319,0,1,1,1,1
1,1,29,67,67,0,1,1,1,0
1,2,46,96,96,0,1,1,1,0
1,3,19,142,142,1,1,1,1,0
1,0,21,161,161,0,1,1,1,1
1,1,25,21,21,0,1,1,1,0
1,2,92,46,46,0,1,1,1,0
1,3,61,138,138,1,1,1,1,0
1,0,97,199,199,0,1,1,1,1
1,1,117,97,97,0,1,1,1,0
1,2,74,214,214,0,1,1,1,0
1,3,59,288,288,1,1,1,1,0
1,0,7,347,347,0,1,1,1,1
1,1,99,7,7,0,1,1,1,0
1,2,87,106,106,0,1,1,1,0
1,3,42,193,193,1,1,1,1,0
1,0,40,235,235,0,1,1,1,1
1,1,67,40,40,0,1,1,1,0
1,2,97,107,107,0,1,1,1,0
1,3,41,204,204,1,1,1,1,0
1,0,117,245,245,0,1,1,1,1
1,1,124,117,117,0,1,1,1,0
1,2,115,241,241,0,1,1,1,0
1,3,7,356,356,1,1,1,1,0
1,0,7,363,363,0,1,1,1,1
1,1,32,7,7,0,1,1,1,0
1,2,110,39,39,0,1,1,1,0
1,3,60,149,149,1,1,1,1,0
1,0,87,209,209,0,1,1,1,1
1,1,114,87,87,0,1,1,1,0
1,2,23,201,201,0,1,1,1,0
1,3,73,224,224,1,1,1,1,0
1,0,46,297,297,0,1,1,1,1
1,1,77,46,46,0,1,1,1,0
1,2,119,123,123,0,1,1,1,0
1,3,9,242,242,1,1,1,1,0
1,0,58,251,251,0,1,1,1,1
1,1,24,58,58,0,1,1,1,0
1,2,56,82,82,0,1,1,1,0
1,3,50,138,138,1,1,1,1,0
1,0,51,188,188,0,1,1,1,1
1,1,100,51,51,0,1,1,1,0
1,2,36,151,151,0,1,1,1,0
1,3,118,187,187,1,1,1,1,0
1,0,96,305,305,0,1,1,1,1
1,1,50,96,96,0,1,1,1,0
1,2,127,146,146,0,1,1,1,0
1,3,7,273,273,1,1,1,1,0
1,0,39,280,280,0,1,1,1,1
1,1,122,39,39,0,1,1,1,0
1,2,78,161,161,0,1,1,1,0
1,3,62,239,239,1,1,1,1,0
1,0,37,301,301,0,1,1,1,1
1,1,34,37,37,0,1,1,1,0
1,2,4,71,71,0,1,1,1,0
1,3,88,75,75,1,1,1,1,0
1,0,45,163,163,0,1,1,1,1
1,1,29,45,45,0,1,1,1,0
1,2,71,74,74,0,1,1,1,0
1,3,7,145,145,1,1,1,1,0
1,0,114,152,152,0,1,1,1,1
1,1,63,114,114,0,1,1,1,0
1,2,59,177,177,0,1,1,1,0
1,3,94,236,236,1,1,1,1,0
1,0,80,330,330,0,1,1,1,1
1,1,35,80,80,0,1,1,1,0
1,2,12,115,115,0,1,1,1,0
1,3,106,127,127,1,1,1,1,0
1,0,28,233,233,0,1,1,1,1
1,1,22,28,28,0,1,1,1,0
1,2,121,50,50,0,1,1,1,0
1,3,17,171,171,1,1,1,1,0
1,0,10,188,188,0,1,1,1,1
1,1,50,10,10,0,1,1,1,0
1,2,13,60,60,0,1,1,1,0
1,3,2,73,73,1,1,1,1,0
1,0,86,75,75,0,1,1,1,1
1,1,105,86,86,0,1,1,1,0
1,2,23,191,191,0,1,1,1,0
1,3,75,214,214,1,1,1,1,0
1,0,68,289,289,0,1,1,1,1
1,1,23,68,68,0,1,1,1,0
1,2,88,91,91,0,1,1,1,0
1,3,33,179,179,1,1,1,1,0
1,0,49,212,212,0,1,1,1,1
1,1,127,49,49,0,1,1,1,0
1,2,39,176,176,0,1,1,1,0
1,3,110,215,215,1,1,1,1,0
1,0,1,325,325,0,1,1,1,1
1,1,68,1,1,0,1,1,1,0
1,2,62,69,69,0,1,1,1,0
1,3,99,131,131,1,1,1,1,0
1,0,88,230,230,0,1,1,1,1
1,1,125,88,88,0,1,1,1,0
1,2,91,213,213,0,1,1,1,0
1,3,6,304,304,1,1,1,1,0
1,0,126,310,310,0,1,1,1,1
1,1,56,126,126,0,1,1,1,0
1,2,109,182,182,0,1,1,1,0
1,3,72,291,291,1,1,1,1,0
1,0,64,363,363,0,1,1,1,1
1,1,52,64,64,0,1,1,1,0
1,2,30,116,116,0,1,1,1,0
1,3,45,146,146,1,1,1,1,0
1,0,93,191,191,0,1,1,1,1
1,1,77,93,93,0,1,1,1,0
1,2,15,170,170,0,1,1,1,0
1,3,25,185,185,1,1,1,1,0
1,0,13,210,210,0,1,1,1,1
1,1,69,13,13,0,1,1,1,0
1,2,18,82,82,0,1,1,1,0
1,3,33,100,100,1,1,1,1,0
1,0,47,133,133,0,1,1,1,1
1,1,17,47,47,0,1,1,1,0
1,2,83,64,64,0,1,1,1,0
1,3,56,147,147,1,1,1,1,0
1,0,85,203,203,0,1,1,1,1
1,1,72,85,85,0,1,1,1,0
1,2,111,157,157,0,1,1,1,0
1,3,114,268,268,1,1,1,1,0
1,0,77,382,382,0,1,1,1,1
1,1,8,77,77,0,1,1,1,0
1,2,121,85,85,0,1,1,1,0
1,3,117,206,206,1,1,1,1,0
1,0,57,323,323,0,1,1,1,1
1,1,60,57,57,0,1,1,1,0
1,2,75,117,117,0,1,1,1,0
1,3,35,192,192,1,1,1,1,0
1,0,34,227,227,0,1,1,1,1
1,1,112,34,34,0,1,1,1,0
1,2,119,146,146,0,1,1,1,0
1,3,83,265,265,1,1,1,1,0
1,0,33,348,348,0,1,1,1,1
1,1,58,33,33,0,1,1,1,0
1,2,24,91,91,0,1,1,1,0
1,3,70,115,115,1,1,1,1,0
1,0,51,185,185,0,1,1,1,1
1,1,29,51,51,0,1,1,1,0
1,2,94,80,80,0,1,1,1,0
1,3,127,174,174,1,1,1,1,0
1,0,58,301,301,0,1,1,1,1
1,1,5,58,58,0,1,1,1,0
1,2,78,63,63,0,1,1,1,0
1,3,37,141,141,1,1,1,1,0
1,0,99,178,178,0,1,1,1,1
1,1,53,99,99,0,1,1,1,0
1,2,19,152,152,0,1,1,1,0
1,3,26,171,171,1,1,1,1,0
1,0,77,197,197,0,1,1,1,1
1,1,95,77,77,0,1,1,1,0
1,2,38,172,172,0,1,1,1,0
1,3,105,210,210,1,1,1,1,0
1,0,113,315,315,0,1,1,1,1
1,1,1,113,113,0,1,1,1,0
1,2,39,114,114,0,1,1,1,0
1,3,88,153,153,1,1,1,1,0
1,0,107,241,241,0,1,1,1,1
1,1,78,107,107,0,1,1,1,0
1,2,102,185,185,0,1,1,1,0
1,3,77,287,287,1,1,1,1,0
1,0,8,364,364,0,1,1,1,1
1,1,65,8,8,0,1,1,1,0
1,2,103,73,73,0,1,1,1,0
1,3,11,176,176,1,1,1,1,0
1,0,72,187,187,0,1,1,1,1
1,1,100,72,72,0,1,1,1,0
1,2,31,172,172,0,1,1,1,0
1,3,88,203,203,1,1,1,1,0
1,0,66,291,291,0,1,1,1,1
1,1,53,66,66,0,1,1,1,0
1,2,14,119,119,0,1,1,1,0
1,3,19,133,133,1,1,1,1,0
1,0,90,152,152,0,1,1,1,1
1,1,109,90,90,0,1,1,1,0
1,2,55,199,199,0,1,1,1,0
1,3,124,254,254,1,1,1,1,0
1,0,29,378,378,0,1,1,1,1
1,1,84,29,29,0,1,1,1,0
1,2,46,113,113,0,1,1,1,0
1,3,14,159,159,1,1,1,1,0
1,0,91,173,173,0,1,1,1,1
1,1,111,91,91,0,1,1,1,0
1,2,97,202,202,0,1,1,1,0
1,3,61,299,299,1,1,1,1,0
1,0,21,360,360,0,1,1,1,1
1,1,108,21,21,0,1,1,1,0
1,2,22,129,129,0,1,1,1,0
1,3,76,151,151,1,1,1,1,0
1,0,28,227,227,0,1,1,1,1
1,1,81,28,28,0,1,1,1,0
1,2,39,109,109,0,1,1,1,0
1,3,125,148,148,1,1,1,1,0
1,0,29,273,273,0,1,1,1,1
1,1,18,29,29,0,1,1,1,0
1,2,109,47,47,0,1,1,1,0
1,3,124,156,156,1,1,1,1,0
1,0,108,280,280,0,1,1,1,1
1,1,84,108,108,0,1,1,1,0
1,2,8,192,192,0,1,1,1,0
1,3,59,200,200,1,1,1,1,0
1,0,44,259,259,0,1,1,1,1
1,1,61,44,44,0,1,1,1,0
1,2,60,105,105,0,1,1,1,0
1,3,90,165,165,1,1,1,1,0
1,0,51,255,255,0,1,1,1,1
1,1,22,51,51,0,1,1,1,0
1,2,64,73,73,0,1,1,1,0
1,3,28,137,137,1,1,1,1,0
1,0,45,165,165,0,1,1,1,1
1,1,124,45,45,0,1,1,1,0
1,2,89,169,169,0,1,1,1,0
1,3,73,258,258,1,1,1,1,0
1,0,124,331,331,0,1,1,1,1
1,1,29,124,124,0,1,1,1,0
1,2,103,153,153,0,1,1,1,0
1,3,125,256,256,1,1,1,1,0
1,0,22,381,381,0,1,1,1,1
1,1,18,22,22,0,1,1,1,0
1,2,104,40,40,0,1,1,1,0
1,3,55,144,144,1,1,1,1,0
1,0,111,199,199,0,1,1,1,1
1,1,32,111,111,0,1,1,1,0
1,2,61,143,143,0,1,1,1,0
1,3,8,204,204,1,1,1,1,0
1,0,29,212,212,0,1,1,1,1
1,1,116,29,29,0,1,1,1,0
1,2,20,145,145,0,1,1,1,0
1,3,12,165,165,1,1,1,1,0
1,0,112,177,177,0,1,1,1,1
1,1,34,112,112,0,1,1,1,0
1,2,18,146,146,0,1,1,1,0
1,3,45,164,164,1,1,1,1,0
1,0,82,209,209,0,1,1,1,1
1,1,1,82,82,0,1,1,1,0
1,2,62,83,83,0,1,1,1,0
1,3,123,145,145,1,1,1,1,0
1,0,61,268,268,0,1,1,1,1
1,1,15,61,61,0,1,1,1,0
1,2,83,76,76,0,1,1,1,0
1,3,110,159,159,1,1,1,1,0
1,0,67,269,269,0,1,1,1,1
1,1,77,67,67,0,1,1,1,0
1,2,63,144,144,0,1,1,1,0
1,3,6,207,207,1,1,1,1,0
1,0,99,213,213,0,1,1,1,1
1,1,97,99,99,0,1,1,1,0
1,2,63,196,196,0,1,1,1,0
1,3,114,259,259,1,1,1,1,0
1,0,19,373,373,0,1,1,1,1
1,1,2,19,19,0,1,1,1,0
1,2,46,21,21,0,1,1,1,0
1,3,104,67,67,1,1,1,1,0
1,0,95,171,171,0,1,1,1,1
1,1,30,95,95,0,1,1,1,0
1,2,121,125,125,0,1,1,1,0
1,3,21,246,246,1,1,1,1,0
1,0,102,267,267,0,1,1,1,1
1,1,101,102,102,0,1,1,1,0
1,2,43,203,203,0,1,1,1,0
1,3,70,246,246,1,1,1,1,0
1,0,93,316,316,0,1,1,1,1
1,1,28,93,93,0,1,1,1,0
1,2,67,121,121,0,1,1,1,0
1,3,28,188,188,1,1,1,1,0
1,0,91,216,216,0,1,1,1,1
1,1,126,91,91,0,1,1,1,0
1,2,61,217,217,0,1,1,1,0
1,3,106,278,278,1,1,1,1,0
1,0,67,384,384,0,1,1,1,1
1,1,101,67,67,0,1,1,1,0
1,2,27,168,168,0,1,1,1,0
1,3,35,195,195,1,1,1,1,0
1,0,87,230,230,0,1,1,1,1
1,1,48,87,87,0,1,1,1,0
1,2,51,135,135,0,1,1,1,0
1,3,44,186,186,1,1,1,1,0
1,0,60,230,230,0,1,1,1,1
1,1,78,60,60,0,1,1,1,0
1,2,19,138,138,0,1,1,1,0
1,3,97,157,157,1,1,1,1,0
1,0,35,254,254,0,1,1,1,1
1,1,28,35,35,0,1,1,1,0
1,2,113,63,63,0,1,1,1,0
1,3,34,176,176,1,1,1,1,0
1,0,107,210,210,0,1,1,1,1
1,1,94,107,107,0,1,1,1,0
1,2,32,201,201,0,1,1,1,0
1,3,18,233,233,1,1,1,1,0
1,0,38,251,251,0,1,1,1,1
1,1,4,38,38,0,1,1,1,0
1,2,97,42,42,0,1,1,1,0
1,3,47,139,139,1,1,1,1,0
1,0,51,186,186,0,1,1,1,1
1,1,76,51,51,0,1,1,1,0
1,2,46,127,127,0,1,1,1,0
1,3,42,173,173,1,1,1,1,0
1,0,37,215,215,0,1,1,1,1
1,1,44,37,37,0,1,1,1,0
1,2,27,81,81,0,1,1,1,0
1,3,126,108,108,1,1,1,1,0
1,0,18,234,234,0,1,1,1,1
1,1,18,18,18,0,1,1,1,0
1,2,127,36,36,0,1,1,1,0
1,3,66,163,163,1,1,1,1,0
1,0,96,229,229,0,1,1,1,1
1,1,114,96,96,0,1,1,1,0
1,2,87,210,210,0,1,1,1,0
1,3,80,297,297,1,1,1,1,0
1,0,21,377,377,0,1,1,1,1
1,1,52,21,21,0,1,1,1,0
1,2,3,73,73,0,1,1,1,0
1,3,84,76,76,1,1,1,1,0
1,0,19,160,160,0,1,1,1,1
1,1,93,19,19,0,1,1,1,0
1,2,37,112,112,0,1,1,1,0
1,3,65,149,149,1,1,1,1,0
1,0,38,214,214,0,1,1,1,1
1,1,69,38,38,0,1,1,1,0
1,2,108,107,107,0,1,1,1,0
1,3,49,215,215,1,1,1,1,0
1,0,29,264,264,0,1,1,1,1
1,1,115,29,29,0,1,1,1,0
1,2,89,144,144,0,1,1,1,0
1,3,116,233,233,1,1,1,1,0
1,0,126,349,349,0,1,1,1,1
1,1,90,126,126,0,1,1,1,0
1,2,93,216,216,0,1,1,1,0
1,3,54,309,309,1,1,1,1,0
1,0,17,363,363,0,1,1,1,1
1,1,120,17,17,0,1,1,1,0
1,2,57,137,137,0,1,1,1,0
1,3,93,194,194,1,1,1,1,0
1,0,88,287,287,0,1,1,1,1
1,1,35,88,88,0,1,1,1,0
1,2,72,123,123,0,1,1,1,0
1,3,55,195,195,1,1,1,1,0
1,0,30,250,250,0,1,1,1,1
1,1,77,30,30,0,1,1,1,0
1,2,80,107,107,0,1,1,1,0
1,3,49,187,187,1,1,1,1,0
1,0,114,236,236,0,1,1,1,1
1,1,51,114,114,0,1,1,1,0
1,2,83,165,165,0,1,1,1,0
1,3,53,248,248,1,1,1,1,0
1,0,104,301,301,0,1,1,1,1
1,1,93,104,104,0,1,1,1,0
1,2,2,197,197,0,1,1,1,0
1,3,106,199,199,1,1,1,1,0
1,0,102,305,305,0,1,1,1,1
1,1,5,102,102,0,1,1,1,0
1,2,0,107,107,0,1,1,1,0
1,3,16,107,107,1,1,1,1,0
1,0,43,123,123,0,1,1,1,1
1,1,107,43,43,0,1,1,1,0
1,2,17,150,150,0,1,1,1,0
1,3,121,167,167,1,1,1,1,0
1,0,77,288,288,0,1,1,1,1
1,1,83,77,77,0,1,1,1,0
1,2,28,160,160,0,1,1,1,0
1,3,73,188,188,1,1,1,1,0
1,0,75,261,261,0,1,1,1,1
1,1,126,75,75,0,1,1,1,0
1,2,96,201,201,0,1,1,1,0
1,3,80,297,297,1,1,1,1,0
1,0,127,377,377,0,1,1,1,1
1,1,24,127,127,0,1,1,1,0
1,2,21,151,151,0,1,1,1,0
1,3,23,172,172,1,1,1,1,0
1,0,48,195,195,0,1,1,1,1
1,1,87,48,48,0,1,1,1,0
1,2,76,135,135,0,1,1,1,0
1,3,75,211,211,1,1,1,1,0
1,0,47,286,286,0,1,1,1,1
1,1,26,47,47,0,1,1,1,0
1,2,43,73,73,0,1,1,1,0
1,3,77,116,116,1,1,1,1,0
1,0,105,193,193,0,1,1,1,1
1,1,41,105,105,0,1,1,1,0
1,2,114,146,146,0,1,1,1,0
1,3,12,260,260,1,1,1,1,0
1,0,70,272,272,0,1,1,1,1
1,1,79,70,70,0,1,1,1,0
1,2,124,149,149,0,1,1,1,0
1,3,89,273,273,1,1,1,1,0
1,0,109,362,362,0,1,1,1,1
1,1,33,109,109,0,1,1,1,0
1,2,68,142,142,0,1,1,1,0
1,3,112,210,210,1,1,1,1,0
1,0,33,322,322,0,1,1,1,1
1,1,96,33,33,0,1,1,1,0
1,2,48,129,129,0,1,1,1,0
1,3,115,177,177,1,1,1,1,0
1,0,47,292,292,0,1,1,1,1
1,1,82,47,47,0,1,1,1,0
1,2,50,129,129,0,1,1,1,0
1,3,59,179,179,1,1,1,1,0
1,0,69,238,238,0,1,1,1,1
1,1,83,69,69,0,1,1,1,0
1,2,67,152,152,0,1,1,1,0
1,3,101,219,219,1,1,1,1,0
1,0,20,320,320,0,1,1,1,1
1,1,120,20,20,0,1,1,1,0
1,2,102,140,140,0,1,1,1,0
1,3,79,242,242,1,1,1,1,0
1,0,40,321,321,0,1,1,1,1
1,1,63,40,40,0,1,1,1,0
1,2,61,103,103,0,1,1,1,0
1,3,121,164,164,1,1,1,1,0
1,0,14,285,285,0,1,1,1,1
1,1,20,14,14,0,1,1,1,0
1,2,65,34,34,0,1,1,1,0
1,3,11,99,99,1,1,1,1,0
1,0,4,110,110,0,1,1,1,1
1,1,36,4,4,0,1,1,1,0
1,2,101,40,40,0,1,1,1,0
1,3,86,141,141,1,1,1,1,0
1,0,58,227,227,0,1,1,1,1
1,1,67,58,58,0,1,1,1,0
1,2,48,125,125,0,1,1,1,0
1,3,96,173,173,1,1,1,1,0
1,0,94,269,269,0,1,1,1,1
1,1,6,94,94,0,1,1,1,0
1,2,122,100,100,0,1,1,1,0
1,3,74,222,222,1,1,1,1,0
1,0,110,296,296,0,1,1,1,1
1,1,7,110,110,0,1,1,1,0
1,2,18,117,117,0,1,1,1,0
1,3,11,135,135,1,1,1,1,0
1,0,11,146,146,0,1,1,1,1
1,1,113,11,11,0,1,1,1,0
1,2,112,124,124,0,1,1,1,0
1,3,12,236,236,1,1,1,1,0
1,0,1,248,248,0,1,1,1,1
1,1,127,1,1,0,1,1,1,0
1,2,58,128,128,0,1,1,1,0
1,3,64,186,186,1,1,1,1,0
1,0,47,250,250,0,1,1,1,1
1,1,127,47,47,0,1,1,1,0
1,2,98,174,174,0,1,1,1,0
1,3,37,272,272,1,1,1,1,0
1,0,52,309,309,0,1,1,1,1
1,1,40,52,52,0,1,1,1,0
1,2,78,92,92,0,1,1,1,0
1,3,20,170,170,1,1,1,1,0
1,0,114,190,190,0,1,1,1,1
1,1,93,114,114,0,1,1,1,0
1,2,43,207,207,0,1,1,1,0
1,3,26,250,250,1,1,1,1,0
1,0,34,276,276,0,1,1,1,1
