int presetn,int psel,int penable,int pwrite,int paddr,int pwdata,int prdata,int pready,int pslverr
1,0,0,0,0,0,0,0,0
1,1,0,1,3,236,0,0,0
1,1,1,1,3,236,0,0,0
1,1,1,1,3,236,0,0,0
1,1,1,1,3,236,0,0,0
1,1,1,1,3,236,0,1,0
1,0,0,1,3,236,0,0,0
1,1,0,1,3,193,0,0,0
1,1,1,1,3,193,0,0,0
1,1,1,1,3,193,0,0,0
1,1,1,1,3,193,0,0,0
1,1,1,1,3,193,0,1,0
1,0,0,1,3,193,0,0,0
1,1,0,0,3,193,0,0,0
1,1,1,0,3,193,0,0,0
1,1,1,0,3,193,0,0,0
1,1,1,0,3,193,0,0,0
1,1,1,0,3,193,193,1,0
1,0,0,0,3,193,193,0,0
1,0,0,0,0,0,193,0,0
1,0,0,0,0,0,193,0,0
1,1,0,0,3,193,193,0,0
1,1,1,0,3,193,193,0,0
1,1,1,0,3,193,193,0,0
1,1,1,0,3,193,193,0,0
1,1,1,0,3,193,193,1,0
1,0,0,0,3,193,193,0,0
1,0,0,0,0,0,193,0,0
1,0,0,0,0,0,193,0,0
0,0,0,0,0,0,193,0,0
1,0,0,0,0,0,0,0,0
1,0,0,0,0,0,0,0,0
1,1,0,1,1,107,0,0,0
1,1,1,1,1,107,0,0,0
1,1,1,1,1,107,0,1,0
1,0,0,1,1,107,0,1,0
1,0,0,0,0,0,0,0,0
1,1,0,1,2,14,0,0,0
1,1,1,1,2,14,0,0,0
1,1,1,1,2,14,0,1,0
1,0,0,1,2,14,0,1,0
1,0,0,0,0,0,0,0,0
1,0,0,0,0,0,0,0,0
1,0,0,0,0,0,0,0,0
1,1,0,1,3,171,0,0,0
1,1,1,1,3,171,0,0,0
1,1,1,1,3,171,0,0,0
1,1,1,1,3,171,0,0,0
1,1,1,1,3,171,0,1,0
1,0,0,1,3,171,0,0,0
1,1,0,0,1,107,0,0,0
1,1,1,0,1,107,0,0,0
1,1,1,0,1,107,107,1,0
1,0,0,0,1,107,107,1,0
1,1,0,1,3,117,107,0,0
1,1,1,1,3,117,107,0,0
1,1,1,1,3,117,107,0,0
1,1,1,1,3,117,107,0,0
1,1,1,1,3,117,107,1,0
1,0,0,1,3,117,107,0,0
1,1,0,0,3,117,107,0,0
1,1,1,0,3,117,107,0,0
1,1,1,0,3,117,107,0,0
1,1,1,0,3,117,107,0,0
1,1,1,0,3,117,117,1,0
1,0,0,0,3,117,117,0,0
1,1,0,0,3,117,117,0,0
1,1,1,0,3,117,117,0,0
1,1,1,0,3,117,117,0,0
1,1,1,0,3,117,117,0,0
1,1,1,0,3,117,117,1,0
1,0,0,0,3,117,117,0,0
1,1,0,0,1,107,117,0,0
1,1,1,0,1,107,117,0,0
1,1,1,0,1,107,107,1,0
1,0,0,0,1,107,107,1,0
1,0,0,0,0,0,107,0,0
1,0,0,0,0,0,107,0,0
1,0,0,0,0,0,107,0,0
0,0,0,0,0,0,107,0,0
0,0,0,0,0,0,0,0,0
