bool rst_n,bool wr_en_i,int wr_data_i,int rd_data_o,bool rd_error_o
0,0,0,0,0
0,0,0,0,0
0,0,0,0,0
1,0,0,0,0
1,0,0,0,0
1,0,0,0,0
1,1,1,0,0
1,0,1,1,0
1,0,1,1,0
1,0,1,1,0
1,1,0,1,0
1,0,0,0,0
1,1,16777215,0,0
1,0,16777215,16777215,0
1,0,16777215,16777215,0
1,1,16777215,16777215,0
1,1,42405,16777215,0
1,1,23130,42405,0
1,0,23130,23130,0
1,0,23130,23130,0
1,0,23130,23130,0
1,0,23130,23130,0
0,0,23130,0,0
0,0,23130,0,0
1,0,23130,0,0
1,0,23130,0,0
1,0,23130,0,0
1,0,23130,0,0
1,0,23130,0,0
1,0,23130,0,0
1,1,50582,0,0
1,1,41242,50582,0
1,1,14675,41242,0
1,0,14675,14675,0
1,0,14675,14675,0
1,1,31831,14675,0
1,1,48969,31831,0
1,1,11625,48969,0
1,1,4761,11625,0
1,1,23518,4761,0
1,0,23518,23518,0
1,1,54165,23518,0
1,1,49643,54165,0
1,1,5528,49643,0
1,0,5528,5528,0
1,0,5528,5528,0
1,1,44508,5528,0
1,0,44508,44508,0
1,0,44508,44508,0
1,0,44508,44508,0
1,0,44508,44508,0
1,0,44508,44508,0
1,1,43353,44508,0
1,0,43353,43353,0
1,0,43353,43353,0
1,0,43353,43353,0
1,1,62420,43353,0
1,0,62420,62420,0
1,1,63826,62420,0
1,0,63826,63826,0
1,0,63826,63826,0
1,0,63826,63826,0
1,1,63752,63826,0
1,0,63752,63752,0
1,0,63752,63752,0
1,0,63752,63752,0
1,1,54204,63752,0
1,1,8766,54204,0
1,1,17029,8766,0
1,1,40768,17029,0
1,0,40768,40768,0
1,1,53295,40768,0
1,1,8809,53295,0
1,0,8809,8809,0
1,0,8809,8809,0
1,0,8809,8809,0
1,1,53134,8809,0
1,0,53134,53134,0
1,0,53134,53134,0
1,1,58187,53134,0
1,1,58015,58187,0
1,1,50505,58015,0
1,1,14447,50505,0
1,1,16028,14447,0
1,1,56404,16028,0
1,1,4837,56404,0
0,1,4837,0,0
0,1,4837,0,0
1,1,4837,4837,0
1,0,4837,4837,0
1,1,56972,4837,0
1,1,38949,56972,0
1,1,11948,38949,0
1,1,8099,11948,0
1,0,8099,8099,0
1,0,8099,8099,0
1,1,2938,8099,0
1,0,2938,2938,0
1,0,2938,2938,0
1,0,2938,2938,0
1,0,2938,2938,0
1,1,4920,2938,0
1,1,12840,4920,0
1,1,31528,12840,0
1,1,13499,31528,0
1,1,34068,13499,0
1,1,16366,34068,0
1,1,42452,16366,0
1,0,42452,42452,0
1,0,42452,42452,0
1,0,42452,42452,0
1,0,42452,42452,0
1,0,42452,42452,0
1,0,42452,42452,0
1,0,42452,42452,0
1,0,42452,42452,0
1,0,42452,42452,0
1,0,42452,42452,0
1,1,31519,42452,0
1,0,31519,31519,0
0,0,31519,0,0
0,0,31519,0,0
1,0,31519,0,0
1,0,31519,0,0
1,0,31519,0,0
1,0,31519,0,0
1,0,31519,0,0
0,0,31519,0,0
0,0,31519,0,0
1,0,31519,0,0
1,0,31519,0,0
1,1,41965,0,0
1,1,4572,41965,0
1,1,34212,4572,0
1,1,62348,34212,0
1,0,62348,62348,0
1,0,62348,62348,0
1,0,62348,62348,0
1,1,63353,62348,0
1,1,34865,63353,0
1,0,34865,34865,0
1,0,34865,34865,0
1,1,37822,34865,0
1,1,22826,37822,0
1,0,22826,22826,0
1,0,22826,22826,0
1,1,14243,22826,0
1,0,14243,14243,0
1,0,14243,14243,0
1,0,14243,14243,0
1,0,14243,14243,0
1,0,14243,14243,0
1,1,20109,14243,0
0,1,20109,0,0
1,1,20109,20109,0
1,0,20109,20109,0
1,1,44670,20109,0
0,1,44670,0,0
0,1,44670,0,0
1,1,44670,44670,0
1,0,44670,44670,0
1,0,44670,44670,0
1,1,44622,44670,0
1,1,5391,44622,0
1,1,16545,5391,0
1,1,19643,16545,0
1,1,65331,19643,0
1,0,65331,65331,0
1,0,65331,65331,0
1,0,65331,65331,0
1,0,65331,65331,0
1,0,65331,65331,0
1,1,39059,65331,0
1,1,36684,39059,0
1,1,37165,36684,0
1,1,63923,37165,0
1,1,55480,63923,0
1,1,47542,55480,0
1,0,47542,47542,0
1,0,47542,47542,0
1,0,47542,47542,0
1,0,47542,47542,0
1,1,27707,47542,0
1,1,15041,27707,0
1,1,62714,15041,0
0,1,62714,0,0
1,1,62714,62714,0
1,0,62714,62714,0
1,0,62714,62714,0
1,0,62714,62714,0
1,0,62714,62714,0
1,1,37778,62714,0
1,0,37778,37778,0
1,0,37778,37778,0
1,1,54479,37778,0
1,1,26222,54479,0
1,1,42196,26222,0
1,0,42196,42196,0
1,0,42196,42196,0
1,1,39005,42196,0
1,0,39005,39005,0
1,0,39005,39005,0
1,0,39005,39005,0
1,0,39005,39005,0
1,0,39005,39005,0
1,1,52357,39005,0
1,1,49664,52357,0
1,0,49664,49664,0
1,1,25284,49664,0
0,1,25284,0,0
0,1,25284,0,0
1,1,25284,25284,0
1,0,25284,25284,0
1,1,14441,25284,0
1,1,62071,14441,0
1,1,61231,62071,0
1,1,12634,61231,0
1,1,5506,12634,0
1,1,49210,5506,0
1,0,49210,49210,0
1,0,49210,49210,0
1,0,49210,49210,0
1,0,49210,49210,0
1,0,49210,49210,0
1,0,49210,49210,0
1,1,1632,49210,0
1,1,18986,1632,0
0,1,18986,0,0
1,1,18986,18986,0
1,0,18986,18986,0
1,1,33602,18986,0
1,1,29208,33602,0
1,1,31873,29208,0
1,1,51944,31873,0
1,1,24444,51944,0
1,0,24444,24444,0
1,0,24444,24444,0
1,0,24444,24444,0
1,0,24444,24444,0
1,0,24444,24444,0
1,0,24444,24444,0
1,0,24444,24444,0
1,1,47899,24444,0
1,1,38280,47899,0
1,0,38280,38280,0
1,0,38280,38280,0
1,0,38280,38280,0
1,0,38280,38280,0
1,0,38280,38280,0
1,1,63322,38280,0
1,0,63322,63322,0
1,0,63322,63322,0
1,0,63322,63322,0
1,0,63322,63322,0
1,1,24825,63322,0
1,1,64847,24825,0
1,1,9084,64847,0
1,0,9084,9084,0
1,0,9084,9084,0
1,0,9084,9084,0
1,0,9084,9084,0
1,1,1855,9084,0
1,1,29466,1855,0
1,1,8720,29466,0
1,1,20969,8720,0
1,0,20969,20969,0
1,0,20969,20969,0
1,0,20969,20969,0
1,0,20969,20969,0
1,1,11715,20969,0
1,1,35569,11715,0
1,1,1715,35569,0
1,0,1715,1715,0
1,0,1715,1715,0
1,0,1715,1715,0
1,0,1715,1715,0
1,0,1715,1715,0
1,0,1715,1715,0
1,0,1715,1715,0
1,1,16102,1715,0
1,1,46253,16102,0
1,1,33817,46253,0
1,1,56047,33817,0
1,1,56220,56047,0
1,1,7561,56220,0
1,0,7561,7561,0
1,0,7561,7561,0
1,0,7561,7561,0
1,0,7561,7561,0
1,1,53491,7561,0
1,0,53491,53491,0
1,0,53491,53491,0
1,0,53491,53491,0
1,0,53491,53491,0
1,0,53491,53491,0
1,0,53491,53491,0
1,1,7967,53491,0
1,1,64602,7967,0
1,1,16414,64602,0
1,1,59814,16414,0
1,1,4860,59814,0
1,1,58373,4860,0
1,1,63104,58373,0
1,1,3517,63104,0
1,0,3517,3517,0
1,0,3517,3517,0
1,0,3517,3517,0
0,0,3517,0,0
1,0,3517,0,0
1,0,3517,0,0
1,1,44349,0,0
1,1,18200,44349,0
1,0,18200,18200,0
1,0,18200,18200,0
1,0,18200,18200,0
1,0,18200,18200,0
1,1,38922,18200,0
1,1,27747,38922,0
1,1,38240,27747,0
1,0,38240,38240,0
1,0,38240,38240,0
1,1,14574,38240,0
1,1,12671,14574,0
1,1,57887,12671,0
1,0,57887,57887,0
1,0,57887,57887,0
1,0,57887,57887,0
1,0,57887,57887,0
1,1,42954,57887,0
1,0,42954,42954,0
1,0,42954,42954,0
1,0,42954,42954,0
1,0,42954,42954,0
1,1,9855,42954,0
1,1,28000,9855,0
1,0,28000,28000,0
1,1,63329,28000,0
1,1,23349,63329,0
1,1,29844,23349,0
1,1,42893,29844,0
1,1,57360,42893,0
1,1,54965,57360,0
1,1,17162,54965,0
0,1,17162,0,0
0,1,17162,0,0
1,1,17162,17162,0
1,0,17162,17162,0
1,0,17162,17162,0
1,0,17162,17162,0
1,0,17162,17162,0
1,0,17162,17162,0
1,1,9491,17162,0
1,1,38737,9491,0
1,1,47,38737,0
1,1,33448,47,0
1,1,43038,33448,0
1,1,45408,43038,0
1,1,30508,45408,0
1,1,47109,30508,0
1,1,31269,47109,0
1,1,1613,31269,0
1,0,1613,1613,0
1,0,1613,1613,0
1,1,12639,1613,0
1,1,14455,12639,0
1,1,52996,14455,0
0,1,52996,0,0
0,1,52996,0,0
1,1,52996,52996,0
1,0,52996,52996,0
1,1,10572,52996,0
1,0,10572,10572,0
1,0,10572,10572,0
1,0,10572,10572,0
1,0,10572,10572,0
1,0,10572,10572,0
1,0,10572,10572,0
1,1,500,10572,0
1,1,20116,500,0
1,1,26800,20116,0
1,0,26800,26800,0
1,1,8497,26800,0
1,0,8497,8497,0
1,0,8497,8497,0
1,0,8497,8497,0
1,0,8497,8497,0
1,0,8497,8497,0
1,0,8497,8497,0
1,0,8497,8497,0
1,1,33833,8497,0
1,1,44086,33833,0
1,0,44086,44086,0
1,0,44086,44086,0
1,0,44086,44086,0
1,0,44086,44086,0
1,0,44086,44086,0
1,0,44086,44086,0
1,0,44086,44086,0
1,0,44086,44086,0
1,1,17343,44086,0
1,1,37383,17343,0
1,1,25515,37383,0
1,1,299,25515,0
1,0,299,299,0
1,0,299,299,0
1,1,1142,299,0
1,1,30088,1142,0
1,0,30088,30088,0
1,0,30088,30088,0
1,0,30088,30088,0
1,1,54340,30088,0
1,1,50199,54340,0
1,1,26715,50199,0
1,1,64910,26715,0
1,0,64910,64910,0
1,0,64910,64910,0
1,0,64910,64910,0
1,1,1065,64910,0
1,0,1065,1065,0
1,0,1065,1065,0
1,0,1065,1065,0
1,1,18276,1065,0
1,1,11931,18276,0
1,0,11931,11931,0
1,0,11931,11931,0
1,0,11931,11931,0
1,0,11931,11931,0
1,0,11931,11931,0
1,0,11931,11931,0
1,0,11931,11931,0
1,1,21169,11931,0
1,0,21169,21169,0
1,0,21169,21169,0
1,0,21169,21169,0
1,0,21169,21169,0
1,0,21169,21169,0
1,0,21169,21169,0
1,0,21169,21169,0
1,0,21169,21169,0
1,0,21169,21169,0
1,0,21169,21169,0
1,0,21169,21169,0
1,0,21169,21169,0
1,0,21169,21169,0
1,0,21169,21169,0
1,1,15642,21169,0
1,0,15642,15642,0
1,0,15642,15642,0
1,0,15642,15642,0
1,1,8109,15642,0
0,1,8109,0,0
0,1,8109,0,0
1,1,8109,8109,0
1,0,8109,8109,0
1,1,13040,8109,0
1,1,59984,13040,0
1,1,48000,59984,0
1,1,63200,48000,0
1,1,51649,63200,0
1,1,49400,51649,0
1,1,37181,49400,0
1,0,37181,37181,0
1,0,37181,37181,0
1,0,37181,37181,0
1,0,37181,37181,0
0,0,37181,0,0
1,0,37181,0,0
1,0,37181,0,0
1,1,58767,0,0
1,1,43099,58767,0
1,0,43099,43099,0
1,0,43099,43099,0
1,1,60455,43099,0
1,1,44030,60455,0
1,1,13932,44030,0
1,0,13932,13932,0
1,0,13932,13932,0
1,0,13932,13932,0
1,0,13932,13932,0
1,1,25891,13932,0
0,1,25891,0,0
1,1,25891,25891,0
1,0,25891,25891,0
1,1,38015,25891,0
1,1,19748,38015,0
1,0,19748,19748,0
1,0,19748,19748,0
1,0,19748,19748,0
1,0,19748,19748,0
1,1,16358,19748,0
1,1,11479,16358,0
1,0,11479,11479,0
1,0,11479,11479,0
1,0,11479,11479,0
1,1,32354,11479,0
1,1,3562,32354,0
1,0,3562,3562,0
1,0,3562,3562,0
1,0,3562,3562,0
1,0,3562,3562,0
