bool rst,bool start,int in,int out,bool error,bool done
1,0,0,0,0,0
1,0,0,0,0,0
1,0,0,0,0,0
0,0,0,0,0,0
0,0,0,0,0,0
0,0,0,0,0,0
0,1,0,0,0,0
0,0,0,0,0,0
0,0,0,0,0,0
0,0,0,0,0,0
0,0,0,0,0,0
0,0,0,0,0,0
0,0,0,0,0,0
0,0,0,0,0,0
0,0,0,0,0,0
0,0,0,0,0,0
0,0,0,0,0,0
0,0,0,0,0,0
0,0,0,0,0,1
0,0,0,0,0,1
0,0,0,0,0,1
0,1,1,0,0,1
0,0,0,0,0,0
0,0,0,0,0,0
0,0,0,0,0,0
0,0,0,0,0,0
0,0,0,0,0,0
0,0,0,0,0,0
0,0,0,0,0,0
0,0,0,0,0,0
0,0,0,0,0,0
0,0,0,0,0,0
0,0,0,0,0,0
0,0,0,1,0,1
0,0,0,1,0,1
0,1,4,1,0,1
0,0,0,1,0,0
0,0,0,1,0,0
0,0,0,1,0,0
0,0,0,1,0,0
0,0,0,1,0,0
0,0,0,1,0,0
0,0,0,1,0,0
0,0,0,1,0,0
0,0,0,1,0,0
0,0,0,1,0,0
0,0,0,1,0,0
0,0,0,2,0,1
0,0,0,2,0,1
0,0,0,2,0,1
0,1,144,2,0,1
0,0,0,2,0,0
0,0,0,2,0,0
0,0,0,2,0,0
0,0,0,2,0,0
0,0,0,2,0,0
0,0,0,2,0,0
0,0,0,2,0,0
0,0,0,2,0,0
0,0,0,2,0,0
0,0,0,2,0,0
0,0,0,2,0,0
0,0,0,12,0,1
0,0,0,12,0,1
0,1,1000,12,0,1
0,0,0,12,0,0
0,0,0,12,0,0
0,0,0,12,0,0
0,0,0,12,0,0
0,0,0,12,0,0
0,0,0,12,0,0
0,0,0,12,0,0
0,0,0,12,0,0
0,0,0,12,0,0
0,0,0,12,0,0
0,0,0,12,0,0
0,0,0,31,0,1
0,0,0,31,0,1
0,0,0,31,0,1
0,0,0,31,0,1
0,1,65536,31,0,1
0,0,0,31,0,0
0,0,0,31,0,0
0,0,0,31,0,0
0,0,0,31,0,0
0,0,0,31,0,0
0,0,0,31,0,0
0,0,0,31,0,0
0,0,0,31,0,0
0,0,0,31,0,0
0,0,0,31,0,0
0,0,0,31,0,0
0,0,0,256,0,1
0,0,0,256,0,1
0,1,2147483647,256,0,1
0,0,0,256,0,0
0,0,0,256,0,0
0,0,0,256,0,0
0,0,0,256,0,0
0,0,0,256,0,0
0,0,0,256,0,0
0,0,0,256,0,0
0,0,0,256,0,0
0,0,0,256,0,0
0,0,0,256,0,0
0,0,0,256,0,0
0,0,0,2097492,0,1
0,0,0,2097492,0,1
0,0,0,2097492,0,1
0,1,2147483648,2097492,0,1
0,0,0,0,1,1
0,0,0,0,1,1
0,0,0,0,1,1
0,1,4000000000,0,1,1
0,0,0,0,1,1
0,0,0,0,1,1
0,1,-1,0,1,1
0,0,0,0,1,1
0,0,0,0,1,1
0,0,0,0,1,1
0,1,-144,0,1,1
0,0,0,0,1,1
0,0,0,0,1,1
0,1,25,0,1,1
0,0,0,0,0,0
0,0,0,0,0,0
0,0,0,0,0,0
0,0,0,0,0,0
0,0,0,0,0,0
0,0,0,0,0,0
0,0,0,0,0,0
0,0,0,0,0,0
0,0,0,0,0,0
0,0,0,0,0,0
0,0,0,0,0,0
0,0,0,5,0,1
0,1,36,5,0,1
0,0,0,5,0,0
0,0,0,5,0,0
0,0,0,5,0,0
0,0,0,5,0,0
0,0,0,5,0,0
0,0,0,5,0,0
0,0,0,5,0,0
0,0,0,5,0,0
0,0,0,5,0,0
0,0,0,5,0,0
0,0,0,5,0,0
0,0,0,6,0,1
0,1,15964,6,0,1
0,0,0,6,0,0
0,0,0,6,0,0
0,0,0,6,0,0
0,0,0,6,0,0
0,0,0,6,0,0
0,0,0,6,0,0
0,0,0,6,0,0
0,0,0,6,0,0
0,0,0,6,0,0
0,0,0,6,0,0
0,0,0,6,0,0
0,0,0,126,0,1
0,0,0,126,0,1
0,1,938961,126,0,1
0,0,0,126,0,0
0,0,0,126,0,0
0,0,0,126,0,0
0,0,0,126,0,0
0,0,0,126,0,0
0,0,0,126,0,0
0,0,0,126,0,0
0,0,0,126,0,0
0,0,0,126,0,0
0,0,0,126,0,0
0,0,0,126,0,0
0,0,0,1235,0,1
0,0,0,1235,0,1
0,1,50690,1235,0,1
0,0,0,1235,0,0
0,0,0,1235,0,0
0,0,0,1235,0,0
0,0,0,1235,0,0
0,0,0,1235,0,0
0,0,0,1235,0,0
0,0,0,1235,0,0
0,0,0,1235,0,0
0,0,0,1235,0,0
0,0,0,1235,0,0
0,0,0,1235,0,0
0,0,0,225,0,1
0,0,0,225,0,1
0,0,0,225,0,1
0,0,0,225,0,1
0,1,43338,225,0,1
0,0,0,225,0,0
0,0,0,225,0,0
0,0,0,225,0,0
0,0,0,225,0,0
0,0,0,225,0,0
0,0,0,225,0,0
0,0,0,225,0,0
0,0,0,225,0,0
0,0,0,225,0,0
0,0,0,225,0,0
0,0,0,225,0,0
0,0,0,208,0,1
0,0,0,208,0,1
0,0,0,208,0,1
0,0,0,208,0,1
1,0,0,0,0,0
1,0,0,0,0,0
0,0,0,0,0,0
0,1,56721,0,0,0
0,0,0,0,0,0
0,0,0,0,0,0
0,0,0,0,0,0
0,0,0,0,0,0
0,0,0,0,0,0
0,0,0,0,0,0
0,0,0,0,0,0
0,0,0,0,0,0
0,0,0,0,0,0
0,0,0,0,0,0
0,0,0,0,0,0
0,0,0,238,0,1
0,0,0,238,0,1
0,0,0,238,0,1
0,1,44415,238,0,1
0,0,0,238,0,0
0,0,0,238,0,0
0,0,0,238,0,0
0,0,0,238,0,0
0,0,0,238,0,0
0,0,0,238,0,0
0,0,0,238,0,0
0,0,0,238,0,0
0,0,0,238,0,0
0,0,0,238,0,0
0,0,0,238,0,0
0,0,0,210,0,1
0,0,0,210,0,1
0,1,57023,210,0,1
0,0,0,210,0,0
0,0,0,210,0,0
0,0,0,210,0,0
0,0,0,210,0,0
0,0,0,210,0,0
0,0,0,210,0,0
0,0,0,210,0,0
0,0,0,210,0,0
0,0,0,210,0,0
0,0,0,210,0,0
0,0,0,210,0,0
0,0,0,238,0,1
0,0,0,238,0,1
0,0,0,238,0,1
0,0,0,238,0,1
0,0,0,238,0,1
0,0,0,238,0,1
0,0,0,238,0,1
0,0,0,238,0,1
0,0,0,238,0,1
0,0,0,238,0,1
0,0,0,238,0,1
0,0,0,238,0,1
0,0,0,238,0,1
1,0,0,0,0,0
1,0,0,0,0,0
0,0,0,0,0,0
0,1,21876,0,0,0
0,0,0,0,0,0
0,0,0,0,0,0
0,0,0,0,0,0
0,0,0,0,0,0
0,0,0,0,0,0
0,0,0,0,0,0
0,0,0,0,0,0
0,0,0,0,0,0
0,0,0,0,0,0
0,0,0,0,0,0
0,0,0,0,0,0
0,0,0,147,0,1
0,0,0,147,0,1
0,1,964,147,0,1
0,0,0,147,0,0
0,0,0,147,0,0
0,0,0,147,0,0
0,0,0,147,0,0
0,0,0,147,0,0
0,0,0,147,0,0
0,0,0,147,0,0
0,0,0,147,0,0
0,0,0,147,0,0
0,0,0,147,0,0
0,0,0,147,0,0
0,0,0,31,0,1
0,0,0,31,0,1
0,0,0,31,0,1
0,0,0,31,0,1
0,0,0,31,0,1
0,0,0,31,0,1
0,0,0,31,0,1
0,0,0,31,0,1
0,0,0,31,0,1
0,0,0,31,0,1
0,0,0,31,0,1
0,0,0,31,0,1
0,0,0,31,0,1
0,0,0,31,0,1
0,1,34969,31,0,1
0,0,0,31,0,0
0,0,0,31,0,0
0,0,0,31,0,0
0,0,0,31,0,0
0,0,0,31,0,0
0,0,0,31,0,0
0,0,0,31,0,0
0,0,0,31,0,0
0,0,0,31,0,0
0,0,0,31,0,0
0,0,0,31,0,0
0,0,0,187,0,1
0,0,0,187,0,1
0,0,0,187,0,1
0,1,15708,187,0,1
0,0,0,187,0,0
0,0,0,187,0,0
0,0,0,187,0,0
0,0,0,187,0,0
0,0,0,187,0,0
0,0,0,187,0,0
0,0,0,187,0,0
0,0,0,187,0,0
0,0,0,187,0,0
0,0,0,187,0,0
0,0,0,187,0,0
0,0,0,125,0,1
0,0,0,125,0,1
0,0,0,125,0,1
0,0,0,125,0,1
0,0,0,125,0,1
0,0,0,125,0,1
0,0,0,125,0,1
0,0,0,125,0,1
0,0,0,125,0,1
0,0,0,125,0,1
0,0,0,125,0,1
0,0,0,125,0,1
0,0,0,125,0,1
0,1,-60282,125,0,1
0,0,0,0,1,1
0,0,0,0,1,1
0,0,0,0,1,1
0,1,14981,0,1,1
0,0,0,0,0,0
0,0,0,0,0,0
0,0,0,0,0,0
0,0,0,0,0,0
0,0,0,0,0,0
0,0,0,0,0,0
0,0,0,0,0,0
0,0,0,0,0,0
0,0,0,0,0,0
0,0,0,0,0,0
0,0,0,0,0,0
0,0,0,122,0,1
0,0,0,122,0,1
0,0,0,122,0,1
0,0,0,122,0,1
0,1,-8915,122,0,1
0,0,0,0,1,1
0,0,0,0,1,1
0,1,-3064,0,1,1
0,0,0,0,1,1
0,0,0,0,1,1
0,0,0,0,1,1
0,1,21658,0,1,1
0,0,0,0,0,0
0,0,0,0,0,0
0,0,0,0,0,0
0,0,0,0,0,0
0,0,0,0,0,0
0,0,0,0,0,0
0,0,0,0,0,0
0,0,0,0,0,0
0,0,0,0,0,0
0,0,0,0,0,0
0,0,0,0,0,0
0,0,0,147,0,1
0,0,0,147,0,1
0,0,0,147,0,1
0,0,0,147,0,1
0,0,0,147,0,1
0,0,0,147,0,1
0,0,0,147,0,1
0,0,0,147,0,1
0,0,0,147,0,1
0,1,45348,147,0,1
0,0,0,147,0,0
0,0,0,147,0,0
0,0,0,147,0,0
0,0,0,147,0,0
0,0,0,147,0,0
0,0,0,147,0,0
0,0,0,147,0,0
0,0,0,147,0,0
0,0,0,147,0,0
0,0,0,147,0,0
0,0,0,147,0,0
0,0,0,212,0,1
0,0,0,212,0,1
0,0,0,212,0,1
0,0,0,212,0,1
0,0,0,212,0,1
0,0,0,212,0,1
0,0,0,212,0,1
0,0,0,212,0,1
0,0,0,212,0,1
0,0,0,212,0,1
0,1,20298,212,0,1
0,0,0,212,0,0
0,0,0,212,0,0
0,0,0,212,0,0
0,0,0,212,0,0
0,0,0,212,0,0
0,0,0,212,0,0
0,0,0,212,0,0
0,0,0,212,0,0
0,0,0,212,0,0
0,0,0,212,0,0
0,0,0,212,0,0
0,0,0,142,0,1
0,0,0,142,0,1
0,0,0,142,0,1
0,0,0,142,0,1
0,0,0,142,0,1
0,0,0,142,0,1
0,0,0,142,0,1
0,0,0,142,0,1
0,0,0,142,0,1
0,0,0,142,0,1
0,0,0,142,0,1
0,0,0,142,0,1
0,0,0,142,0,1
0,0,0,142,0,1
0,1,5435,142,0,1
0,0,0,142,0,0
0,0,0,142,0,0
0,0,0,142,0,0
0,0,0,142,0,0
0,0,0,142,0,0
0,0,0,142,0,0
0,0,0,142,0,0
0,0,0,142,0,0
0,0,0,142,0,0
0,0,0,142,0,0
0,0,0,142,0,0
0,0,0,73,0,1
0,0,0,73,0,1
0,0,0,73,0,1
0,0,0,73,0,1
0,0,0,73,0,1
0,0,0,73,0,1
0,0,0,73,0,1
0,1,31908,73,0,1
0,0,0,73,0,0
0,0,0,73,0,0
0,0,0,73,0,0
0,0,0,73,0,0
0,0,0,73,0,0
0,0,0,73,0,0
0,0,0,73,0,0
0,0,0,73,0,0
0,0,0,73,0,0
0,0,0,73,0,0
0,0,0,73,0,0
0,0,0,178,0,1
0,0,0,178,0,1
0,0,0,178,0,1
0,0,0,178,0,1
0,1,15989,178,0,1
0,0,0,178,0,0
0,0,0,178,0,0
0,0,0,178,0,0
0,0,0,178,0,0
0,0,0,178,0,0
0,0,0,178,0,0
0,0,0,178,0,0
0,0,0,178,0,0
0,0,0,178,0,0
0,0,0,178,0,0
0,0,0,178,0,0
0,0,0,126,0,1
0,0,0,126,0,1
0,0,0,126,0,1
0,0,0,126,0,1
0,0,0,126,0,1
0,0,0,126,0,1
0,0,0,126,0,1
0,0,0,126,0,1
0,0,0,126,0,1
0,0,0,126,0,1
0,0,0,126,0,1
0,1,-252,126,0,1
0,0,0,0,1,1
0,0,0,0,1,1
0,1,4960,0,1,1
0,0,0,0,0,0
0,0,0,0,0,0
0,0,0,0,0,0
0,0,0,0,0,0
0,0,0,0,0,0
0,0,0,0,0,0
0,0,0,0,0,0
0,0,0,0,0,0
0,0,0,0,0,0
0,0,0,0,0,0
0,0,0,0,0,0
0,0,0,70,0,1
0,0,0,70,0,1
0,0,0,70,0,1
0,0,0,70,0,1
0,0,0,70,0,1
0,1,14015,70,0,1
0,0,0,70,0,0
0,0,0,70,0,0
0,0,0,70,0,0
0,0,0,70,0,0
0,0,0,70,0,0
0,0,0,70,0,0
0,0,0,70,0,0
0,0,0,70,0,0
0,0,0,70,0,0
0,0,0,70,0,0
0,0,0,70,0,0
0,0,0,118,0,1
0,0,0,118,0,1
0,0,0,118,0,1
0,0,0,118,0,1
0,0,0,118,0,1
0,0,0,118,0,1
0,0,0,118,0,1
0,0,0,118,0,1
0,0,0,118,0,1
0,0,0,118,0,1
0,1,41232,118,0,1
0,0,0,118,0,0
0,0,0,118,0,0
0,0,0,118,0,0
0,0,0,118,0,0
0,0,0,118,0,0
0,0,0,118,0,0
0,0,0,118,0,0
0,0,0,118,0,0
0,0,0,118,0,0
0,0,0,118,0,0
0,0,0,118,0,0
0,0,0,203,0,1
0,0,0,203,0,1
0,0,0,203,0,1
0,0,0,203,0,1
0,0,0,203,0,1
0,0,0,203,0,1
0,0,0,203,0,1
0,0,0,203,0,1
0,0,0,203,0,1
0,0,0,203,0,1
0,1,48568,203,0,1
0,0,0,203,0,0
0,0,0,203,0,0
0,0,0,203,0,0
0,0,0,203,0,0
0,0,0,203,0,0
0,0,0,203,0,0
0,0,0,203,0,0
0,0,0,203,0,0
0,0,0,203,0,0
0,0,0,203,0,0
0,0,0,203,0,0
0,0,0,220,0,1
0,0,0,220,0,1
0,0,0,220,0,1
0,0,0,220,0,1
0,0,0,220,0,1
0,0,0,220,0,1
0,0,0,220,0,1
0,0,0,220,0,1
0,0,0,220,0,1
0,0,0,220,0,1
0,0,0,220,0,1
0,0,0,220,0,1
0,0,0,220,0,1
0,1,-25033,220,0,1
0,0,0,0,1,1
0,0,0,0,1,1
0,0,0,0,1,1
0,1,13980,0,1,1
0,0,0,0,0,0
0,0,0,0,0,0
0,0,0,0,0,0
0,0,0,0,0,0
0,0,0,0,0,0
0,0,0,0,0,0
0,0,0,0,0,0
0,0,0,0,0,0
0,0,0,0,0,0
0,0,0,0,0,0
0,0,0,0,0,0
0,0,0,118,0,1
0,0,0,118,0,1
0,0,0,118,0,1
0,0,0,118,0,1
0,0,0,118,0,1
0,0,0,118,0,1
0,0,0,118,0,1
0,0,0,118,0,1
0,0,0,118,0,1
0,1,45418,118,0,1
0,0,0,118,0,0
0,0,0,118,0,0
0,0,0,118,0,0
0,0,0,118,0,0
0,0,0,118,0,0
0,0,0,118,0,0
0,0,0,118,0,0
0,0,0,118,0,0
0,0,0,118,0,0
0,0,0,118,0,0
0,0,0,118,0,0
0,0,0,213,0,1
0,0,0,213,0,1
0,0,0,213,0,1
0,0,0,213,0,1
0,0,0,213,0,1
0,0,0,213,0,1
0,1,35849,213,0,1
0,0,0,213,0,0
0,0,0,213,0,0
0,0,0,213,0,0
0,0,0,213,0,0
0,0,0,213,0,0
0,0,0,213,0,0
0,0,0,213,0,0
0,0,0,213,0,0
0,0,0,213,0,0
0,0,0,213,0,0
0,0,0,213,0,0
0,0,0,189,0,1
0,0,0,189,0,1
0,0,0,189,0,1
0,0,0,189,0,1
0,0,0,189,0,1
0,0,0,189,0,1
0,0,0,189,0,1
0,0,0,189,0,1
0,0,0,189,0,1
0,0,0,189,0,1
0,0,0,189,0,1
0,0,0,189,0,1
0,1,342225,189,0,1
0,0,0,189,0,0
0,0,0,189,0,0
0,0,0,189,0,0
0,0,0,189,0,0
0,0,0,189,0,0
0,0,0,189,0,0
0,0,0,189,0,0
0,0,0,189,0,0
0,0,0,189,0,0
0,0,0,189,0,0
0,0,0,189,0,0
0,0,0,621,0,1
0,0,0,621,0,1
0,0,0,621,0,1
0,1,43175,621,0,1
0,0,0,621,0,0
0,0,0,621,0,0
0,0,0,621,0,0
0,0,0,621,0,0
0,0,0,621,0,0
0,0,0,621,0,0
0,0,0,621,0,0
0,0,0,621,0,0
0,0,0,621,0,0
0,0,0,621,0,0
0,0,0,621,0,0
0,0,0,207,0,1
0,0,0,207,0,1
0,0,0,207,0,1
0,0,0,207,0,1
0,0,0,207,0,1
0,0,0,207,0,1
0,0,0,207,0,1
0,0,0,207,0,1
0,0,0,207,0,1
0,0,0,207,0,1
0,0,0,207,0,1
0,0,0,207,0,1
0,0,0,207,0,1
0,0,0,207,0,1
0,1,-61231,207,0,1
0,0,0,0,1,1
0,0,0,0,1,1
0,0,0,0,1,1
0,0,0,0,1,1
0,1,22437,0,1,1
0,0,0,0,0,0
0,0,0,0,0,0
0,0,0,0,0,0
0,0,0,0,0,0
0,0,0,0,0,0
0,0,0,0,0,0
0,0,0,0,0,0
0,0,0,0,0,0
0,0,0,0,0,0
0,0,0,0,0,0
0,0,0,0,0,0
0,0,0,149,0,1
0,0,0,149,0,1
0,0,0,149,0,1
0,0,0,149,0,1
0,0,0,149,0,1
0,0,0,149,0,1
0,1,-43769,149,0,1
0,0,0,0,1,1
0,0,0,0,1,1
0,0,0,0,1,1
0,0,0,0,1,1
0,1,2147483856,0,1,1
0,0,0,0,1,1
0,0,0,0,1,1
0,0,0,0,1,1
0,0,0,0,1,1
0,1,-31739,0,1,1
0,0,0,0,1,1
0,0,0,0,1,1
0,0,0,0,1,1
0,1,29414,0,1,1
0,0,0,0,0,0
0,0,0,0,0,0
0,0,0,0,0,0
0,0,0,0,0,0
0,0,0,0,0,0
0,0,0,0,0,0
0,0,0,0,0,0
0,0,0,0,0,0
0,0,0,0,0,0
0,0,0,0,0,0
0,0,0,0,0,0
0,0,0,171,0,1
0,0,0,171,0,1
0,0,0,171,0,1
0,1,3887,171,0,1
0,0,0,171,0,0
0,0,0,171,0,0
0,0,0,171,0,0
0,0,0,171,0,0
0,0,0,171,0,0
0,0,0,171,0,0
0,0,0,171,0,0
0,0,0,171,0,0
0,0,0,171,0,0
0,0,0,171,0,0
0,0,0,171,0,0
0,0,0,62,0,1
0,0,0,62,0,1
0,0,0,62,0,1
0,0,0,62,0,1
0,0,0,62,0,1
0,0,0,62,0,1
0,0,0,62,0,1
0,0,0,62,0,1
0,0,0,62,0,1
0,0,0,62,0,1
0,0,0,62,0,1
0,0,0,62,0,1
0,0,0,62,0,1
0,0,0,62,0,1
0,1,2147483781,62,0,1
0,0,0,0,1,1
0,0,0,0,1,1
0,1,-13364,0,1,1
0,0,0,0,1,1
0,0,0,0,1,1
0,0,0,0,1,1
0,1,12781,0,1,1
0,0,0,0,0,0
0,0,0,0,0,0
0,0,0,0,0,0
0,0,0,0,0,0
0,0,0,0,0,0
0,0,0,0,0,0
0,0,0,0,0,0
0,0,0,0,0,0
0,0,0,0,0,0
0,0,0,0,0,0
0,0,0,0,0,0
0,0,0,113,0,1
0,0,0,113,0,1
0,0,0,113,0,1
0,0,0,113,0,1
0,0,0,113,0,1
0,0,0,113,0,1
0,0,0,113,0,1
0,0,0,113,0,1
0,0,0,113,0,1
0,0,0,113,0,1
0,0,0,113,0,1
0,0,0,113,0,1
0,0,0,113,0,1
0,0,0,113,0,1
0,1,40477,113,0,1
0,0,0,113,0,0
0,0,0,113,0,0
0,0,0,113,0,0
0,0,0,113,0,0
0,0,0,113,0,0
0,0,0,113,0,0
0,0,0,113,0,0
0,0,0,113,0,0
0,0,0,113,0,0
0,0,0,113,0,0
0,0,0,113,0,0
0,0,0,201,0,1
0,0,0,201,0,1
0,0,0,201,0,1
0,0,0,201,0,1
0,1,17024,201,0,1
0,0,0,201,0,0
0,0,0,201,0,0
0,0,0,201,0,0
0,0,0,201,0,0
0,0,0,201,0,0
0,0,0,201,0,0
0,0,0,201,0,0
0,0,0,201,0,0
0,0,0,201,0,0
0,0,0,201,0,0
0,0,0,201,0,0
0,0,0,130,0,1
0,0,0,130,0,1
0,0,0,130,0,1
0,0,0,130,0,1
0,0,0,130,0,1
0,0,0,130,0,1
0,0,0,130,0,1
1,0,0,0,0,0
0,0,0,0,0,0
0,1,61211,0,0,0
0,0,0,0,0,0
0,0,0,0,0,0
0,0,0,0,0,0
0,0,0,0,0,0
0,0,0,0,0,0
0,0,0,0,0,0
0,0,0,0,0,0
0,0,0,0,0,0
0,0,0,0,0,0
0,0,0,0,0,0
0,0,0,0,0,0
0,0,0,247,0,1
0,0,0,247,0,1
0,0,0,247,0,1
0,0,0,247,0,1
0,1,22359,247,0,1
0,0,0,247,0,0
0,0,0,247,0,0
0,0,0,247,0,0
0,0,0,247,0,0
0,0,0,247,0,0
0,0,0,247,0,0
0,0,0,247,0,0
0,0,0,247,0,0
0,0,0,247,0,0
0,0,0,247,0,0
0,0,0,247,0,0
0,0,0,149,0,1
0,0,0,149,0,1
0,0,0,149,0,1
0,0,0,149,0,1
0,0,0,149,0,1
0,1,36362,149,0,1
0,0,0,149,0,0
0,0,0,149,0,0
0,0,0,149,0,0
0,0,0,149,0,0
0,0,0,149,0,0
0,0,0,149,0,0
0,0,0,149,0,0
0,0,0,149,0,0
0,0,0,149,0,0
0,0,0,149,0,0
0,0,0,149,0,0
0,0,0,190,0,1
0,0,0,190,0,1
0,0,0,190,0,1
0,0,0,190,0,1
0,0,0,190,0,1
0,0,0,190,0,1
0,0,0,190,0,1
0,0,0,190,0,1
0,0,0,190,0,1
0,0,0,190,0,1
0,0,0,190,0,1
1,0,0,0,0,0
1,0,0,0,0,0
0,0,0,0,0,0
0,1,3517,0,0,0
0,0,0,0,0,0
0,0,0,0,0,0
0,0,0,0,0,0
0,0,0,0,0,0
0,0,0,0,0,0
0,0,0,0,0,0
0,0,0,0,0,0
0,0,0,0,0,0
0,0,0,0,0,0
0,0,0,0,0,0
0,0,0,0,0,0
0,0,0,59,0,1
0,0,0,59,0,1
0,0,0,59,0,1
0,1,18102,59,0,1
0,0,0,59,0,0
0,0,0,59,0,0
0,0,0,59,0,0
0,0,0,59,0,0
0,0,0,59,0,0
0,0,0,59,0,0
0,0,0,59,0,0
0,0,0,59,0,0
0,0,0,59,0,0
0,0,0,59,0,0
0,0,0,59,0,0
0,0,0,134,0,1
0,0,0,134,0,1
0,0,0,134,0,1
0,0,0,134,0,1
0,0,0,134,0,1
0,1,-27747,134,0,1
0,0,0,0,1,1
0,0,0,0,1,1
0,0,0,0,1,1
0,1,12671,0,1,1
0,0,0,0,0,0
0,0,0,0,0,0
0,0,0,0,0,0
0,0,0,0,0,0
0,0,0,0,0,0
0,0,0,0,0,0
0,0,0,0,0,0
0,0,0,0,0,0
0,0,0,0,0,0
0,0,0,0,0,0
0,0,0,0,0,0
0,0,0,112,0,1
0,0,0,112,0,1
0,0,0,112,0,1
0,0,0,112,0,1
0,0,0,112,0,1
0,0,0,112,0,1
0,0,0,112,0,1
0,0,0,112,0,1
0,0,0,112,0,1
0,0,0,112,0,1
0,0,0,112,0,1
0,1,10983,112,0,1
0,0,0,112,0,0
0,0,0,112,0,0
0,0,0,112,0,0
0,0,0,112,0,0
0,0,0,112,0,0
0,0,0,112,0,0
0,0,0,112,0,0
0,0,0,112,0,0
0,0,0,112,0,0
0,0,0,112,0,0
0,0,0,112,0,0
0,0,0,104,0,1
0,0,0,104,0,1
0,1,-13194,104,0,1
0,0,0,0,1,1
0,0,0,0,1,1
0,0,0,0,1,1
0,0,0,0,1,1
0,1,222784,0,1,1
0,0,0,0,0,0
0,0,0,0,0,0
0,0,0,0,0,0
0,0,0,0,0,0
0,0,0,0,0,0
0,0,0,0,0,0
0,0,0,0,0,0
0,0,0,0,0,0
0,0,0,0,0,0
0,0,0,0,0,0
0,0,0,0,0,0
0,0,0,484,0,1
0,0,0,484,0,1
0,1,-36650,484,0,1
