bool rst_n,bool valid_in,int data_in,bool valid_out,int data_out
0,0,0,0,0
0,0,0,0,0
0,0,0,0,0
1,0,0,0,0
1,1,1,0,0
1,1,1,0,1
1,1,1,0,2
1,1,1,1,3
1,1,1,0,1
1,1,1,0,2
1,1,1,0,3
1,1,1,1,4
1,1,1,0,1
1,1,1,0,2
1,1,0,0,3
1,1,0,1,3
1,1,0,0,0
1,1,0,0,0
1,1,0,0,0
1,1,0,1,0
1,1,255,0,0
1,1,255,0,255
1,1,255,0,510
1,1,255,1,765
1,1,255,0,255
1,1,255,0,510
1,1,7,0,765
1,0,7,1,772
1,0,7,0,772
1,1,7,0,7
1,0,7,0,14
1,0,7,0,21
1,1,7,1,28
1,0,7,0,7
1,0,7,0,14
1,1,7,0,21
1,0,7,1,28
1,0,7,0,28
1,1,33,0,7
1,0,33,0,40
1,0,33,0,73
1,0,33,1,106
1,0,33,0,106
1,0,33,0,33
1,0,33,0,66
0,0,33,0,0
1,0,33,0,0
1,1,40,0,33
1,1,40,0,73
1,1,40,0,113
1,1,40,1,153
1,1,234,0,40
1,1,234,0,274
1,1,234,0,508
1,1,234,1,742
1,1,234,0,234
1,1,91,0,468
1,1,91,0,559
1,1,91,1,650
1,1,91,0,91
1,0,139,0,182
1,0,139,0,321
1,0,139,1,460
1,0,139,0,460
1,0,139,0,139
1,0,139,0,278
1,0,139,0,417
1,0,139,1,556
1,0,139,0,556
1,0,139,0,139
1,0,139,0,278
1,0,139,0,417
1,1,226,1,556
1,1,226,0,226
1,1,226,0,452
1,1,226,0,678
1,1,21,1,904
1,1,21,0,21
1,1,21,0,42
1,1,21,0,63
1,1,21,1,84
1,1,21,0,21
1,1,21,0,42
1,1,21,0,63
1,1,21,1,84
1,1,21,0,21
1,1,21,0,42
1,1,46,0,63
1,0,46,1,109
1,1,46,0,109
1,0,46,0,46
1,1,46,0,92
1,1,40,0,138
1,1,40,1,178
1,1,40,0,40
1,1,40,0,80
1,1,19,0,120
1,1,19,1,139
1,1,19,0,19
1,1,19,0,38
1,1,19,0,57
1,1,19,1,76
1,1,19,0,19
1,1,19,0,38
1,1,19,0,57
1,1,19,1,76
1,1,216,0,19
1,1,216,0,235
1,1,158,0,451
1,0,158,1,609
1,1,158,0,609
1,0,158,0,158
1,1,158,0,316
1,1,231,0,474
1,0,231,1,705
1,1,231,0,705
1,0,231,0,231
1,1,231,0,462
1,0,231,0,693
1,1,231,1,924
1,0,231,0,231
1,1,116,0,462
1,1,116,0,578
1,1,116,1,694
1,1,116,0,116
1,1,116,0,232
1,0,251,0,348
1,0,251,1,599
1,0,251,0,599
1,0,251,0,251
1,0,251,0,502
1,0,251,0,753
1,1,246,1,1004
1,1,246,0,246
1,1,246,0,492
1,1,246,0,738
1,1,246,1,984
1,1,226,0,246
1,1,226,0,472
1,1,226,0,698
1,1,226,1,924
0,0,226,0,0
0,0,226,0,0
1,0,226,0,0
1,1,99,0,226
1,1,99,0,325
1,1,99,0,424
1,1,99,1,523
1,1,255,0,99
1,1,255,0,354
1,1,255,0,609
1,1,242,1,864
1,1,242,0,242
1,1,242,0,484
1,1,242,0,726
1,1,183,1,968
1,1,183,0,183
1,1,183,0,366
1,1,183,0,549
1,1,183,1,732
1,1,183,0,183
1,1,183,0,366
1,1,183,0,549
1,1,183,1,732
1,1,153,0,183
1,0,153,0,336
1,1,153,0,489
1,0,153,1,642
1,1,153,0,642
1,0,153,0,153
1,1,153,0,306
1,0,153,0,459
1,1,153,1,612
1,1,93,0,153
1,1,93,0,246
1,1,93,0,339
1,1,93,1,432
1,1,117,0,93
1,1,117,0,210
1,1,117,0,327
1,1,117,1,444
1,1,77,0,117
1,1,77,0,194
1,1,77,0,271
1,1,8,1,348
1,1,8,0,8
1,1,8,0,16
1,1,8,0,24
1,0,248,1,32
1,0,248,0,32
1,0,248,0,248
1,0,248,0,496
1,0,248,0,744
1,0,248,1,992
1,0,248,0,992
1,0,248,0,248
1,0,248,0,496
1,0,248,0,744
1,0,248,1,992
1,0,248,0,992
1,0,248,0,248
1,1,177,0,496
1,1,177,0,673
1,1,177,1,850
1,1,177,0,177
1,0,240,0,354
1,0,240,0,594
1,0,240,1,834
1,0,240,0,834
1,0,240,0,240
1,0,240,0,480
1,0,240,0,720
1,0,240,1,960
1,0,240,0,960
1,1,233,0,240
1,1,233,0,473
1,1,233,0,706
1,1,233,1,939
1,1,233,0,233
1,1,233,0,466
1,1,233,0,699
1,1,233,1,932
1,1,233,0,233
1,1,21,0,466
1,1,21,0,487
1,1,21,1,508
1,1,21,0,21
1,0,53,0,42
1,0,53,0,95
1,0,53,1,148
1,0,53,0,148
1,1,128,0,53
1,0,128,0,181
1,1,128,0,309
1,0,128,1,437
1,1,128,0,437
1,0,128,0,128
1,1,128,0,256
1,0,128,0,384
1,1,128,1,512
1,1,190,0,128
1,1,190,0,318
1,1,190,0,508
1,1,190,1,698
1,1,190,0,190
1,1,190,0,380
1,1,190,0,570
1,1,190,1,760
1,1,190,0,190
1,1,144,0,380
1,1,144,0,524
1,1,144,1,668
1,1,144,0,144
1,1,144,0,288
1,1,144,0,432
1,1,220,1,576
1,1,220,0,220
1,1,220,0,440
1,1,220,0,660
1,1,220,1,880
1,1,220,0,220
1,1,220,0,440
1,1,220,0,660
1,1,7,1,880
1,1,7,0,7
1,1,7,0,14
1,1,7,0,21
1,1,7,1,28
1,1,7,0,7
1,1,7,0,14
1,1,151,0,21
1,0,151,1,172
1,1,151,0,172
1,0,151,0,151
1,1,151,0,302
1,0,151,0,453
1,1,151,1,604
1,0,151,0,151
1,1,151,0,302
1,1,126,0,453
1,1,126,1,579
1,1,126,0,126
1,1,126,0,252
1,1,126,0,378
1,1,126,1,504
1,1,126,0,126
1,1,126,0,252
1,1,126,0,378
1,1,126,1,504
1,1,142,0,126
1,1,142,0,268
1,1,32,0,410
1,1,32,1,442
1,1,32,0,32
1,1,32,0,64
1,1,32,0,96
0,0,32,0,0
1,0,32,0,0
1,1,16,0,32
1,1,16,0,48
1,1,16,0,64
1,1,16,1,80
1,1,16,0,16
1,1,32,0,32
1,1,32,0,64
1,1,32,1,96
1,1,32,0,32
1,1,32,0,64
1,1,32,0,96
1,1,32,1,128
1,1,32,0,32
1,1,32,0,64
0,0,32,0,0
0,0,32,0,0
1,0,32,0,0
1,1,95,0,32
1,1,95,0,127
1,1,95,0,222
0,0,95,0,0
1,0,95,0,0
1,1,58,0,95
1,1,58,0,153
1,1,58,0,211
1,1,58,1,269
1,1,58,0,58
1,1,97,0,116
1,1,97,0,213
1,1,97,1,310
1,1,97,0,97
1,0,63,0,194
1,0,63,0,257
1,0,63,1,320
1,0,63,0,320
1,0,63,0,63
1,0,63,0,126
1,0,63,0,189
1,0,63,1,252
1,0,63,0,252
1,0,63,0,63
1,1,235,0,126
1,1,235,0,361
1,1,235,1,596
1,1,235,0,235
1,1,118,0,470
1,1,118,0,588
1,1,118,1,706
1,1,118,0,118
1,1,118,0,236
1,1,118,0,354
1,1,118,1,472
1,1,118,0,118
1,1,118,0,236
1,1,155,0,354
1,1,155,1,509
1,1,155,0,155
1,0,20,0,310
1,0,20,0,330
1,0,20,1,350
1,0,20,0,350
1,0,20,0,20
1,0,20,0,40
1,0,20,0,60
1,0,20,1,80
1,0,20,0,80
1,0,20,0,20
1,0,20,0,40
1,0,20,0,60
1,0,20,1,80
1,0,13,0,80
1,0,13,0,13
1,0,13,0,26
1,0,13,0,39
1,0,13,1,52
1,1,33,0,52
1,1,33,0,33
1,1,33,0,66
1,0,15,0,99
1,0,15,1,114
1,0,15,0,114
1,0,15,0,15
1,0,15,0,30
1,0,15,0,45
1,0,15,1,60
1,0,15,0,60
1,0,15,0,15
1,1,110,0,30
1,0,110,0,140
1,1,110,1,250
1,0,110,0,110
1,1,110,0,220
1,0,110,0,330
1,1,110,1,440
1,0,110,0,110
1,1,110,0,220
1,0,110,0,330
1,1,110,1,440
1,1,247,0,110
1,1,247,0,357
1,1,247,0,604
1,1,247,1,851
1,1,247,0,247
1,1,119,0,494
1,1,119,0,613
1,1,92,1,732
1,1,92,0,92
1,1,92,0,184
1,1,92,0,276
1,1,92,1,368
1,1,92,0,92
1,1,92,0,184
1,1,96,0,276
1,1,96,1,372
1,1,96,0,96
1,1,96,0,192
1,1,96,0,288
1,0,164,1,384
1,0,164,0,384
1,0,164,0,164
1,0,164,0,328
1,0,164,0,492
1,0,164,1,656
1,0,164,0,656
1,0,164,0,164
1,0,164,0,328
1,0,164,0,492
1,0,164,1,656
1,0,164,0,656
1,0,164,0,164
0,0,164,0,0
1,0,164,0,0
1,1,168,0,164
1,1,168,0,332
1,1,168,0,500
1,1,168,1,668
1,1,151,0,168
1,1,151,0,319
1,1,151,0,470
1,1,151,1,621
1,1,151,0,151
1,1,151,0,302
1,1,151,0,453
1,1,43,1,604
1,1,43,0,43
1,1,43,0,86
1,1,43,0,129
1,1,43,1,172
1,1,43,0,43
1,1,43,0,86
1,1,43,0,129
1,1,43,1,172
1,1,43,0,43
1,1,43,0,86
0,0,43,0,0
0,0,43,0,0
1,0,43,0,0
1,1,19,0,43
1,1,19,0,62
1,1,198,0,81
1,1,198,1,279
1,1,198,0,198
1,1,198,0,396
1,0,103,0,594
1,0,103,1,697
1,0,103,0,697
1,0,103,0,103
1,0,103,0,206
1,0,103,0,309
1,0,123,1,412
1,0,123,0,412
1,0,123,0,123
1,0,123,0,246
1,0,123,0,369
1,0,123,1,492
1,0,123,0,492
1,0,123,0,123
1,0,123,0,246
1,0,123,0,369
1,0,123,1,492
0,0,123,0,0
1,0,123,0,0
1,1,41,0,123
1,1,41,0,164
1,1,41,0,205
1,1,231,1,246
1,1,231,0,231
1,1,231,0,462
1,1,231,0,693
1,1,231,1,924
1,1,231,0,231
1,1,231,0,462
1,1,38,0,693
1,0,38,1,731
1,1,38,0,731
1,0,38,0,38
1,1,38,0,76
1,0,38,0,114
1,1,38,1,152
1,1,153,0,38
1,1,153,0,191
1,1,153,0,344
1,1,153,1,497
1,1,153,0,153
1,1,153,0,306
1,1,153,0,459
1,1,153,1,612
1,1,153,0,153
1,1,153,0,306
1,1,153,0,459
1,1,9,1,612
1,1,9,0,9
1,1,9,0,18
1,1,9,0,27
1,1,9,1,36
1,0,160,0,9
1,0,160,0,169
1,0,160,0,329
1,0,160,1,489
1,0,160,0,489
1,0,160,0,160
1,0,160,0,320
1,0,160,0,480
1,1,183,1,640
1,1,183,0,183
1,1,183,0,366
1,1,183,0,549
1,1,183,1,732
1,1,183,0,183
1,0,137,0,366
1,0,137,0,503
1,0,137,1,640
1,0,137,0,640
1,0,137,0,137
1,0,137,0,274
1,0,137,0,411
1,0,137,1,548
1,0,137,0,548
1,0,137,0,137
1,0,137,0,274
1,0,137,0,411
1,0,212,1,548
1,0,212,0,548
1,0,212,0,212
1,0,212,0,424
1,0,212,0,636
1,0,212,1,848
1,1,29,0,848
1,0,29,0,29
1,1,29,0,58
1,0,29,0,87
1,1,29,1,116
1,0,29,0,29
1,1,29,0,58
1,1,215,0,87
1,1,215,1,302
1,1,215,0,215
1,1,215,0,430
1,1,215,0,645
1,1,72,1,860
1,1,72,0,72
1,1,72,0,144
1,1,72,0,216
1,1,72,1,288
1,1,72,0,72
1,1,72,0,144
1,1,120,0,216
1,1,120,1,336
1,1,120,0,120
1,1,120,0,240
1,1,120,0,360
1,1,83,1,480
1,1,83,0,83
1,1,39,0,166
1,0,39,0,205
1,1,39,1,244
1,0,39,0,39
1,1,39,0,78
1,0,39,0,117
1,1,39,1,156
1,0,39,0,39
1,1,39,0,78
1,0,82,0,117
1,0,82,1,199
1,0,82,0,199
1,0,82,0,82
1,0,82,0,164
1,0,82,0,246
1,0,82,1,328
1,1,21,0,328
1,1,21,0,21
1,1,21,0,42
1,1,21,0,63
0,0,21,0,0
0,0,21,0,0
1,0,21,0,0
1,1,168,0,21
1,1,168,0,189
1,1,190,0,357
1,1,190,1,547
1,1,190,0,190
1,1,190,0,380
1,1,200,0,570
1,1,200,1,770
1,1,200,0,200
1,1,200,0,400
1,1,200,0,600
1,1,200,1,800
1,1,200,0,200
1,1,180,0,400
1,1,180,0,580
1,1,180,1,760
1,0,169,0,180
1,0,169,0,349
1,0,169,0,518
1,0,169,1,687
1,0,169,0,687
1,0,169,0,169
1,0,169,0,338
1,0,169,0,507
1,1,134,1,676
1,1,134,0,134
1,1,134,0,268
1,1,134,0,402
1,1,134,1,536
1,1,55,0,134
1,1,55,0,189
1,1,55,0,244
1,1,55,1,299
1,1,55,0,55
1,1,55,0,110
1,1,55,0,165
1,1,55,1,220
1,1,55,0,55
1,1,55,0,110
1,1,55,0,165
1,1,202,1,220
1,1,202,0,202
1,1,202,0,404
1,1,202,0,606
1,1,102,1,808
1,1,102,0,102
1,1,102,0,204
1,1,102,0,306
1,1,102,1,408
1,1,102,0,102
1,1,102,0,204
1,1,102,0,306
0,0,102,0,0
1,0,102,0,0
1,1,211,0,102
1,1,211,0,313
1,1,211,0,524
0,0,211,0,0
1,0,211,0,0
1,1,183,0,211
1,1,183,0,394
1,1,210,0,577
1,0,210,1,787
1,1,210,0,787
1,0,210,0,210
1,1,210,0,420
1,0,210,0,630
1,1,210,1,840
1,0,210,0,210
1,1,210,0,420
1,0,210,0,630
1,1,210,1,840
1,1,132,0,210
1,1,132,0,342
1,1,19,0,474
1,1,19,1,493
1,1,19,0,19
1,1,19,0,38
1,1,19,0,57
0,0,19,0,0
1,0,19,0,0
1,1,107,0,19
1,1,107,0,126
1,1,107,0,233
1,1,38,1,340
1,1,38,0,38
1,1,38,0,76
1,1,38,0,114
1,1,72,1,152
1,1,72,0,72
1,1,72,0,144
1,1,72,0,216
1,1,118,1,288
1,1,118,0,118
1,1,118,0,236
1,0,39,0,354
1,0,39,1,393
1,0,39,0,393
1,0,39,0,39
1,0,39,0,78
1,0,39,0,117
1,1,14,1,156
1,1,14,0,14
1,1,14,0,28
1,1,103,0,42
1,1,103,1,145
1,1,103,0,103
1,1,103,0,206
1,1,189,0,309
1,1,189,1,498
1,1,189,0,189
1,1,189,0,378
1,1,189,0,567
1,1,189,1,756
1,1,189,0,189
0,0,189,0,0
1,0,189,0,0
1,1,54,0,189
1,1,54,0,243
1,1,54,0,297
1,1,54,1,351
1,0,251,0,54
1,0,251,0,305
1,0,251,0,556
1,0,251,1,807
1,0,251,0,807
1,0,251,0,251
1,0,251,0,502
1,0,251,0,753
1,0,251,1,1004
1,0,251,0,1004
1,0,251,0,251
1,1,208,0,502
1,1,208,0,710
1,1,35,1,918
1,0,35,0,35
1,1,35,0,70
1,0,35,0,105
1,1,35,1,140
1,0,35,0,35
1,1,35,0,70
1,1,125,0,105
1,0,125,1,230
1,1,125,0,230
1,0,125,0,125
1,1,125,0,250
1,0,125,0,375
1,1,125,1,500
1,0,125,0,125
1,1,125,0,250
1,0,125,0,375
1,1,125,1,500
0,0,125,0,0
0,0,125,0,0
1,0,125,0,0
1,1,167,0,125
1,1,167,0,292
1,1,167,0,459
1,1,167,1,626
1,1,167,0,167
1,1,171,0,334
1,1,171,0,505
1,1,65,1,676
1,0,65,0,65
1,1,65,0,130
1,0,65,0,195
1,1,65,1,260
1,0,65,0,65
1,1,65,0,130
1,0,65,0,195
1,1,65,1,260
1,0,65,0,65
1,0,31,0,130
1,0,31,0,161
1,0,31,1,192
1,0,31,0,192
1,0,31,0,31
1,0,56,0,62
1,0,56,0,118
1,0,56,1,174
1,0,56,0,174
1,0,56,0,56
1,1,11,0,112
1,1,11,0,123
1,1,11,1,134
1,1,11,0,11
1,1,11,0,22
1,1,11,0,33
1,1,11,1,44
1,1,141,0,11
1,1,141,0,152
1,1,141,0,293
1,1,141,1,434
1,1,141,0,141
1,1,182,0,282
1,1,182,0,464
1,1,182,1,646
1,1,182,0,182
1,0,6,0,364
1,0,6,0,370
1,0,6,1,376
1,0,6,0,376
1,0,6,0,6
1,0,6,0,12
1,0,6,0,18
1,0,6,1,24
