bool camallia_u::BSY,bool camallia_u::Drdy,bool camallia_u::Dvld,bool camallia_u::EN,bool camallia_u::EncDec,bool camallia_u::Krdy,bool camallia_u::Kvld,bool camallia_u::RSTn,bool camallia_u::DU
0,0,0,0,0,0,0,0,0
0,0,0,0,0,0,0,0,0
0,0,0,0,0,0,0,1,0
0,0,0,0,0,0,0,1,0
0,0,0,0,0,0,0,1,0
0,0,0,0,0,0,0,1,0
0,0,0,0,0,0,0,1,0
0,0,0,1,0,0,0,1,0
0,0,0,1,0,0,0,1,0
0,0,0,1,0,0,0,1,0
0,0,0,1,0,0,0,1,0
0,0,0,1,0,0,0,1,0
0,0,0,1,0,0,0,1,0
0,0,0,1,0,0,0,1,0
0,0,0,1,0,0,0,1,0
0,0,0,1,0,0,0,1,0
0,0,0,1,0,0,0,1,0
0,0,0,1,0,0,0,1,0
0,0,0,1,0,0,0,1,0
0,0,0,1,0,0,0,1,0
0,0,0,1,0,0,0,1,0
0,0,0,1,0,0,0,1,0
0,0,0,1,0,0,0,1,0
0,0,0,1,0,0,0,1,0
0,0,0,1,0,0,0,1,0
0,0,0,1,0,0,0,1,0
0,0,0,1,0,0,0,1,0
0,0,0,1,0,1,0,1,0
1,0,0,1,0,1,0,1,0
1,0,0,1,0,0,0,1,0
1,0,0,1,0,0,0,1,0
1,0,0,1,0,0,0,1,0
1,0,0,1,0,0,0,1,0
1,0,0,1,0,0,0,1,0
0,0,0,1,0,0,1,1,0
0,0,0,1,0,0,0,1,0
0,0,0,1,0,0,0,1,0
0,0,0,1,0,0,0,1,0
0,0,0,1,0,0,0,1,0
0,0,0,1,0,0,0,1,0
0,0,0,1,0,0,0,1,0
0,0,0,1,0,0,0,1,0
0,0,0,1,0,0,0,1,0
0,0,0,1,0,0,0,1,0
0,0,0,1,0,0,0,1,0
0,0,0,1,0,0,0,1,0
0,0,0,1,0,0,0,1,0
0,0,0,1,0,0,0,1,0
0,0,0,1,0,0,0,1,0
0,0,0,1,0,0,0,1,0
0,0,0,1,0,0,0,1,0
0,0,0,1,0,0,0,1,0
0,0,0,1,0,0,0,1,0
0,0,0,1,0,0,0,1,0
0,0,0,1,0,0,0,1,0
0,0,0,1,0,0,0,1,0
0,0,0,1,0,0,0,1,0
0,1,0,1,0,0,0,1,0
1,1,0,1,0,0,0,1,0
1,0,0,1,0,0,0,1,0
1,0,0,1,0,0,0,1,0
1,0,0,1,0,0,0,1,0
1,0,0,1,0,0,0,1,0
1,0,0,1,0,0,0,1,0
1,0,0,1,0,0,0,1,0
1,0,0,1,0,0,0,1,0
1,0,0,1,0,0,0,1,0
1,0,0,1,0,0,0,1,0
1,0,0,1,0,0,0,1,0
1,0,0,1,0,0,0,1,0
1,0,0,1,0,0,0,1,0
1,0,0,1,0,0,0,1,0
1,0,0,1,0,0,0,1,0
1,0,0,1,0,0,0,1,0
1,0,0,1,0,0,0,1,0
1,0,0,1,0,0,0,1,0
1,0,0,1,0,0,0,1,0
1,0,0,1,0,0,0,1,0
1,0,0,1,0,0,0,1,0
1,0,0,1,0,0,0,1,0
1,0,0,1,0,0,0,1,0
0,0,1,1,0,0,0,1,1
0,0,0,1,0,0,0,1,0
0,0,0,1,0,0,0,1,0
0,0,0,1,0,0,0,1,0
0,0,0,1,0,0,0,1,0
0,0,0,1,0,0,0,1,0
0,0,0,1,0,0,0,1,0
0,0,0,1,0,0,0,1,0
0,0,0,1,0,0,0,1,0
0,0,0,1,0,0,0,1,0
0,0,0,1,0,0,0,1,0
0,0,0,1,0,0,0,1,0
0,0,0,1,0,0,0,1,0
0,0,0,1,0,0,0,1,0
0,0,0,1,0,0,0,1,0
0,0,0,1,0,0,0,1,0
0,0,0,1,0,0,0,1,0
0,0,0,1,0,0,0,1,0
0,0,0,1,0,0,0,1,0
0,0,0,1,0,0,0,1,0
0,0,0,1,0,0,0,1,0
0,0,0,1,0,0,0,1,0
0,0,0,1,0,0,0,1,0
0,0,0,1,0,0,0,1,0
0,0,0,1,0,0,0,1,0
0,0,0,1,0,0,0,1,0
0,0,0,1,0,0,0,1,0
0,0,0,1,0,0,0,1,0
0,0,0,1,0,0,0,1,0
0,0,0,1,0,0,0,1,0
0,0,0,1,0,0,0,1,0
0,0,0,1,0,0,0,1,0
0,0,0,1,0,0,0,1,0
0,0,0,1,0,0,0,1,0
0,0,0,1,0,0,0,1,0
0,0,0,1,0,0,0,1,0
0,0,0,1,0,0,0,1,0
0,0,0,1,0,0,0,1,0
0,0,0,1,0,0,0,1,0
0,0,0,1,0,0,0,1,0
0,0,0,1,0,0,0,1,0
0,0,0,1,0,0,0,1,0
0,0,0,1,0,0,0,1,0
0,0,0,1,0,0,0,1,0
0,0,0,1,0,0,0,1,0
0,0,0,1,0,0,0,1,0
0,0,0,1,0,0,0,1,0
0,0,0,1,0,0,0,1,0
0,0,0,1,0,0,0,1,0
0,0,0,1,0,0,0,1,0
0,0,0,1,0,0,0,1,0
0,0,0,1,0,0,0,1,0
0,0,0,1,0,0,0,1,0
0,0,0,1,0,0,0,1,0
0,0,0,1,0,0,0,1,0
0,0,0,1,0,0,0,1,0
0,0,0,1,0,0,0,1,0
0,0,0,1,0,0,0,1,0
0,0,0,1,0,0,0,1,0
0,0,0,1,0,0,0,1,0
0,0,0,1,0,0,0,1,0
0,0,0,1,0,0,0,1,0
0,0,0,1,0,0,0,1,0
0,0,0,1,0,0,0,1,0
0,0,0,1,0,0,0,1,0
0,0,0,1,0,0,0,1,0
0,0,0,1,0,0,0,1,0
0,0,0,1,0,0,0,1,0
0,0,0,1,0,0,0,1,0
0,0,0,1,0,0,0,1,0
0,0,0,1,0,0,0,1,0
0,0,0,1,0,0,0,1,0
0,0,0,1,0,0,0,1,0
0,0,0,1,0,0,0,1,0
0,0,0,1,0,0,0,1,0
0,0,0,1,0,0,0,1,0
0,0,0,1,0,0,0,1,0
0,0,0,1,0,0,0,1,0
0,0,0,1,0,0,0,1,0
0,0,0,1,0,0,0,1,0
0,0,0,1,0,0,0,1,0
0,0,0,1,0,0,0,1,0
0,0,0,1,0,0,0,1,0
0,0,0,1,0,0,0,1,0
0,0,0,1,0,0,0,1,0
0,0,0,1,0,0,0,1,0
0,0,0,1,0,0,0,1,0
0,0,0,1,0,0,0,1,0
0,0,0,1,0,0,0,1,0
0,0,0,1,0,0,0,1,0
0,0,0,1,0,0,0,1,0
0,0,0,1,0,0,0,1,0
0,0,0,1,0,0,0,1,0
0,0,0,1,0,0,0,1,0
0,0,0,1,0,0,0,1,0
0,0,0,1,0,0,0,1,0
0,0,0,1,0,0,0,1,0
0,0,0,1,0,0,0,1,0
0,0,0,1,0,0,0,1,0
0,0,0,1,0,0,0,1,0
0,0,0,1,0,0,0,1,0
0,0,0,1,0,0,0,1,0
0,0,0,1,0,0,0,1,0
0,0,0,1,0,0,0,1,0
0,0,0,1,0,0,0,1,0
0,0,0,1,0,0,0,1,0
0,0,0,1,0,0,0,1,0
0,0,0,1,0,0,0,1,0
0,0,0,1,0,0,0,1,0
0,0,0,1,0,0,0,1,0
0,0,0,1,0,0,0,1,0
0,0,0,1,0,0,0,1,0
0,0,0,1,0,0,0,1,0
0,0,0,1,0,0,0,1,0
0,0,0,1,0,0,0,1,0
0,0,0,1,0,0,0,1,0
0,0,0,1,0,0,0,1,0
0,0,0,1,0,0,0,1,0
0,0,0,1,0,0,0,1,0
0,0,0,1,0,0,0,1,0
0,0,0,1,0,0,0,1,0
0,0,0,1,0,0,0,1,0
0,0,0,1,0,0,0,1,0
0,0,0,1,0,0,0,1,0
0,0,0,1,0,0,0,1,0
0,0,0,1,0,0,0,1,0
0,0,0,1,0,0,0,1,0
0,0,0,1,0,0,0,1,0
0,0,0,1,0,0,0,1,0
0,0,0,1,0,0,0,1,0
0,0,0,1,0,0,0,1,0
0,0,0,1,0,0,0,1,0
0,0,0,1,0,0,0,1,0
0,0,0,1,0,0,0,1,0
0,0,0,1,0,0,0,1,0
0,0,0,1,0,0,0,1,0
0,0,0,1,0,0,0,1,0
0,0,0,1,0,0,0,1,0
0,0,0,1,0,0,0,1,0
0,0,0,1,0,0,0,1,0
0,0,0,1,0,0,0,1,0
0,0,0,1,0,0,0,1,0
0,0,0,1,0,0,0,1,0
0,0,0,1,0,0,0,1,0
0,0,0,1,0,0,0,1,0
0,0,0,1,0,0,0,1,0
0,0,0,1,0,0,0,1,0
0,0,0,1,0,0,0,1,0
0,0,0,1,0,0,0,1,0
0,0,0,1,0,0,0,1,0
0,0,0,1,0,0,0,1,0
0,0,0,1,0,0,0,1,0
0,0,0,1,0,0,0,1,0
0,0,0,1,0,0,0,1,0
0,0,0,1,0,0,0,1,0
0,0,0,1,0,0,0,1,0
0,0,0,1,0,0,0,1,0
0,0,0,1,0,0,0,1,0
0,0,0,1,0,0,0,1,0
0,0,0,1,0,0,0,1,0
0,0,0,1,0,0,0,1,0
0,0,0,1,0,0,0,1,0
0,0,0,1,0,0,0,1,0
0,0,0,1,0,0,0,1,0
0,0,0,1,0,0,0,1,0
0,0,0,1,0,0,0,1,0
0,0,0,1,0,0,0,1,0
0,0,0,1,0,0,0,1,0
0,0,0,1,0,0,0,1,0
0,0,0,1,0,0,0,1,0
0,0,0,1,0,0,0,1,0
0,0,0,1,0,0,0,1,0
0,0,0,1,0,0,0,1,0
0,0,0,1,0,0,0,1,0
0,0,0,1,0,0,0,1,0
0,0,0,1,0,0,0,1,0
0,0,0,1,0,0,0,1,0
0,0,0,1,0,0,0,1,0
0,0,0,1,0,0,0,1,0
0,0,0,1,0,0,0,1,0
0,0,0,1,0,0,0,1,0
0,0,0,1,0,0,0,1,0
0,0,0,1,0,0,0,1,0
0,0,0,1,0,0,0,1,0
0,0,0,1,0,0,0,1,0
0,0,0,1,0,0,0,1,0
0,0,0,1,0,0,0,1,0
0,0,0,1,0,0,0,1,0
0,0,0,1,0,0,0,1,0
0,0,0,1,0,0,0,1,0
0,0,0,1,0,0,0,1,0
0,0,0,1,0,0,0,1,0
0,0,0,1,0,0,0,1,0
0,0,0,1,0,0,0,1,0
0,0,0,1,0,0,0,1,0
0,0,0,1,0,0,0,1,0
0,0,0,1,0,0,0,1,0
0,0,0,1,0,0,0,1,0
0,0,0,1,0,0,0,1,0
0,0,0,1,0,0,0,1,0
0,0,0,1,0,0,0,1,0
0,0,0,1,0,0,0,1,0
0,0,0,1,0,0,0,1,0
0,0,0,1,0,0,0,1,0
0,0,0,1,0,0,0,1,0
0,0,0,1,0,0,0,1,0
0,0,0,1,0,0,0,1,0
0,0,0,1,0,0,0,1,0
0,0,0,1,0,0,0,1,0
0,0,0,1,0,0,0,1,0
0,0,0,1,0,0,0,1,0
0,0,0,1,0,0,0,1,0
0,0,0,1,0,0,0,1,0
0,0,0,1,0,0,0,1,0
0,0,0,1,0,0,0,1,0
0,0,0,1,0,0,0,1,0
0,0,0,1,0,0,0,1,0
0,0,0,1,0,0,0,1,0
0,0,0,1,0,0,0,1,0
0,0,0,1,0,0,0,1,0
0,0,0,1,0,0,0,1,0
0,0,0,1,0,0,0,1,0
0,0,0,1,0,0,0,1,0
0,0,0,1,0,0,0,1,0
0,0,0,1,0,0,0,1,0
0,0,0,1,0,0,0,1,0
0,0,0,1,0,0,0,1,0
0,0,0,1,0,0,0,1,0
0,0,0,1,0,0,0,1,0
0,0,0,1,0,0,0,1,0
0,0,0,1,0,0,0,1,0
0,0,0,1,0,0,0,1,0
0,0,0,1,0,0,0,1,0
0,0,0,1,0,0,0,1,0
0,0,0,1,0,0,0,1,0
0,0,0,1,0,0,0,1,0
0,0,0,1,0,0,0,1,0
0,0,0,1,0,0,0,1,0
0,1,0,1,1,0,0,1,0
1,1,0,1,1,0,0,1,0
1,0,0,1,0,0,0,1,0
1,0,0,1,0,0,0,1,0
1,0,0,1,0,0,0,1,0
1,0,0,1,0,0,0,1,0
1,0,0,1,0,0,0,1,0
1,0,0,1,0,0,0,1,0
1,0,0,1,0,0,0,1,0
1,0,0,1,0,0,0,1,0
1,0,0,1,0,0,0,1,0
1,0,0,1,0,0,0,1,0
1,0,0,1,0,0,0,1,0
1,0,0,1,0,0,0,1,0
1,0,0,1,0,0,0,1,0
1,0,0,1,0,0,0,1,0
1,0,0,1,0,0,0,1,0
1,0,0,1,0,0,0,1,0
1,0,0,1,0,0,0,1,0
1,0,0,1,0,0,0,1,0
1,0,0,1,0,0,0,1,0
1,0,0,1,0,0,0,1,0
1,0,0,1,0,0,0,1,0
1,0,0,1,0,0,0,1,0
0,0,1,1,0,0,0,1,1
0,0,0,1,0,0,0,1,0
0,0,0,1,0,0,0,1,0
0,0,0,1,0,0,0,1,0
0,0,0,1,0,0,0,1,0
0,0,0,1,0,0,0,1,0
0,0,0,1,0,0,0,1,0
0,0,0,1,0,0,0,1,0
0,0,0,1,0,0,0,1,0
0,0,0,1,0,0,0,1,0
0,0,0,1,0,0,0,1,0
0,0,0,1,0,0,0,1,0
0,0,0,1,0,0,0,1,0
0,0,0,1,0,0,0,1,0
0,0,0,1,0,0,0,1,0
0,0,0,1,0,0,0,1,0
0,0,0,1,0,0,0,1,0
0,0,0,1,0,0,0,1,0
0,0,0,1,0,0,0,1,0
0,0,0,1,0,0,0,1,0
0,0,0,1,0,0,0,1,0
0,0,0,1,0,0,0,1,0
0,0,0,1,0,0,0,1,0
0,0,0,1,0,0,0,1,0
0,0,0,1,0,0,0,1,0
0,0,0,1,0,0,0,1,0
0,0,0,1,0,0,0,1,0
0,0,0,1,0,0,0,1,0
0,0,0,1,0,0,0,1,0
0,0,0,1,0,0,0,1,0
0,0,0,1,0,0,0,1,0
0,0,0,1,0,0,0,1,0
0,0,0,1,0,0,0,1,0
0,0,0,1,0,0,0,1,0
0,0,0,1,0,0,0,1,0
0,0,0,1,0,0,0,1,0
0,0,0,1,0,0,0,1,0
0,0,0,1,0,0,0,1,0
0,0,0,1,0,0,0,1,0
0,0,0,1,0,0,0,1,0
0,0,0,1,0,0,0,1,0
0,0,0,1,0,0,0,1,0
0,0,0,1,0,0,0,1,0
0,0,0,1,0,0,0,1,0
0,0,0,1,0,0,0,1,0
0,0,0,1,0,0,0,1,0
0,0,0,1,0,1,0,1,0
1,0,0,1,0,1,0,1,0
1,0,0,1,0,0,0,1,0
1,0,0,1,0,0,0,1,0
1,0,0,1,0,0,0,1,0
1,0,0,1,0,0,0,1,0
1,0,0,1,0,0,0,1,0
0,0,0,1,0,0,1,1,0
0,0,0,1,0,0,0,1,0
0,0,0,1,0,0,0,1,0
0,0,0,1,0,0,0,1,0
0,0,0,1,0,0,0,1,0
0,0,0,1,0,0,0,1,0
0,0,0,1,0,0,0,1,0
0,0,0,1,0,0,0,1,0
0,0,0,1,0,0,0,1,0
0,0,0,1,0,0,0,1,0
0,0,0,1,0,0,0,1,0
0,0,0,1,0,0,0,1,0
0,0,0,1,0,0,0,1,0
0,0,0,1,0,0,0,1,0
0,0,0,1,0,0,0,1,0
0,0,0,1,0,0,0,1,0
0,0,0,1,0,0,0,1,0
0,0,0,1,0,0,0,1,0
0,0,0,1,0,0,0,1,0
0,0,0,1,0,0,0,1,0
0,0,0,1,0,0,0,1,0
0,0,0,1,0,0,0,1,0
0,0,0,1,0,0,0,1,0
0,1,0,1,0,0,0,1,0
1,1,0,1,0,0,0,1,0
1,0,0,1,0,0,0,1,0
1,0,0,1,0,0,0,1,0
1,0,0,1,0,0,0,1,0
1,0,0,1,0,0,0,1,0
1,0,0,1,0,0,0,1,0
1,0,0,1,0,0,0,1,0
1,0,0,1,0,0,0,1,0
1,0,0,1,0,0,0,1,0
1,0,0,1,0,0,0,1,0
1,0,0,1,0,0,0,1,0
1,0,0,1,0,0,0,1,0
1,0,0,1,0,0,0,1,0
1,0,0,1,0,0,0,1,0
1,0,0,1,0,0,0,1,0
1,0,0,1,0,0,0,1,0
1,0,0,1,0,0,0,1,0
1,0,0,1,0,0,0,1,0
1,0,0,1,0,0,0,1,0
1,0,0,1,0,0,0,1,0
1,0,0,1,0,0,0,1,0
1,0,0,1,0,0,0,1,0
1,0,0,1,0,0,0,1,0
0,0,1,1,0,0,0,1,1
0,0,0,1,0,0,0,1,0
0,0,0,1,0,0,0,1,0
0,0,0,1,0,0,0,1,0
0,0,0,1,0,0,0,1,0
0,0,0,1,0,0,0,1,0
0,0,0,1,0,0,0,1,0
0,0,0,1,0,0,0,1,0
0,0,0,1,0,0,0,1,0
0,0,0,1,0,0,0,1,0
0,0,0,1,0,0,0,1,0
0,0,0,1,0,0,0,1,0
0,0,0,1,0,0,0,1,0
0,0,0,1,0,0,0,1,0
0,0,0,1,0,0,0,1,0
0,0,0,1,0,0,0,1,0
0,0,0,1,0,0,0,1,0
0,0,0,1,0,0,0,1,0
0,0,0,1,0,0,0,1,0
0,0,0,1,0,0,0,1,0
0,0,0,1,0,0,0,1,0
0,0,0,1,0,0,0,1,0
0,0,0,1,0,0,0,1,0
0,0,0,1,0,0,0,1,0
0,0,0,1,0,0,0,1,0
0,0,0,1,0,0,0,1,0
0,0,0,1,0,0,0,1,0
0,0,0,1,0,0,0,1,0
0,0,0,1,0,0,0,1,0
0,0,0,1,0,0,0,1,0
0,0,0,1,0,0,0,1,0
0,0,0,1,0,0,0,1,0
0,0,0,1,0,0,0,1,0
0,0,0,1,0,0,0,1,0
0,0,0,1,0,0,0,1,0
0,0,0,1,0,0,0,1,0
0,0,0,1,0,0,0,1,0
0,0,0,1,0,0,0,1,0
0,0,0,1,0,0,0,1,0
0,0,0,1,0,0,0,1,0
0,0,0,1,0,0,0,1,0
0,0,0,1,0,0,0,1,0
0,0,0,1,0,0,0,1,0
0,0,0,1,0,0,0,1,0
0,0,0,1,0,0,0,1,0
0,0,0,1,0,0,0,1,0
0,0,0,1,0,0,0,1,0
0,0,0,1,0,0,0,1,0
0,0,0,1,0,0,0,1,0
0,0,0,1,0,0,0,1,0
0,0,0,1,0,0,0,1,0
0,0,0,1,0,0,0,1,0
0,0,0,1,0,0,0,1,0
0,0,0,1,0,0,0,1,0
0,0,0,1,0,0,0,1,0
0,0,0,1,0,0,0,1,0
0,0,0,1,0,0,0,1,0
0,0,0,1,0,0,0,1,0
0,0,0,1,0,0,0,1,0
0,0,0,1,0,0,0,1,0
0,0,0,1,0,0,0,1,0
0,0,0,1,0,0,0,1,0
0,0,0,1,0,0,0,1,0
0,0,0,1,0,0,0,1,0
0,0,0,1,0,0,0,1,0
0,0,0,1,0,0,0,1,0
0,0,0,1,0,0,0,1,0
0,0,0,1,0,0,0,1,0
0,0,0,1,0,0,0,1,0
0,0,0,1,0,0,0,1,0
0,0,0,1,0,0,0,1,0
0,0,0,1,0,0,0,1,0
0,0,0,1,0,0,0,1,0
0,0,0,1,0,0,0,1,0
0,0,0,1,0,0,0,1,0
0,0,0,1,0,0,0,1,0
0,0,0,1,0,0,0,1,0
0,0,0,1,0,0,0,1,0
0,0,0,1,0,0,0,1,0
0,0,0,1,0,0,0,1,0
0,0,0,1,0,0,0,1,0
0,0,0,1,0,0,0,1,0
0,0,0,1,0,0,0,1,0
0,0,0,1,0,0,0,1,0
0,0,0,1,0,0,0,1,0
0,0,0,1,0,0,0,1,0
0,0,0,1,0,0,0,1,0
0,0,0,1,0,0,0,1,0
0,0,0,1,0,0,0,1,0
0,0,0,1,0,0,0,1,0
0,0,0,1,0,0,0,1,0
0,0,0,1,0,0,0,1,0
0,0,0,1,0,0,0,1,0
0,0,0,1,0,0,0,1,0
0,0,0,1,0,0,0,1,0
0,0,0,1,0,0,0,1,0
0,0,0,1,0,0,0,1,0
0,0,0,1,0,0,0,1,0
0,0,0,1,0,0,0,1,0
0,0,0,1,0,0,0,1,0
0,0,0,1,0,0,0,1,0
0,0,0,1,0,0,0,1,0
0,0,0,1,0,0,0,1,0
0,0,0,1,0,0,0,1,0
0,0,0,1,0,0,0,1,0
0,0,0,1,0,0,0,1,0
0,0,0,1,0,0,0,1,0
0,0,0,1,0,0,0,1,0
0,0,0,1,0,0,0,1,0
0,0,0,1,0,0,0,1,0
0,0,0,1,0,0,0,1,0
0,0,0,1,0,0,0,1,0
0,0,0,1,0,0,0,1,0
0,0,0,1,0,0,0,1,0
0,0,0,1,0,0,0,1,0
0,0,0,1,0,0,0,1,0
0,0,0,1,0,0,0,1,0
0,0,0,1,0,0,0,1,0
0,0,0,1,0,0,0,1,0
0,0,0,1,0,0,0,1,0
0,0,0,1,0,0,0,1,0
0,0,0,1,0,0,0,1,0
0,0,0,1,0,0,0,1,0
0,0,0,1,0,0,0,1,0
0,0,0,1,0,0,0,1,0
0,0,0,1,0,0,0,1,0
0,0,0,1,0,0,0,1,0
0,0,0,1,0,0,0,1,0
0,0,0,1,0,0,0,1,0
0,0,0,1,0,0,0,1,0
0,0,0,1,0,0,0,1,0
0,0,0,1,0,0,0,1,0
0,0,0,1,0,0,0,1,0
0,0,0,1,0,0,0,1,0
0,0,0,1,0,0,0,1,0
0,0,0,1,0,0,0,1,0
0,0,0,1,0,0,0,1,0
0,0,0,1,0,0,0,1,0
0,0,0,1,0,0,0,1,0
0,0,0,1,0,0,0,1,0
0,0,0,1,0,0,0,1,0
0,0,0,1,0,0,0,1,0
0,0,0,1,0,0,0,1,0
0,0,0,1,0,0,0,1,0
0,0,0,1,0,0,0,1,0
0,0,0,1,0,0,0,1,0
0,0,0,1,0,0,0,1,0
0,0,0,1,0,0,0,1,0
0,0,0,1,0,0,0,1,0
0,0,0,1,0,0,0,1,0
0,0,0,1,0,0,0,1,0
0,0,0,1,0,0,0,1,0
0,0,0,1,0,0,0,1,0
0,0,0,1,0,0,0,1,0
0,0,0,1,0,0,0,1,0
0,0,0,1,0,0,0,1,0
0,0,0,1,0,0,0,1,0
0,0,0,1,0,0,0,1,0
0,0,0,1,0,0,0,1,0
0,0,0,1,0,0,0,1,0
0,0,0,1,0,0,0,1,0
0,0,0,1,0,0,0,1,0
0,0,0,1,0,0,0,1,0
0,0,0,1,0,0,0,1,0
0,0,0,1,0,0,0,1,0
0,0,0,1,0,0,0,1,0
0,0,0,1,0,0,0,1,0
0,0,0,1,0,0,0,1,0
0,0,0,1,0,0,0,1,0
0,0,0,1,0,0,0,1,0
0,0,0,1,0,0,0,1,0
0,0,0,1,0,0,0,1,0
0,0,0,1,0,0,0,1,0
0,0,0,1,0,0,0,1,0
0,0,0,1,0,0,0,1,0
0,0,0,1,0,0,0,1,0
0,0,0,1,0,0,0,1,0
0,0,0,1,0,0,0,1,0
0,0,0,1,0,0,0,1,0
0,0,0,1,0,0,0,1,0
0,0,0,1,0,0,0,1,0
0,0,0,1,0,0,0,1,0
0,0,0,1,0,0,0,1,0
0,0,0,1,0,0,0,1,0
0,0,0,1,0,0,0,1,0
0,0,0,1,0,0,0,1,0
0,0,0,1,0,0,0,1,0
0,0,0,1,0,0,0,1,0
0,0,0,1,0,0,0,1,0
0,0,0,1,0,0,0,1,0
0,0,0,1,0,0,0,1,0
0,0,0,1,0,0,0,1,0
0,0,0,1,0,0,0,1,0
0,0,0,1,0,0,0,1,0
0,0,0,1,0,0,0,1,0
0,0,0,1,0,0,0,1,0
0,0,0,1,0,0,0,1,0
0,0,0,1,0,0,0,1,0
0,0,0,1,0,0,0,1,0
0,0,0,1,0,0,0,1,0
0,0,0,1,0,0,0,1,0
0,0,0,1,0,0,0,1,0
0,0,0,1,0,0,0,1,0
0,0,0,1,0,0,0,1,0
0,0,0,1,0,0,0,1,0
0,0,0,1,0,0,0,1,0
0,0,0,1,0,0,0,1,0
0,0,0,1,0,0,0,1,0
0,0,0,1,0,0,0,1,0
0,0,0,1,0,0,0,1,0
0,0,0,1,0,0,0,1,0
0,0,0,1,0,0,0,1,0
0,0,0,1,0,0,0,1,0
0,0,0,1,0,0,0,1,0
0,0,0,1,0,0,0,1,0
0,0,0,1,0,0,0,1,0
0,0,0,1,0,0,0,1,0
0,0,0,1,0,0,0,1,0
0,0,0,1,0,0,0,1,0
0,0,0,1,0,0,0,1,0
0,0,0,1,0,0,0,1,0
0,0,0,1,0,0,0,1,0
0,0,0,1,0,0,0,1,0
0,0,0,1,0,0,0,1,0
0,0,0,1,0,0,0,1,0
0,0,0,1,0,0,0,1,0
0,0,0,1,0,0,0,1,0
0,0,0,1,0,0,0,1,0
0,0,0,1,0,0,0,1,0
0,0,0,1,0,0,0,1,0
0,0,0,1,0,0,0,1,0
0,0,0,1,0,0,0,1,0
0,0,0,1,0,0,0,1,0
0,0,0,1,0,0,0,1,0
0,0,0,1,0,0,0,1,0
0,0,0,1,0,0,0,1,0
0,0,0,1,0,0,0,1,0
0,0,0,1,0,0,0,1,0
0,1,0,1,1,0,0,1,0
1,1,0,1,1,0,0,1,0
1,0,0,1,0,0,0,1,0
1,0,0,1,0,0,0,1,0
1,0,0,1,0,0,0,1,0
1,0,0,1,0,0,0,1,0
1,0,0,1,0,0,0,1,0
1,0,0,1,0,0,0,1,0
1,0,0,1,0,0,0,1,0
1,0,0,1,0,0,0,1,0
1,0,0,1,0,0,0,1,0
1,0,0,1,0,0,0,1,0
1,0,0,1,0,0,0,1,0
1,0,0,1,0,0,0,1,0
1,0,0,1,0,0,0,1,0
1,0,0,1,0,0,0,1,0
1,0,0,1,0,0,0,1,0
1,0,0,1,0,0,0,1,0
1,0,0,1,0,0,0,1,0
1,0,0,1,0,0,0,1,0
1,0,0,1,0,0,0,1,0
1,0,0,1,0,0,0,1,0
1,0,0,1,0,0,0,1,0
1,0,0,1,0,0,0,1,0
0,0,1,1,0,0,0,1,1
0,0,0,1,0,0,0,1,0
0,0,0,1,0,0,0,1,0
0,0,0,1,0,0,0,1,0
0,0,0,1,0,0,0,1,0
0,0,0,1,0,0,0,1,0
0,0,0,1,0,0,0,1,0
0,0,0,1,0,0,0,1,0
0,0,0,1,0,0,0,1,0
0,0,0,1,0,0,0,1,0
0,0,0,1,0,0,0,1,0
0,0,0,1,0,0,0,1,0
0,0,0,1,0,0,0,1,0
0,0,0,1,0,0,0,1,0
0,0,0,1,0,0,0,1,0
0,0,0,1,0,0,0,1,0
0,0,0,1,0,0,0,1,0
0,0,0,1,0,0,0,1,0
0,0,0,1,0,0,0,1,0
0,0,0,1,0,0,0,1,0
0,0,0,1,0,0,0,1,0
0,0,0,1,0,0,0,1,0
0,0,0,1,0,0,0,1,0
0,0,0,1,0,0,0,1,0
0,0,0,1,0,0,0,1,0
0,0,0,1,0,0,0,1,0
0,0,0,1,0,0,0,1,0
0,0,0,1,0,0,0,1,0
0,0,0,1,0,0,0,1,0
0,0,0,1,0,0,0,1,0
0,0,0,1,0,0,0,1,0
0,0,0,1,0,0,0,1,0
0,0,0,1,0,0,0,1,0
0,0,0,1,0,0,0,1,0
0,0,0,1,0,0,0,1,0
0,0,0,1,0,0,0,1,0
0,0,0,1,0,0,0,1,0
0,0,0,1,0,0,0,1,0
0,0,0,1,0,0,0,1,0
0,0,0,1,0,0,0,1,0
0,0,0,1,0,0,0,1,0
0,0,0,1,0,0,0,1,0
0,0,0,1,0,0,0,1,0
0,0,0,1,0,0,0,1,0
0,0,0,1,0,0,0,1,0
0,0,0,1,0,0,0,1,0
0,0,0,1,0,1,0,1,0
1,0,0,1,0,1,0,1,0
1,0,0,1,0,0,0,1,0
1,0,0,1,0,0,0,1,0
1,0,0,1,0,0,0,1,0
1,0,0,1,0,0,0,1,0
1,0,0,1,0,0,0,1,0
0,0,0,1,0,0,1,1,0
0,0,0,1,0,0,0,1,0
0,0,0,1,0,0,0,1,0
0,0,0,1,0,0,0,1,0
0,0,0,1,0,0,0,1,0
0,0,0,1,0,0,0,1,0
0,0,0,1,0,0,0,1,0
0,0,0,1,0,0,0,1,0
0,0,0,1,0,0,0,1,0
0,0,0,1,0,0,0,1,0
0,0,0,1,0,0,0,1,0
0,0,0,1,0,0,0,1,0
0,0,0,1,0,0,0,1,0
0,0,0,1,0,0,0,1,0
0,0,0,1,0,0,0,1,0
0,0,0,1,0,0,0,1,0
0,0,0,1,0,0,0,1,0
0,0,0,1,0,0,0,1,0
0,0,0,1,0,0,0,1,0
0,0,0,1,0,0,0,1,0
0,0,0,1,0,0,0,1,0
0,0,0,1,0,0,0,1,0
0,0,0,1,0,0,0,1,0
0,1,0,1,0,0,0,1,0
1,1,0,1,0,0,0,1,0
1,0,0,1,0,0,0,1,0
1,0,0,1,0,0,0,1,0
1,0,0,1,0,0,0,1,0
1,0,0,1,0,0,0,1,0
1,0,0,1,0,0,0,1,0
1,0,0,1,0,0,0,1,0
1,0,0,1,0,0,0,1,0
1,0,0,1,0,0,0,1,0
1,0,0,1,0,0,0,1,0
1,0,0,1,0,0,0,1,0
1,0,0,1,0,0,0,1,0
1,0,0,1,0,0,0,1,0
1,0,0,1,0,0,0,1,0
1,0,0,1,0,0,0,1,0
1,0,0,1,0,0,0,1,0
1,0,0,1,0,0,0,1,0
1,0,0,1,0,0,0,1,0
1,0,0,1,0,0,0,1,0
1,0,0,1,0,0,0,1,0
1,0,0,1,0,0,0,1,0
1,0,0,1,0,0,0,1,0
1,0,0,1,0,0,0,1,0
0,0,1,1,0,0,0,1,1
0,0,0,1,0,0,0,1,0
0,0,0,1,0,0,0,1,0
0,0,0,1,0,0,0,1,0
0,0,0,1,0,0,0,1,0
0,0,0,1,0,0,0,1,0
0,0,0,1,0,0,0,1,0
0,0,0,1,0,0,0,1,0
0,0,0,1,0,0,0,1,0
0,0,0,1,0,0,0,1,0
0,0,0,1,0,0,0,1,0
0,0,0,1,0,0,0,1,0
0,0,0,1,0,0,0,1,0
0,0,0,1,0,0,0,1,0
0,0,0,1,0,0,0,1,0
0,0,0,1,0,0,0,1,0
0,0,0,1,0,0,0,1,0
0,0,0,1,0,0,0,1,0
0,0,0,1,0,0,0,1,0
0,0,0,1,0,0,0,1,0
0,0,0,1,0,0,0,1,0
0,0,0,1,0,0,0,1,0
0,0,0,1,0,0,0,1,0
0,0,0,1,0,0,0,1,0
0,0,0,1,0,0,0,1,0
0,0,0,1,0,0,0,1,0
0,0,0,1,0,0,0,1,0
0,0,0,1,0,0,0,1,0
0,0,0,1,0,0,0,1,0
0,0,0,1,0,0,0,1,0
0,0,0,1,0,0,0,1,0
0,0,0,1,0,0,0,1,0
0,0,0,1,0,0,0,1,0
0,0,0,1,0,0,0,1,0
0,0,0,1,0,0,0,1,0
0,0,0,1,0,0,0,1,0
0,0,0,1,0,0,0,1,0
0,0,0,1,0,0,0,1,0
0,0,0,1,0,0,0,1,0
0,0,0,1,0,0,0,1,0
0,0,0,1,0,0,0,1,0
0,0,0,1,0,0,0,1,0
0,0,0,1,0,0,0,1,0
0,0,0,1,0,0,0,1,0
0,0,0,1,0,0,0,1,0
0,0,0,1,0,0,0,1,0
0,0,0,1,0,0,0,1,0
0,0,0,1,0,0,0,1,0
0,0,0,1,0,0,0,1,0
0,0,0,1,0,0,0,1,0
0,0,0,1,0,0,0,1,0
0,0,0,1,0,0,0,1,0
0,0,0,1,0,0,0,1,0
0,0,0,1,0,0,0,1,0
0,0,0,1,0,0,0,1,0
0,0,0,1,0,0,0,1,0
0,0,0,1,0,0,0,1,0
0,0,0,1,0,0,0,1,0
0,0,0,1,0,0,0,1,0
0,0,0,1,0,0,0,1,0
0,0,0,1,0,0,0,1,0
0,0,0,1,0,0,0,1,0
0,0,0,1,0,0,0,1,0
0,0,0,1,0,0,0,1,0
0,0,0,1,0,0,0,1,0
0,0,0,1,0,0,0,1,0
0,0,0,1,0,0,0,1,0
0,0,0,1,0,0,0,1,0
0,0,0,1,0,0,0,1,0
0,0,0,1,0,0,0,1,0
0,0,0,1,0,0,0,1,0
0,0,0,1,0,0,0,1,0
0,0,0,1,0,0,0,1,0
0,0,0,1,0,0,0,1,0
0,0,0,1,0,0,0,1,0
0,0,0,1,0,0,0,1,0
0,0,0,1,0,0,0,1,0
0,0,0,1,0,0,0,1,0
0,0,0,1,0,0,0,1,0
0,0,0,1,0,0,0,1,0
0,0,0,1,0,0,0,1,0
0,0,0,1,0,0,0,1,0
0,0,0,1,0,0,0,1,0
0,0,0,1,0,0,0,1,0
0,0,0,1,0,0,0,1,0
0,0,0,1,0,0,0,1,0
0,0,0,1,0,0,0,1,0
0,0,0,1,0,0,0,1,0
0,0,0,1,0,0,0,1,0
0,0,0,1,0,0,0,1,0
0,0,0,1,0,0,0,1,0
0,0,0,1,0,0,0,1,0
0,0,0,1,0,0,0,1,0
0,0,0,1,0,0,0,1,0
0,0,0,1,0,0,0,1,0
0,0,0,1,0,0,0,1,0
0,0,0,1,0,0,0,1,0
0,0,0,1,0,0,0,1,0
0,0,0,1,0,0,0,1,0
0,0,0,1,0,0,0,1,0
0,0,0,1,0,0,0,1,0
0,0,0,1,0,0,0,1,0
0,0,0,1,0,0,0,1,0
0,0,0,1,0,0,0,1,0
0,0,0,1,0,0,0,1,0
0,0,0,1,0,0,0,1,0
0,0,0,1,0,0,0,1,0
0,0,0,1,0,0,0,1,0
0,0,0,1,0,0,0,1,0
0,0,0,1,0,0,0,1,0
0,0,0,1,0,0,0,1,0
0,0,0,1,0,0,0,1,0
0,0,0,1,0,0,0,1,0
0,0,0,1,0,0,0,1,0
0,0,0,1,0,0,0,1,0
0,0,0,1,0,0,0,1,0
0,0,0,1,0,0,0,1,0
0,0,0,1,0,0,0,1,0
0,0,0,1,0,0,0,1,0
0,0,0,1,0,0,0,1,0
0,0,0,1,0,0,0,1,0
0,0,0,1,0,0,0,1,0
0,0,0,1,0,0,0,1,0
0,0,0,1,0,0,0,1,0
0,0,0,1,0,0,0,1,0
0,0,0,1,0,0,0,1,0
0,0,0,1,0,0,0,1,0
0,0,0,1,0,0,0,1,0
0,0,0,1,0,0,0,1,0
0,0,0,1,0,0,0,1,0
0,0,0,1,0,0,0,1,0
0,0,0,1,0,0,0,1,0
0,0,0,1,0,0,0,1,0
0,0,0,1,0,0,0,1,0
0,0,0,1,0,0,0,1,0
0,0,0,1,0,0,0,1,0
0,0,0,1,0,0,0,1,0
0,0,0,1,0,0,0,1,0
0,0,0,1,0,0,0,1,0
0,0,0,1,0,0,0,1,0
0,0,0,1,0,0,0,1,0
0,0,0,1,0,0,0,1,0
0,0,0,1,0,0,0,1,0
0,0,0,1,0,0,0,1,0
0,0,0,1,0,0,0,1,0
0,0,0,1,0,0,0,1,0
0,0,0,1,0,0,0,1,0
0,0,0,1,0,0,0,1,0
0,0,0,1,0,0,0,1,0
0,0,0,1,0,0,0,1,0
0,0,0,1,0,0,0,1,0
0,0,0,1,0,0,0,1,0
0,0,0,1,0,0,0,1,0
0,0,0,1,0,0,0,1,0
0,0,0,1,0,0,0,1,0
0,0,0,1,0,0,0,1,0
0,0,0,1,0,0,0,1,0
0,0,0,1,0,0,0,1,0
0,0,0,1,0,0,0,1,0
0,0,0,1,0,0,0,1,0
0,0,0,1,0,0,0,1,0
0,0,0,1,0,0,0,1,0
0,0,0,1,0,0,0,1,0
0,0,0,1,0,0,0,1,0
0,0,0,1,0,0,0,1,0
0,0,0,1,0,0,0,1,0
0,0,0,1,0,0,0,1,0
0,0,0,1,0,0,0,1,0
0,0,0,1,0,0,0,1,0
0,0,0,1,0,0,0,1,0
0,0,0,1,0,0,0,1,0
0,0,0,1,0,0,0,1,0
0,0,0,1,0,0,0,1,0
0,0,0,1,0,0,0,1,0
0,0,0,1,0,0,0,1,0
0,0,0,1,0,0,0,1,0
0,0,0,1,0,0,0,1,0
0,0,0,1,0,0,0,1,0
0,0,0,1,0,0,0,1,0
0,0,0,1,0,0,0,1,0
0,0,0,1,0,0,0,1,0
0,0,0,1,0,0,0,1,0
0,0,0,1,0,0,0,1,0
0,0,0,1,0,0,0,1,0
0,0,0,1,0,0,0,1,0
0,0,0,1,0,0,0,1,0
0,0,0,1,0,0,0,1,0
0,0,0,1,0,0,0,1,0
0,0,0,1,0,0,0,1,0
0,0,0,1,0,0,0,1,0
0,0,0,1,0,0,0,1,0
0,0,0,1,0,0,0,1,0
0,0,0,1,0,0,0,1,0
0,0,0,1,0,0,0,1,0
0,0,0,1,0,0,0,1,0
